court_number,county_name,dataset,race,adjusted_total,jury_count,jury_pool_pct,county_population_pct,representation_gap,census_probability,expected_count,observed_minus_expected,exact_p_value,statistically_significant,below_expected_1sd,below_expected_2sd,binomial_result
011,Adair,Overall Pool,Asian,715,3,0.42,0.3083109919571046,0.1116890080428954,0.003083109919571046,2.2044235924932982,0.7955764075067018,0.8187241652220648,FALSE,FALSE,FALSE,At or above expected
011,Adair,Overall Pool,Native Hawaiian/Pacific Islander,715,0,0,0.06702412868632708,-0.06702412868632708,6.702412868632708e-4,0.4792225201072386,-0.4792225201072386,0.6191651817807162,FALSE,FALSE,FALSE,"Below expected, not significant"
011,Adair,Overall Pool,White,715,699,97.76,93.05630026809652,4.703699731903484,0.9305630026809653,665.3525469168901,33.647453083109895,0.9999999966723796,FALSE,FALSE,FALSE,At or above expected
011,Adair,Overall Pool,American Indian/Alaskan Native,715,1,0.14,0.17426273458445038,-0.03426273458445036,0.0017426273458445037,1.2459785522788203,-0.24597855227882026,0.645999733453206,FALSE,FALSE,FALSE,"Below expected, not significant"
011,Adair,Overall Pool,Black/African American,715,4,0.56,1.5415549597855227,-0.9815549597855228,0.015415549597855228,11.022117962466488,-7.0221179624664884,0.014340710546426967,TRUE,TRUE,TRUE,Significantly underrepresented
011,Adair,Overall Pool,Multiracial,715,2,0.28,2.6943699731903483,-2.4143699731903485,0.026943699731903484,19.264745308310992,-17.264745308310992,7.146968757352098e-7,TRUE,TRUE,TRUE,Significantly underrepresented
011,Adair,Overall Pool,HLSO Ethnicity,715,13,1.82,3.1501340482573728,-1.3301340482573727,0.03150134048257373,22.523458445040216,-9.523458445040216,0.020308600487247436,TRUE,TRUE,TRUE,Significantly underrepresented
021,Adams,Overall Pool,Native Hawaiian/Pacific Islander,661,0,0,0,0,0,0,0,1,FALSE,FALSE,FALSE,Equal to expected
021,Adams,Overall Pool,White,661,643,97.28,94.47818884594147,2.8018111540585267,0.9447818884594148,624.5008282716732,18.499171728326814,0.9998109398434936,FALSE,FALSE,FALSE,At or above expected
021,Adams,Overall Pool,Multiracial,661,4,0.61,4.527885146327995,-3.917885146327995,0.04527885146327995,29.92932081722805,-25.92932081722805,2.2725480500791014e-9,TRUE,TRUE,TRUE,Significantly underrepresented
021,Adams,Overall Pool,Black/African American,661,2,0.3,0.3036996134732192,-0.00369961347321923,0.003036996134732192,2.007454445057979,-0.007454445057978987,0.674655863715045,FALSE,FALSE,FALSE,"Below expected, not significant"
021,Adams,Overall Pool,American Indian/Alaskan Native,661,0,0,0.22087244616234128,-0.22087244616234128,0.0022087244616234127,1.4599668691330758,-1.4599668691330758,0.23186926490881377,FALSE,FALSE,FALSE,"Below expected, not significant"
021,Adams,Overall Pool,HLSO Ethnicity,661,8,1.21,1.7393705135284372,-0.5293705135284372,0.017393705135284373,11.497239094422971,-3.497239094422971,0.18844542595112665,FALSE,FALSE,FALSE,"Below expected, not significant"
021,Adams,Overall Pool,Asian,661,5,0.76,0,0.76,0,0,5,1,FALSE,FALSE,FALSE,At or above expected
031,Allamakee,Overall Pool,Multiracial,994,7,0.7,6.585296622196991,-5.885296622196991,0.06585296622196991,65.4578484246381,-58.4578484246381,7.001573170171617e-21,TRUE,TRUE,TRUE,Significantly underrepresented
031,Allamakee,Overall Pool,HLSO Ethnicity,994,32,3.22,9.147033778030089,-5.927033778030086,0.09147033778030089,90.92151575361909,-58.92151575361909,1.352298770074606e-13,TRUE,TRUE,TRUE,Significantly underrepresented
031,Allamakee,Overall Pool,White,994,953,95.88,86.52426908884473,9.355730911155264,0.8652426908884473,860.0512347431167,92.94876525688335,1,FALSE,FALSE,FALSE,At or above expected
031,Allamakee,Overall Pool,Black/African American,994,5,0.5,1.823729775759296,-1.323729775759296,0.01823729775759296,18.127873971047404,-13.127873971047404,2.693282899866951e-4,TRUE,TRUE,TRUE,Significantly underrepresented
031,Allamakee,Overall Pool,American Indian/Alaskan Native,994,5,0.5,0.8799318762418393,-0.3799318762418394,0.008799318762418393,8.746522849843883,-3.746522849843883,0.13085179635598415,FALSE,TRUE,FALSE,"Below expected, not significant"
031,Allamakee,Overall Pool,Asian,994,6,0.6,0.40448481407891,0.19551518592108996,0.0040448481407891,4.020579051944366,1.9794209480556342,0.8875933114157435,FALSE,FALSE,FALSE,At or above expected
031,Allamakee,Overall Pool,Native Hawaiian/Pacific Islander,994,0,0,0,0,0,0,0,1,FALSE,FALSE,FALSE,Equal to expected
041,Appanoose,Overall Pool,White,836,812,97.13,93.75410374261324,3.375896257386742,0.9375410374261324,783.7843072882466,28.215692711753377,0.9999973534772808,FALSE,FALSE,FALSE,At or above expected
041,Appanoose,Overall Pool,Native Hawaiian/Pacific Islander,836,0,0,0,0,0,0,0,1,FALSE,FALSE,FALSE,Equal to expected
041,Appanoose,Overall Pool,American Indian/Alaskan Native,836,4,0.48,0.02462245567957977,0.4553775443204202,2.462245567957977e-4,0.20584372948128687,3.7941562705187133,0.9999974330013921,FALSE,FALSE,FALSE,At or above expected
041,Appanoose,Overall Pool,Asian,836,8,0.96,0.9110308601444516,0.04896913985554829,0.009110308601444515,7.616217990807614,0.3837820091923856,0.6461945664836752,FALSE,FALSE,FALSE,At or above expected
041,Appanoose,Overall Pool,Black/African American,836,5,0.6,0.8207485226526593,-0.22074852265265932,0.008207485226526593,6.861457649376232,-1.8614576493762316,0.31773281028332934,FALSE,FALSE,FALSE,"Below expected, not significant"
041,Appanoose,Overall Pool,HLSO Ethnicity,836,8,0.96,2.0436638214051213,-1.0836638214051213,0.020436638214051214,17.085029546946814,-9.085029546946814,0.011371132448404384,TRUE,TRUE,TRUE,Significantly underrepresented
041,Appanoose,Overall Pool,Multiracial,836,4,0.48,3.0039395929087327,-2.5239395929087327,0.030039395929087328,25.112934996717005,-21.112934996717005,1.8429801560201136e-7,TRUE,TRUE,TRUE,Significantly underrepresented
051,Audubon,Overall Pool,American Indian/Alaskan Native,976,3,0.31,0.1786033220217896,0.1313966779782104,0.001786033220217896,1.7431684229326665,1.2568315770673335,0.9004210702027532,FALSE,FALSE,FALSE,At or above expected
051,Audubon,Overall Pool,Asian,976,3,0.31,0.05358099660653688,0.25641900339346313,5.358099660653688e-4,0.5229505268797999,2.4770494731202,0.9979507732978457,FALSE,FALSE,FALSE,At or above expected
051,Audubon,Overall Pool,Native Hawaiian/Pacific Islander,976,0,0,0.2500446508305055,-0.2500446508305055,0.0025004465083050546,2.4404357921057334,-2.4404357921057334,0.08685701854496918,FALSE,TRUE,FALSE,"Below expected, not significant"
051,Audubon,Overall Pool,Multiracial,976,2,0.2,3.3398821218074657,-3.1398821218074655,0.03339882121807466,32.59724950884087,-30.597249508840868,2.4073771841123773e-12,TRUE,TRUE,TRUE,Significantly underrepresented
051,Audubon,Overall Pool,HLSO Ethnicity,976,14,1.43,2.5004465083050547,-1.0704465083050547,0.025004465083050546,24.404357921057333,-10.404357921057333,0.015448708192509595,TRUE,TRUE,TRUE,Significantly underrepresented
051,Audubon,Overall Pool,White,976,952,97.54,93.83818539024828,3.701814609751736,0.9383818539024829,915.8606894088233,36.139310591176695,0.9999999815851719,FALSE,FALSE,FALSE,At or above expected
051,Audubon,Overall Pool,Black/African American,976,6,0.61,0.500089301661011,0.10991069833898905,0.005000893016610109,4.880871584211467,1.1191284157885333,0.7797876864672593,FALSE,FALSE,FALSE,At or above expected
061,Benton,Overall Pool,HLSO Ethnicity,1761,28,1.59,1.97092209609703,-0.3809220960970298,0.0197092209609703,34.7079381122687,-6.7079381122687,0.14243093132553483,FALSE,TRUE,FALSE,"Below expected, not significant"
061,Benton,Overall Pool,Multiracial,1761,17,0.97,3.253770797698647,-2.283770797698647,0.03253770797698647,57.298903747473176,-40.298903747473176,2.477903372851079e-10,TRUE,TRUE,TRUE,Significantly underrepresented
061,Benton,Overall Pool,Native Hawaiian/Pacific Islander,1761,1,0.06,0,0.06,0,0,1,1,FALSE,FALSE,FALSE,At or above expected
061,Benton,Overall Pool,Asian,1761,3,0.17,0.2332452184730213,-0.06324521847302128,0.002332452184730213,4.107448297309905,-1.1074482973099053,0.41251935984152316,FALSE,FALSE,FALSE,"Below expected, not significant"
061,Benton,Overall Pool,American Indian/Alaskan Native,1761,5,0.28,0.10107292800497587,0.17892707199502414,0.0010107292800497587,1.779894262167625,3.220105737832375,0.9901768322889395,FALSE,FALSE,FALSE,At or above expected
061,Benton,Overall Pool,Black/African American,1761,5,0.28,0.4159539729435547,-0.13595397294355466,0.004159539729435547,7.324949463535998,-2.324949463535998,0.2605819488577639,FALSE,FALSE,FALSE,"Below expected, not significant"
061,Benton,Overall Pool,White,1761,1716,97.44,94.43710153941844,3.002898460581548,0.9443710153941843,1663.0373581091585,52.962641890841496,0.9999999996772082,FALSE,FALSE,FALSE,At or above expected
071,Black Hawk,Overall Pool,Black/African American,16467,1586,9.63,9.259895153721128,0.3701048462788741,0.09259895153721129,1524.8269349632583,61.17306503674172,0.9507082954143296,FALSE,FALSE,FALSE,At or above expected
071,Black Hawk,Overall Pool,Multiracial,16467,287,1.74,5.085120832665644,-3.3451208326656436,0.05085120832665644,837.3668475150516,-550.3668475150516,6.816264448797002e-112,TRUE,TRUE,TRUE,Significantly underrepresented
071,Black Hawk,Overall Pool,Native Hawaiian/Pacific Islander,16467,54,0.33,0.7356027134888476,-0.4056027134888476,0.0073560271348884765,121.13169883020855,-67.13169883020855,5.208566187304085e-12,TRUE,TRUE,TRUE,Significantly underrepresented
071,Black Hawk,Overall Pool,American Indian/Alaskan Native,16467,41,0.25,0.2914940213202695,-0.04149402132026952,0.002914940213202695,48.00032049080878,-7.000320490808782,0.17426500019302543,FALSE,FALSE,FALSE,"Below expected, not significant"
071,Black Hawk,Overall Pool,Asian,16467,412,2.5,2.7203565078711014,-0.2203565078711014,0.027203565078711012,447.96110615113423,-35.96110615113423,0.04330125545269376,TRUE,TRUE,FALSE,Significantly underrepresented
071,Black Hawk,Overall Pool,White,16467,13613,82.67,78.06011491884715,4.609885081152854,0.7806011491884715,12854.159123686559,758.8408763134412,1,FALSE,FALSE,FALSE,At or above expected
071,Black Hawk,Overall Pool,HLSO Ethnicity,16467,581,3.53,5.235446283451228,-1.7054462834512285,0.05235446283451228,862.1209394959137,-281.1209394959137,1.2331724274865438e-25,TRUE,TRUE,TRUE,Significantly underrepresented
081,Boone,Overall Pool,American Indian/Alaskan Native,5730,12,0.21,0.04124793760311984,0.16875206239688015,4.1247937603119836e-4,2.3635068246587667,9.636493175341233,0.9999987096283558,FALSE,FALSE,FALSE,At or above expected
081,Boone,Overall Pool,Black/African American,5730,37,0.65,1.1511924403779812,-0.5011924403779812,0.011511924403779811,65.96332683365831,-28.963326833658314,6.847880314575948e-5,TRUE,TRUE,TRUE,Significantly underrepresented
081,Boone,Overall Pool,Multiracial,5730,67,1.17,3.858557072146393,-2.688557072146393,0.03858557072146393,221.09532023398833,-154.09532023398833,5.371647878656331e-35,TRUE,TRUE,TRUE,Significantly underrepresented
081,Boone,Overall Pool,HLSO Ethnicity,5730,111,1.94,2.9361031948402583,-0.9961031948402584,0.02936103194840258,168.2387130643468,-57.2387130643468,1.230290907266263e-6,TRUE,TRUE,TRUE,Significantly underrepresented
081,Boone,Overall Pool,Asian,5730,18,0.31,0.19874006299685015,0.11125993700314982,0.0019874006299685017,11.387805609719514,6.612194390280486,0.9760792610591468,FALSE,FALSE,FALSE,At or above expected
081,Boone,Overall Pool,White,5730,5522,96.37,92.88660566971652,3.483394330283488,0.9288660566971652,5322.402504874756,199.59749512524377,1,FALSE,FALSE,FALSE,At or above expected
081,Boone,Overall Pool,Native Hawaiian/Pacific Islander,5730,0,0,0,0,0,0,0,1,FALSE,FALSE,FALSE,Equal to expected
091,Bremer,Overall Pool,White,1018,987,96.95,92.27106808443104,4.678931915568967,0.9227106808443104,939.319473099508,47.680526900492055,0.9999999999128066,FALSE,FALSE,FALSE,At or above expected
091,Bremer,Overall Pool,Native Hawaiian/Pacific Islander,1018,0,0,0.03174099349309633,-0.03174099349309633,3.174099349309633e-4,0.32312331375972064,-0.32312331375972064,0.7238474553049661,FALSE,FALSE,FALSE,"Below expected, not significant"
091,Bremer,Overall Pool,American Indian/Alaskan Native,1018,1,0.1,0.0476114902396445,0.0523885097603555,4.76114902396445e-4,0.484684970639581,0.515315029360419,0.9144410372244809,FALSE,FALSE,FALSE,At or above expected
091,Bremer,Overall Pool,Black/African American,1018,11,1.08,1.146643389938105,-0.06664338993810492,0.01146643389938105,11.672829709569909,-0.6728297095699087,0.4990230613039135,FALSE,FALSE,FALSE,"Below expected, not significant"
091,Bremer,Overall Pool,Multiracial,1018,8,0.79,3.7890810982383742,-2.9990810982383747,0.03789081098238374,38.57284558006665,-30.572845580066648,1.673305490062888e-9,TRUE,TRUE,TRUE,Significantly underrepresented
091,Bremer,Overall Pool,Asian,1018,6,0.59,0.8966830661799714,-0.30668306617997143,0.008966830661799714,9.128233613712109,-3.1282336137121085,0.19412043577171578,FALSE,FALSE,FALSE,"Below expected, not significant"
091,Bremer,Overall Pool,HLSO Ethnicity,1018,14,1.38,2.0949055705443578,-0.7149055705443579,0.020949055705443576,21.32613870814156,-7.32613870814156,0.06091716437155823,FALSE,TRUE,FALSE,"Below expected, not significant"
101,Buchanan,Overall Pool,HLSO Ethnicity,1546,17,1.1,1.9329274185754328,-0.8329274185754325,0.01932927418575433,29.883057891176193,-12.883057891176193,0.007238699861829346,TRUE,TRUE,TRUE,Significantly underrepresented
101,Buchanan,Overall Pool,Multiracial,1546,11,0.71,2.4983086885087467,-1.7883086885087467,0.024983086885087467,38.62385232434522,-27.623852324345222,1.2862997780919366e-7,TRUE,TRUE,TRUE,Significantly underrepresented
101,Buchanan,Overall Pool,Native Hawaiian/Pacific Islander,1546,0,0,0.06282014110370156,-0.06282014110370156,6.282014110370156e-4,0.9711993814632262,-0.9711993814632262,0.37851311238051466,FALSE,FALSE,FALSE,"Below expected, not significant"
101,Buchanan,Overall Pool,Black/African American,1546,8,0.52,0.599207499758384,-0.07920749975838404,0.00599207499758384,9.263747946264617,-1.2637479462646173,0.4209603882741451,FALSE,FALSE,FALSE,"Below expected, not significant"
101,Buchanan,Overall Pool,Asian,1546,8,0.52,0.19329274185754325,0.32670725814245677,0.0019329274185754324,2.9883057891176183,5.011694210882382,0.9963292268047098,FALSE,FALSE,FALSE,At or above expected
101,Buchanan,Overall Pool,White,1546,1506,97.41,94.95022711897168,2.4597728810283144,0.9495022711897169,1467.9305112593022,38.06948874069781,0.9999995494350665,FALSE,FALSE,FALSE,At or above expected
101,Buchanan,Overall Pool,American Indian/Alaskan Native,1546,2,0.13,0.2802744756934377,-0.15027447569343771,0.0028027447569343774,4.333043394220548,-2.3330433942205477,0.1928428572529445,FALSE,FALSE,FALSE,"Below expected, not significant"
111,Buena Vista,Overall Pool,American Indian/Alaskan Native,1329,4,0.3,0.4095793379270467,-0.10957933792704672,0.004095793379270467,5.443309401050451,-1.4433094010504508,0.36595077957680244,FALSE,FALSE,FALSE,"Below expected, not significant"
111,Buena Vista,Overall Pool,HLSO Ethnicity,1329,273,20.54,29.364429239146144,-8.824429239146145,0.29364429239146145,390.25326458825225,-117.25326458825225,1.7235547678727474e-13,TRUE,TRUE,TRUE,Significantly underrepresented
111,Buena Vista,Overall Pool,Multiracial,1329,11,0.83,12.54758348190623,-11.71758348190623,0.1254758348190623,166.7573844745338,-155.7573844745338,1.2731160006448506e-60,TRUE,TRUE,TRUE,Significantly underrepresented
111,Buena Vista,Overall Pool,Black/African American,1329,14,1.05,3.2718161229701734,-2.221816122970173,0.03271816122970173,43.4824362742736,-29.482436274273603,1.3377753263562977e-7,TRUE,TRUE,TRUE,Significantly underrepresented
111,Buena Vista,Overall Pool,White,1329,1016,76.45,52.07921746253553,24.37078253746447,0.5207921746253553,692.1328000770973,323.8671999229027,1,FALSE,FALSE,FALSE,At or above expected
111,Buena Vista,Overall Pool,Native Hawaiian/Pacific Islander,1329,21,1.58,2.929696911289934,-1.349696911289934,0.029296969112899342,38.935671951043226,-17.935671951043226,0.0010872678317644662,TRUE,TRUE,TRUE,Significantly underrepresented
111,Buena Vista,Overall Pool,Asian,1329,100,7.52,9.550426444369489,-2.030426444369489,0.09550426444369489,126.92516744567051,-26.92516744567051,0.005583851557065954,TRUE,TRUE,TRUE,Significantly underrepresented
121,Butler,Overall Pool,Native Hawaiian/Pacific Islander,945,1,0.11,0,0.11,0,0,1,1,FALSE,FALSE,FALSE,At or above expected
121,Butler,Overall Pool,Black/African American,945,3,0.32,0.16820857863751051,0.1517914213624895,0.001682085786375105,1.5895710681244744,1.4104289318755256,0.9227795435619887,FALSE,FALSE,FALSE,At or above expected
121,Butler,Overall Pool,Multiracial,945,4,0.42,2.7123633305298567,-2.2923633305298567,0.027123633305298565,25.631833473507143,-21.631833473507143,1.2105330520540693e-7,TRUE,TRUE,TRUE,Significantly underrepresented
121,Butler,Overall Pool,White,945,926,97.99,94.56826464816372,3.4217353518362756,0.9456826464816372,893.6701009251472,32.32989907485285,0.9999999603115983,FALSE,FALSE,FALSE,At or above expected
121,Butler,Overall Pool,HLSO Ethnicity,945,11,1.16,1.7451640033641715,-0.5851640033641716,0.017451640033641715,16.491799831791422,-5.491799831791422,0.1023835681477565,FALSE,TRUE,FALSE,"Below expected, not significant"
121,Butler,Overall Pool,American Indian/Alaskan Native,945,1,0.11,0.04906083543594056,0.06093916456405943,4.906083543594056e-4,0.46362489486963826,0.5363751051303618,0.9206576510854411,FALSE,FALSE,FALSE,At or above expected
121,Butler,Overall Pool,Asian,945,2,0.21,1.254555649004766,-1.044555649004766,0.01254555649004766,11.855550883095038,-9.855550883095038,5.59846786422586e-4,TRUE,TRUE,TRUE,Significantly underrepresented
131,Calhoun,Overall Pool,White,581,560,96.39,91.3393859022748,5.050614097725187,0.913393859022748,530.6818320922166,29.31816790778339,0.9999995725173376,FALSE,FALSE,FALSE,At or above expected
131,Calhoun,Overall Pool,Multiracial,581,5,0.86,4.590431500561053,-3.730431500561053,0.04590431500561053,26.670407018259716,-21.670407018259716,2.3488514992589205e-7,TRUE,TRUE,TRUE,Significantly underrepresented
131,Calhoun,Overall Pool,Native Hawaiian/Pacific Islander,581,1,0.17,0,0.17,0,0,1,1,FALSE,FALSE,FALSE,At or above expected
131,Calhoun,Overall Pool,American Indian/Alaskan Native,581,0,0,0.17341630113230644,-0.17341630113230644,0.0017341630113230644,1.0075487095787004,-1.0075487095787004,0.3647936791754064,FALSE,FALSE,FALSE,"Below expected, not significant"
131,Calhoun,Overall Pool,HLSO Ethnicity,581,9,1.55,2.713455064776089,-1.163455064776089,0.02713455064776089,15.765173926349076,-6.765173926349076,0.046403298849129894,TRUE,TRUE,FALSE,Significantly underrepresented
131,Calhoun,Overall Pool,Black/African American,581,6,1.03,1.6117515046414363,-0.5817515046414363,0.016117515046414364,9.364276241966746,-3.3642762419667456,0.17339240653550075,FALSE,FALSE,FALSE,"Below expected, not significant"
131,Calhoun,Overall Pool,Asian,581,2,0.34,0.2244210955829848,0.11557890441701524,0.002244210955829848,1.3038865653371416,0.6961134346628584,0.8563972103257548,FALSE,FALSE,FALSE,At or above expected
141,Carroll,Overall Pool,Multiracial,1186,9,0.76,5.190832281246966,-4.430832281246966,0.051908322812469654,61.56327085558901,-52.56327085558901,2.2274458240524937e-17,TRUE,TRUE,TRUE,Significantly underrepresented
141,Carroll,Overall Pool,Black/African American,1186,9,0.76,0.6749538700592406,0.08504612994075944,0.0067495387005924055,8.004952898902593,0.9950471010974073,0.7164290402333511,FALSE,FALSE,FALSE,At or above expected
141,Carroll,Overall Pool,HLSO Ethnicity,1186,25,2.11,3.4961639312421093,-1.3861639312421097,0.03496163931242109,41.46450422453142,-16.464504224531417,0.003620014787529924,TRUE,TRUE,TRUE,Significantly underrepresented
141,Carroll,Overall Pool,Asian,1186,6,0.51,0.18937554627561423,0.32062445372438575,0.0018937554627561422,2.2459939788287846,3.7540060211712154,0.9917707541273578,FALSE,FALSE,FALSE,At or above expected
141,Carroll,Overall Pool,American Indian/Alaskan Native,1186,1,0.08,0.10682723123239778,-0.02682723123239777,0.0010682723123239778,1.2669709624162375,-0.2669709624162375,0.6385175495972364,FALSE,FALSE,FALSE,"Below expected, not significant"
141,Carroll,Overall Pool,Native Hawaiian/Pacific Islander,1186,0,0,0,0,0,0,0,1,FALSE,FALSE,FALSE,Equal to expected
141,Carroll,Overall Pool,White,1186,1150,96.96,91.92968825871614,5.030311741283853,0.9192968825871614,1090.2861027483734,59.71389725162658,0.9999999999998346,FALSE,FALSE,FALSE,At or above expected
151,Cass,Overall Pool,Multiracial,1723,11,0.64,2.3518631643249845,-1.7118631643249844,0.023518631643249844,40.52260232131948,-29.522602321319482,3.192911881628424e-8,TRUE,TRUE,TRUE,Significantly underrepresented
151,Cass,Overall Pool,HLSO Ethnicity,1723,22,1.28,2.7260232131948685,-1.4460232131948685,0.027260232131948683,46.969379963347585,-24.969379963347585,3.227641561975003e-5,TRUE,TRUE,TRUE,Significantly underrepresented
151,Cass,Overall Pool,Black/African American,1723,6,0.35,0.901038485033598,-0.5510384850335981,0.00901038485033598,15.524893097128894,-9.524893097128894,0.00530525655426367,TRUE,TRUE,TRUE,Significantly underrepresented
151,Cass,Overall Pool,American Indian/Alaskan Native,1723,8,0.46,0.32834453268173486,0.13165546731826516,0.0032834453268173486,5.657376298106292,2.342623701893708,0.8808759817486038,FALSE,FALSE,FALSE,At or above expected
151,Cass,Overall Pool,Asian,1723,7,0.41,0.5192425167990227,-0.1092425167990227,0.005192425167990226,8.946548564447161,-1.946548564447161,0.3295934481332248,FALSE,FALSE,FALSE,"Below expected, not significant"
151,Cass,Overall Pool,White,1723,1669,96.87,93.49419670128285,3.375803298717159,0.9349419670128285,1610.9050091631036,58.094990836896386,0.9999999998695988,FALSE,FALSE,FALSE,At or above expected
151,Cass,Overall Pool,Native Hawaiian/Pacific Islander,1723,4,0.23,0.4123396456933414,-0.1823396456933414,0.004123396456933414,7.104612095296273,-3.1046120952962726,0.16310151591034108,FALSE,FALSE,FALSE,"Below expected, not significant"
161,Cedar,Overall Pool,Asian,2509,12,0.48,0.5231892746198703,-0.04318927461987032,0.005231892746198703,13.126818900212545,-1.1268189002125446,0.44891098331731527,FALSE,FALSE,FALSE,"Below expected, not significant"
161,Cedar,Overall Pool,White,2509,2422,96.53,93.16584010027796,3.364159899722054,0.9316584010027796,2337.530928115974,84.4690718840261,0.9999999999999192,FALSE,FALSE,FALSE,At or above expected
161,Cedar,Overall Pool,Black/African American,2509,17,0.68,0.43054117390593494,0.2494588260940651,0.00430541173905935,10.802278053299908,6.197721946700092,0.9725374178878232,FALSE,FALSE,FALSE,At or above expected
161,Cedar,Overall Pool,Native Hawaiian/Pacific Islander,2509,2,0.08,0.05449888277290315,0.02550111722709685,5.449888277290315e-4,1.36737696877214,0.63262303122786,0.8413663813227622,FALSE,FALSE,FALSE,At or above expected
161,Cedar,Overall Pool,Multiracial,2509,16,0.64,4.577906152923865,-3.937906152923865,0.04577906152923865,114.85966537685977,-98.85966537685977,8.866791377157351e-32,TRUE,TRUE,TRUE,Significantly underrepresented
161,Cedar,Overall Pool,HLSO Ethnicity,2509,44,1.75,2.76309335658619,-1.01309335658619,0.0276309335658619,69.32601231674751,-25.32601231674751,6.601133382827331e-4,TRUE,TRUE,TRUE,Significantly underrepresented
161,Cedar,Overall Pool,American Indian/Alaskan Native,2509,9,0.36,0.0708485476047741,0.2891514523952259,7.084854760477411e-4,1.7775900594037823,7.222409940596218,0.9999827584931713,FALSE,FALSE,FALSE,At or above expected
171,Cerro Gordo,Overall Pool,Asian,2820,27,0.96,1.1704822668418091,-0.21048226684180915,0.011704822668418092,33.00759992493902,-6.007599924939022,0.1676901692074225,FALSE,FALSE,FALSE,"Below expected, not significant"
171,Cerro Gordo,Overall Pool,American Indian/Alaskan Native,2820,6,0.21,0.18061550009382624,0.02938449990617375,0.0018061550009382623,5.0933571026459,0.9066428973541001,0.7485311278079745,FALSE,FALSE,FALSE,At or above expected
171,Cerro Gordo,Overall Pool,HLSO Ethnicity,2820,118,4.18,5.622537061362357,-1.4425370613623576,0.05622537061362357,158.55554513041847,-40.555545130418466,3.277543852567882e-4,TRUE,TRUE,TRUE,Significantly underrepresented
171,Cerro Gordo,Overall Pool,White,2820,2652,94.04,88.2412272471383,5.798772752861709,0.882412272471383,2488.4026083693,163.5973916306998,1,FALSE,FALSE,FALSE,At or above expected
171,Cerro Gordo,Overall Pool,Native Hawaiian/Pacific Islander,2820,10,0.35,0.6262901107149559,-0.2762901107149559,0.006262901107149559,17.661381122161757,-7.661381122161757,0.0354220481938888,TRUE,TRUE,FALSE,Significantly underrepresented
171,Cerro Gordo,Overall Pool,Multiracial,2820,38,1.35,5.348095327453556,-3.998095327453555,0.05348095327453556,150.81628823419027,-112.81628823419027,4.619799150411969e-29,TRUE,TRUE,TRUE,Significantly underrepresented
171,Cerro Gordo,Overall Pool,Black/African American,2820,43,1.52,2.3151623193844997,-0.7951623193844997,0.023151623193844995,65.28757740664288,-22.287577406642882,0.0019843385942733345,TRUE,TRUE,TRUE,Significantly underrepresented
181,Cherokee,Overall Pool,White,964,930,96.47,88.62068965517241,7.849310344827586,0.8862068965517241,854.303448275862,75.69655172413798,1,FALSE,FALSE,FALSE,At or above expected
181,Cherokee,Overall Pool,Multiracial,964,5,0.52,7.008620689655172,-6.488620689655171,0.07008620689655172,67.56310344827585,-62.563103448275854,6.79246426533357e-24,TRUE,TRUE,TRUE,Significantly underrepresented
181,Cherokee,Overall Pool,American Indian/Alaskan Native,964,1,0.1,0,0.1,0,0,1,1,FALSE,FALSE,FALSE,At or above expected
181,Cherokee,Overall Pool,Asian,964,3,0.31,0.3706896551724138,-0.06068965517241381,0.003706896551724138,3.573448275862069,-0.5734482758620691,0.5206426789110866,FALSE,FALSE,FALSE,"Below expected, not significant"
181,Cherokee,Overall Pool,Native Hawaiian/Pacific Islander,964,0,0,0,0,0,0,0,1,FALSE,FALSE,FALSE,Equal to expected
181,Cherokee,Overall Pool,HLSO Ethnicity,964,25,2.59,5.3534482758620685,-2.7634482758620686,0.05353448275862069,51.607241379310345,-26.607241379310345,2.073980489472799e-5,TRUE,TRUE,TRUE,Significantly underrepresented
181,Cherokee,Overall Pool,Black/African American,964,9,0.93,1.7413793103448274,-0.8113793103448274,0.017413793103448275,16.786896551724137,-7.786896551724137,0.028146937022587974,TRUE,TRUE,FALSE,Significantly underrepresented
191,Chickasaw,Overall Pool,Asian,1038,2,0.19,0.01693910392140256,0.17306089607859745,1.693910392140256e-4,0.17582789870415858,1.8241721012958414,0.999207499509762,FALSE,FALSE,FALSE,At or above expected
191,Chickasaw,Overall Pool,Native Hawaiian/Pacific Islander,1038,2,0.19,0.01693910392140256,0.17306089607859745,1.693910392140256e-4,0.17582789870415858,1.8241721012958414,0.999207499509762,FALSE,FALSE,FALSE,At or above expected
191,Chickasaw,Overall Pool,American Indian/Alaskan Native,1038,2,0.19,0.3895993901922588,-0.1995993901922588,0.003895993901922588,4.0440416701956465,-2.0440416701956465,0.23114931637681213,FALSE,FALSE,FALSE,"Below expected, not significant"
191,Chickasaw,Overall Pool,White,1038,1005,96.82,92.57220293046498,4.247797069535011,0.9257220293046499,960.8994664182266,44.10053358177345,0.999999998226282,FALSE,FALSE,FALSE,At or above expected
191,Chickasaw,Overall Pool,HLSO Ethnicity,1038,23,2.22,4.615905818582197,-2.395905818582197,0.04615905818582197,47.913102396883204,-24.913102396883204,3.633993611625549e-5,TRUE,TRUE,TRUE,Significantly underrepresented
191,Chickasaw,Overall Pool,Multiracial,1038,4,0.39,3.8536461421190817,-3.4636461421190816,0.03853646142119082,40.00084695519607,-36.00084695519607,2.6360353587324944e-13,TRUE,TRUE,TRUE,Significantly underrepresented
191,Chickasaw,Overall Pool,Black/African American,1038,5,0.48,0.5420513254848819,-0.0620513254848819,0.005420513254848819,5.626492758533074,-0.6264927585330744,0.5070831962386109,FALSE,FALSE,FALSE,"Below expected, not significant"
201,Clarke,Overall Pool,American Indian/Alaskan Native,794,5,0.63,1.0039329331401363,-0.37393293314013654,0.010039329331401363,7.971227489132682,-2.9712274891326818,0.19249929924034984,FALSE,FALSE,FALSE,"Below expected, not significant"
201,Clarke,Overall Pool,White,794,700,88.16,77.49948250879734,10.660517491202654,0.7749948250879735,615.3458911198509,84.65410888014912,0.999999999999996,FALSE,FALSE,FALSE,At or above expected
201,Clarke,Overall Pool,Native Hawaiian/Pacific Islander,794,3,0.38,0,0.38,0,0,3,1,FALSE,FALSE,FALSE,At or above expected
201,Clarke,Overall Pool,Black/African American,794,7,0.88,0.05174912026495549,0.8282508797350445,5.174912026495549e-4,0.4108880149037466,6.589111985096253,0.9999999864416054,FALSE,FALSE,FALSE,At or above expected
201,Clarke,Overall Pool,Asian,794,7,0.88,0.5588904988615193,0.3211095011384807,0.005588904988615193,4.437590560960463,2.562409439039537,0.9190355027372396,FALSE,FALSE,FALSE,At or above expected
201,Clarke,Overall Pool,Multiracial,794,9,1.13,7.275926309252742,-6.145926309252742,0.07275926309252742,57.77085489546677,-48.77085489546677,3.8825051257788646e-16,TRUE,TRUE,TRUE,Significantly underrepresented
201,Clarke,Overall Pool,HLSO Ethnicity,794,77,9.7,16.808114262057543,-7.108114262057544,0.16808114262057544,133.4564272407369,-56.4564272407369,7.145689267944094e-9,TRUE,TRUE,TRUE,Significantly underrepresented
211,Clay,Overall Pool,Multiracial,1688,13,0.77,4.003401980438612,-3.2334019804386123,0.040034019804386124,67.57742542980378,-54.57742542980378,2.1839843446878464e-16,TRUE,TRUE,TRUE,Significantly underrepresented
211,Clay,Overall Pool,White,1688,1615,95.68,91.0880262438491,4.591973756150907,0.910880262438491,1537.5658829961728,77.43411700382717,0.9999999999998842,FALSE,FALSE,FALSE,At or above expected
211,Clay,Overall Pool,Asian,1688,14,0.83,0.7532956685499058,0.07670433145009414,0.007532956685499058,12.71563088512241,1.28436911487759,0.7042991944995132,FALSE,FALSE,FALSE,At or above expected
211,Clay,Overall Pool,Black/African American,1688,10,0.59,0.2733734281027884,0.31662657189721155,0.0027337342810278844,4.614543466375069,5.385456533624931,0.9921389383878925,FALSE,FALSE,FALSE,At or above expected
211,Clay,Overall Pool,Native Hawaiian/Pacific Islander,1688,0,0,0,0,0,0,0,1,FALSE,FALSE,FALSE,Equal to expected
211,Clay,Overall Pool,American Indian/Alaskan Native,1688,3,0.18,0.15794909179272218,0.02205090820727781,0.0015794909179272219,2.6661806694611507,0.33381933053884927,0.7215916776876864,FALSE,FALSE,FALSE,At or above expected
211,Clay,Overall Pool,HLSO Ethnicity,1688,51,3.02,4.744547718850617,-1.724547718850617,0.04744547718850617,80.08796549419841,-29.087965494198414,2.5591296121711525e-4,TRUE,TRUE,TRUE,Significantly underrepresented
221,Clayton,Overall Pool,White,972,953,98.05,94.950919884794,3.0990801152060072,0.94950919884794,922.9229412801977,30.077058719802267,0.9999998102213532,FALSE,FALSE,FALSE,At or above expected
221,Clayton,Overall Pool,Asian,972,3,0.31,0.3291600540762946,-0.01916005407629462,0.003291600540762946,3.1994357256215835,-0.19943572562158352,0.6025722811844085,FALSE,FALSE,FALSE,"Below expected, not significant"
221,Clayton,Overall Pool,American Indian/Alaskan Native,972,0,0,0.05877858108505261,-0.05877858108505261,5.877858108505261e-4,0.5713278081467114,-0.5713278081467114,0.5646801675995872,FALSE,FALSE,FALSE,"Below expected, not significant"
221,Clayton,Overall Pool,Black/African American,972,2,0.21,0.6583201081525892,-0.44832010815258927,0.006583201081525892,6.398871451243167,-4.398871451243167,0.04586978712237707,TRUE,TRUE,FALSE,Significantly underrepresented
221,Clayton,Overall Pool,Multiracial,972,4,0.41,3.4150355610415564,-3.005035561041556,0.034150355610415566,33.19414565332393,-29.19414565332393,1.3993123278633122e-10,TRUE,TRUE,TRUE,Significantly underrepresented
221,Clayton,Overall Pool,Native Hawaiian/Pacific Islander,972,0,0,0,0,0,0,0,1,FALSE,FALSE,FALSE,Equal to expected
221,Clayton,Overall Pool,HLSO Ethnicity,972,8,0.82,2.3158760947510726,-1.4958760947510727,0.023158760947510727,22.510315640980426,-14.510315640980426,3.6731118017226615e-4,TRUE,TRUE,TRUE,Significantly underrepresented
231,Clinton,Overall Pool,Asian,8395,47,0.56,0.6700095098123973,-0.1100095098123972,0.006700095098123973,56.24729834875075,-9.247298348750753,0.11902922618195841,FALSE,TRUE,FALSE,"Below expected, not significant"
231,Clinton,Overall Pool,White,8395,7846,93.46,89.02048932307426,4.439510676925735,0.8902048932307426,7473.270078672084,372.7299213279157,1,FALSE,FALSE,FALSE,At or above expected
231,Clinton,Overall Pool,Multiracial,8395,114,1.36,5.891761044350307,-4.531761044350307,0.05891761044350307,494.61333967320826,-380.61333967320826,1.3310877768069655e-98,TRUE,TRUE,TRUE,Significantly underrepresented
231,Clinton,Overall Pool,HLSO Ethnicity,8395,220,2.62,3.6050834269905767,-0.9850834269905766,0.03605083426990577,302.64675369585893,-82.64675369585893,2.3571832128636312e-7,TRUE,TRUE,TRUE,Significantly underrepresented
231,Clinton,Overall Pool,American Indian/Alaskan Native,8395,24,0.29,0.2723264459237486,0.01767355407625137,0.002723264459237486,22.861805135298695,1.1381948647013047,0.645645858070053,FALSE,FALSE,FALSE,At or above expected
231,Clinton,Overall Pool,Black/African American,8395,221,2.63,3.099334313132186,-0.4693343131321863,0.030993343131321863,260.189115587447,-39.18911558744702,0.006407197341114306,TRUE,TRUE,TRUE,Significantly underrepresented
231,Clinton,Overall Pool,Native Hawaiian/Pacific Islander,8395,12,0.14,0,0.14,0,0,12,1,FALSE,FALSE,FALSE,At or above expected
241,Crawford,Overall Pool,Black/African American,2177,29,1.33,0.9338330159120232,0.3961669840879769,0.009338330159120231,20.329544756404744,8.670455243595256,0.9743266643923373,FALSE,FALSE,FALSE,At or above expected
241,Crawford,Overall Pool,Multiracial,2177,13,0.6,18.33876021379861,-17.73876021379861,0.1833876021379861,399.23480985439573,-386.23480985439573,4.17254359568429e-167,TRUE,TRUE,TRUE,Significantly underrepresented
241,Crawford,Overall Pool,HLSO Ethnicity,2177,337,15.48,30.8349204398845,-15.3549204398845,0.308349204398845,671.2762179762856,-334.2762179762856,1.7514093766653315e-61,TRUE,TRUE,TRUE,Significantly underrepresented
241,Crawford,Overall Pool,American Indian/Alaskan Native,2177,5,0.23,0.7188056767217547,-0.4888056767217547,0.007188056767217546,15.648399582232598,-10.648399582232598,0.0017272508970417324,TRUE,TRUE,TRUE,Significantly underrepresented
241,Crawford,Overall Pool,Native Hawaiian/Pacific Islander,2177,1,0.05,0,0.05,0,0,1,1,FALSE,FALSE,FALSE,At or above expected
241,Crawford,Overall Pool,White,2177,1764,81.03,62.08760828162438,18.942391718375625,0.6208760828162437,1351.6472322909626,412.3527677090374,1,FALSE,FALSE,FALSE,At or above expected
241,Crawford,Overall Pool,Asian,2177,35,1.61,2.1932788597407384,-0.5832788597407383,0.021932788597407386,47.74768077655588,-12.747680776555882,0.03201551010739516,TRUE,TRUE,FALSE,Significantly underrepresented
251,Dallas,Overall Pool,American Indian/Alaskan Native,4308,9,0.21,0.1722732661529342,0.03772673384706579,0.001722732661529342,7.421532305868405,1.5784676941315947,0.7854692475540977,FALSE,FALSE,FALSE,At or above expected
251,Dallas,Overall Pool,Native Hawaiian/Pacific Islander,4308,3,0.07,0.02963841138114997,0.04036158861885004,2.963841138114997e-4,1.2768227622999406,1.7231772377000594,0.959207103980241,FALSE,FALSE,FALSE,At or above expected
251,Dallas,Overall Pool,HLSO Ethnicity,4308,197,4.57,6.90297125074096,-2.33297125074096,0.06902971250740961,297.3800014819206,-100.3800014819206,1.01059874780436e-10,TRUE,TRUE,TRUE,Significantly underrepresented
251,Dallas,Overall Pool,Black/African American,4308,120,2.79,2.9536529342027267,-0.16365293420272664,0.029536529342027266,127.24336840545347,-7.243368405453467,0.27495760134893793,FALSE,FALSE,FALSE,"Below expected, not significant"
251,Dallas,Overall Pool,White,4308,3815,88.56,80.88137225844694,7.678627741553058,0.8088137225844695,3484.3695168938943,330.63048310610566,1,FALSE,FALSE,FALSE,At or above expected
251,Dallas,Overall Pool,Multiracial,4308,60,1.39,6.244442797866034,-4.854442797866034,0.06244442797866034,269.01059573206874,-209.01059573206874,6.808016037163289e-56,TRUE,TRUE,TRUE,Significantly underrepresented
251,Dallas,Overall Pool,Asian,4308,174,4.04,4.874592471843509,-0.8345924718435089,0.04874592471843509,209.99744368701838,-35.997443687018375,0.005041532224291341,TRUE,TRUE,TRUE,Significantly underrepresented
261,Davis,Overall Pool,American Indian/Alaskan Native,694,3,0.43,0.16380910778639293,0.26619089221360703,0.0016380910778639292,1.1368352080375668,1.8631647919624332,0.9715713403394914,FALSE,FALSE,FALSE,At or above expected
261,Davis,Overall Pool,Native Hawaiian/Pacific Islander,694,0,0,0,0,0,0,0,1,FALSE,FALSE,FALSE,Equal to expected
261,Davis,Overall Pool,Asian,694,3,0.43,0.01092060718575952,0.4190793928142405,1.0920607185759519e-4,0.07578901386917106,2.924210986130829,0.9999987167698625,FALSE,FALSE,FALSE,At or above expected
261,Davis,Overall Pool,HLSO Ethnicity,694,9,1.3,2.4352954024243747,-1.1352954024243749,0.024352954024243745,16.90095009282516,-7.900950092825159,0.0261405569407712,TRUE,TRUE,FALSE,Significantly underrepresented
261,Davis,Overall Pool,Multiracial,694,4,0.58,2.937643332969313,-2.357643332969313,0.02937643332969313,20.387244730807033,-16.387244730807033,1.0124951233378177e-5,TRUE,TRUE,TRUE,Significantly underrepresented
261,Davis,Overall Pool,Black/African American,694,3,0.43,0,0.43,0,0,3,1,FALSE,FALSE,FALSE,At or above expected
261,Davis,Overall Pool,White,694,676,97.41,93.82985694004586,3.580143059954139,0.9382985694004585,651.1792071639182,24.82079283608175,0.9999962343466291,FALSE,FALSE,FALSE,At or above expected
271,Decatur,Overall Pool,American Indian/Alaskan Native,516,1,0.19,0.20621214073978608,-0.01621214073978608,0.0020621214073978608,1.0640546462172962,-0.06405464621729617,0.7121859393821475,FALSE,FALSE,FALSE,"Below expected, not significant"
271,Decatur,Overall Pool,HLSO Ethnicity,516,8,1.55,3.5313829101688365,-1.9813829101688365,0.035313829101688364,18.221935816471195,-10.221935816471195,0.005540744632495344,TRUE,TRUE,TRUE,Significantly underrepresented
271,Decatur,Overall Pool,Asian,516,4,0.78,0.7217424925892512,0.05825750741074886,0.007217424925892512,3.724191261760536,0.27580873823946384,0.6827388825977729,FALSE,FALSE,FALSE,At or above expected
271,Decatur,Overall Pool,Multiracial,516,2,0.39,4.58822013146024,-4.19822013146024,0.0458822013146024,23.675215878334836,-21.675215878334836,9.935187720239198e-9,TRUE,TRUE,TRUE,Significantly underrepresented
271,Decatur,Overall Pool,Black/African American,516,4,0.78,1.3146023972161365,-0.5346023972161362,0.013146023972161365,6.783348369635265,-2.7833483696352648,0.19185146934563477,FALSE,FALSE,FALSE,"Below expected, not significant"
271,Decatur,Overall Pool,Native Hawaiian/Pacific Islander,516,1,0.19,0.01288825879623663,0.17711174120376338,1.288825879623663e-4,0.06650341538858101,0.9334965846114189,0.9978880310499524,FALSE,FALSE,FALSE,At or above expected
271,Decatur,Overall Pool,White,516,497,96.32,90.17914679726768,6.140853202732302,0.9017914679726767,465.3243974739012,31.675602526098828,0.9999999635467907,FALSE,FALSE,FALSE,At or above expected
281,Delaware,Overall Pool,White,1022,996,97.46,94.05399248205946,3.406007517940538,0.9405399248205946,961.2318031666476,34.76819683335236,0.9999999125056036,FALSE,FALSE,FALSE,At or above expected
281,Delaware,Overall Pool,Black/African American,1022,8,0.78,0.0740403234992596,0.7059596765007404,7.40403234992596e-4,0.7566921061624331,7.243307893837567,0.9999998896059656,FALSE,FALSE,FALSE,At or above expected
281,Delaware,Overall Pool,Native Hawaiian/Pacific Islander,1022,0,0,0,0,0,0,0,1,FALSE,FALSE,FALSE,Equal to expected
281,Delaware,Overall Pool,HLSO Ethnicity,1022,20,1.96,1.7143182594828568,0.2456817405171432,0.017143182594828568,17.520332611914796,2.479667388085204,0.7695267134500017,FALSE,FALSE,FALSE,At or above expected
281,Delaware,Overall Pool,American Indian/Alaskan Native,1022,1,0.1,1.0707369859892926,-0.9707369859892926,0.010707369859892926,10.94293199681057,-9.94293199681057,2.010552543923318e-4,TRUE,TRUE,TRUE,Significantly underrepresented
281,Delaware,Overall Pool,Multiracial,1022,2,0.2,4.163344344458367,-3.963344344458367,0.04163344344458367,42.549379200364505,-40.549379200364505,1.374644689173647e-16,TRUE,TRUE,TRUE,Significantly underrepresented
281,Delaware,Overall Pool,Asian,1022,5,0.49,0,0.49,0,0,5,1,FALSE,FALSE,FALSE,At or above expected
291,Des Moines,Overall Pool,White,4324,3921,90.68,84.50385844570894,6.176141554291064,0.8450385844570895,3653.9468391924547,267.0531608075453,1,FALSE,FALSE,FALSE,At or above expected
291,Des Moines,Overall Pool,Asian,4324,43,0.99,1.2056018915477953,-0.2156018915477953,0.012056018915477952,52.130225790526666,-9.130225790526666,0.11229241818823076,FALSE,TRUE,FALSE,"Below expected, not significant"
291,Des Moines,Overall Pool,Multiracial,4324,78,1.8,7.667524099046432,-5.867524099046432,0.07667524099046431,331.5437420427677,-253.5437420427677,1.7699823880843518e-66,TRUE,TRUE,TRUE,Significantly underrepresented
291,Des Moines,Overall Pool,Native Hawaiian/Pacific Islander,4324,5,0.12,0.00259827993868059,0.1174017200613194,2.59827993868059e-5,0.11234962454854872,4.887650375451451,0.9999999974714748,FALSE,FALSE,FALSE,At or above expected
291,Des Moines,Overall Pool,HLSO Ethnicity,4324,106,2.45,3.67656611323304,-1.2265661132330394,0.0367656611323304,158.97471873619665,-52.97471873619665,3.561832220856935e-6,TRUE,TRUE,TRUE,Significantly underrepresented
291,Des Moines,Overall Pool,Black/African American,4324,203,4.69,4.754852287785486,-0.06485228778548535,0.047548522877854854,205.59981292384438,-2.5998129238443823,0.4445301549684422,FALSE,FALSE,FALSE,"Below expected, not significant"
291,Des Moines,Overall Pool,American Indian/Alaskan Native,4324,12,0.28,0.32738327227375474,-0.04738327227375472,0.0032738327227375473,14.156052693117154,-2.1560526931171538,0.3429335134747123,FALSE,FALSE,FALSE,"Below expected, not significant"
301,Dickinson,Overall Pool,Asian,1715,9,0.52,0.4613674263479711,0.05863257365202889,0.004613674263479711,7.912451361867705,1.0875486381322954,0.7277348647861971,FALSE,FALSE,FALSE,At or above expected
301,Dickinson,Overall Pool,HLSO Ethnicity,1715,32,1.87,2.851584213451918,-0.9815842134519176,0.028515842134519177,48.90466926070039,-16.904669260700388,0.00608551524200843,TRUE,TRUE,TRUE,Significantly underrepresented
301,Dickinson,Overall Pool,Black/African American,1715,4,0.23,0.03335186214563646,0.19664813785436355,3.3351862145636455e-4,0.5719844357976652,3.428015564202335,0.9996836130103466,FALSE,FALSE,FALSE,At or above expected
301,Dickinson,Overall Pool,American Indian/Alaskan Native,1715,1,0.06,0.0555864369093941,0.00441356309060589,5.55864369093941e-4,0.9533073929961087,0.04669260700389133,0.7529345237644365,FALSE,FALSE,FALSE,At or above expected
301,Dickinson,Overall Pool,Native Hawaiian/Pacific Islander,1715,2,0.12,0,0.12,0,0,2,1,FALSE,FALSE,FALSE,At or above expected
301,Dickinson,Overall Pool,White,1715,1670,97.38,93.3574207893274,4.022579210672589,0.933574207893274,1601.079766536965,68.92023346303495,0.9999999999999862,FALSE,FALSE,FALSE,At or above expected
301,Dickinson,Overall Pool,Multiracial,1715,11,0.64,4.741523068371317,-4.101523068371318,0.04741523068371317,81.31712062256808,-70.31712062256808,3.22193011909423e-23,TRUE,TRUE,TRUE,Significantly underrepresented
311,Dubuque,Overall Pool,Multiracial,8790,74,0.84,5.0257497727961224,-4.185749772796123,0.050257497727961224,441.7634050287792,-367.7634050287792,9.53205875495281e-108,TRUE,TRUE,TRUE,Significantly underrepresented
311,Dubuque,Overall Pool,American Indian/Alaskan Native,8790,13,0.15,0.03938200545289307,0.11061799454710693,3.9382005452893065e-4,3.4616782793093006,9.5383217206907,0.9999835808318323,FALSE,FALSE,FALSE,At or above expected
311,Dubuque,Overall Pool,HLSO Ethnicity,8790,191,2.17,3.2656770675552864,-1.0956770675552865,0.032656770675552865,287.0530142381097,-96.05301423810971,5.835712280369857e-10,TRUE,TRUE,TRUE,Significantly underrepresented
311,Dubuque,Overall Pool,Asian,8790,92,1.05,1.367262445723518,-0.317262445723518,0.013672624457235182,120.18236897909725,-28.182368979097248,0.0042204002399745056,TRUE,TRUE,TRUE,Significantly underrepresented
311,Dubuque,Overall Pool,Native Hawaiian/Pacific Islander,8790,26,0.3,0.8098555993133394,-0.5098555993133393,0.008098555993133394,71.18630717964253,-45.186307179642526,6.049699658179951e-10,TRUE,TRUE,TRUE,Significantly underrepresented
311,Dubuque,Overall Pool,Black/African American,8790,209,2.38,2.960718974048268,-0.5807189740482683,0.029607189740482678,260.2471978188427,-51.24719781884272,4.956911792363826e-4,TRUE,TRUE,TRUE,Significantly underrepresented
311,Dubuque,Overall Pool,White,8790,8276,94.15,88.25406442492174,5.895935575078269,0.8825406442492174,7757.532262950621,518.4677370493791,1,FALSE,FALSE,FALSE,At or above expected
321,Emmet,Overall Pool,Multiracial,1311,8,0.61,7.8384798099762465,-7.228479809976246,0.07838479809976247,102.7624703087886,-94.7624703087886,2.0903598703098608e-35,TRUE,TRUE,TRUE,Significantly underrepresented
321,Emmet,Overall Pool,Asian,1311,7,0.53,0.22673288706542863,0.3032671129345714,0.0022673288706542864,2.9724681494277694,4.027531850572231,0.9887744232475745,FALSE,FALSE,FALSE,At or above expected
321,Emmet,Overall Pool,Black/African American,1311,7,0.53,1.6411142301878645,-1.1111142301878645,0.016411142301878644,21.515007557762903,-14.515007557762903,2.5436203178735503e-4,TRUE,TRUE,TRUE,Significantly underrepresented
321,Emmet,Overall Pool,American Indian/Alaskan Native,1311,3,0.23,0.06478082487583675,0.16521917512416326,6.478082487583675e-4,0.8492766141222198,2.15072338587778,0.9889310025958498,FALSE,FALSE,FALSE,At or above expected
321,Emmet,Overall Pool,White,1311,1239,94.51,85.21917512416324,9.290824875836762,0.8521917512416324,1117.22338587778,121.77661412222005,1,FALSE,FALSE,FALSE,At or above expected
321,Emmet,Overall Pool,Native Hawaiian/Pacific Islander,1311,0,0,0.05398402072986396,-0.05398402072986396,5.398402072986396e-4,0.7077305117685165,-0.7077305117685165,0.4926670878485381,FALSE,FALSE,FALSE,"Below expected, not significant"
321,Emmet,Overall Pool,HLSO Ethnicity,1311,67,5.11,10.170589505506369,-5.0605895055063685,0.1017058950550637,133.3364284171885,-66.3364284171885,2.4658326574893074e-11,TRUE,TRUE,TRUE,Significantly underrepresented
331,Fayette,Overall Pool,HLSO Ethnicity,1262,31,2.46,3.07445043550394,-0.6144504355039402,0.030744504355039403,38.79956449605972,-7.799564496059723,0.11446626630739434,FALSE,TRUE,FALSE,"Below expected, not significant"
331,Fayette,Overall Pool,White,1262,1222,96.83,91.01513894649524,5.814861053504771,0.9101513894649524,1148.6110535047699,73.38894649523013,1,FALSE,FALSE,FALSE,At or above expected
331,Fayette,Overall Pool,Black/African American,1262,10,0.79,0.7932393197843218,-0.00323931978432179,0.007932393197843219,10.010680215678143,-0.010680215678142702,0.581698879775894,FALSE,FALSE,FALSE,"Below expected, not significant"
331,Fayette,Overall Pool,Multiracial,1262,12,0.95,5.319369556200747,-4.369369556200747,0.05319369556200747,67.13044379925343,-55.13044379925343,4.2282877268890255e-17,TRUE,TRUE,TRUE,Significantly underrepresented
331,Fayette,Overall Pool,American Indian/Alaskan Native,1262,1,0.08,0.35773537951057655,-0.27773537951057653,0.0035773537951057656,4.514620489423476,-3.514620489423476,0.060062036617422605,FALSE,TRUE,FALSE,"Below expected, not significant"
331,Fayette,Overall Pool,Asian,1262,4,0.32,0.917669017005392,-0.597669017005392,0.00917669017005392,11.580982994608048,-7.580982994608048,0.009921953382393048,TRUE,TRUE,TRUE,Significantly underrepresented
331,Fayette,Overall Pool,Native Hawaiian/Pacific Islander,1262,1,0.08,0.00518457071754458,0.07481542928245541,5.1845707175445795e-5,0.06542928245541259,0.9345707175445874,0.9979521053059385,FALSE,FALSE,FALSE,At or above expected
341,Floyd,Overall Pool,Black/African American,1224,22,1.8,1.3765657620041754,0.4234342379958247,0.013765657620041753,16.849164926931106,5.150835073068894,0.9125833587739315,FALSE,FALSE,FALSE,At or above expected
341,Floyd,Overall Pool,White,1224,1150,93.95,88.68736951983298,5.262630480167019,0.8868736951983298,1085.5334029227556,64.46659707724439,0.9999999999005079,FALSE,FALSE,FALSE,At or above expected
341,Floyd,Overall Pool,American Indian/Alaskan Native,1224,4,0.33,0.0521920668058455,0.27780793319415453,5.21920668058455e-4,0.6388308977035488,3.361169102296451,0.9994803672038006,FALSE,FALSE,FALSE,At or above expected
341,Floyd,Overall Pool,HLSO Ethnicity,1224,32,2.61,3.88178496868476,-1.2717849686847602,0.0388178496868476,47.51304801670146,-15.513048016701461,0.009964044550968632,TRUE,TRUE,TRUE,Significantly underrepresented
341,Floyd,Overall Pool,Multiracial,1224,11,0.9,6.71320459290188,-5.813204592901879,0.0671320459290188,82.16962421711901,-71.16962421711901,7.7734250533452e-24,TRUE,TRUE,TRUE,Significantly underrepresented
341,Floyd,Overall Pool,Native Hawaiian/Pacific Islander,1224,0,0,0.0652400835073069,-0.0652400835073069,6.52400835073069e-4,0.7985386221294365,-0.7985386221294365,0.4498688338183909,FALSE,FALSE,FALSE,"Below expected, not significant"
341,Floyd,Overall Pool,Asian,1224,20,1.63,1.61143006263048,0.01856993736951984,0.0161143006263048,19.723903966597078,0.2760960334029221,0.5838056159799009,FALSE,FALSE,FALSE,At or above expected
351,Franklin,Overall Pool,Native Hawaiian/Pacific Islander,1153,0,0,0,0,0,0,0,1,FALSE,FALSE,FALSE,Equal to expected
351,Franklin,Overall Pool,Multiracial,1153,8,0.69,9.943752511048611,-9.253752511048614,0.09943752511048612,114.6514664523905,-106.6514664523905,6.388814082271776e-41,TRUE,TRUE,TRUE,Significantly underrepresented
351,Franklin,Overall Pool,White,1153,1090,94.54,80.22298111691443,14.31701888308558,0.8022298111691443,924.9709722780234,165.0290277219766,1,FALSE,FALSE,FALSE,At or above expected
351,Franklin,Overall Pool,Asian,1153,4,0.35,0.3615910004017678,-0.0115910004017678,0.0036159100040176776,4.169144234632382,-0.16914423463238215,0.5957708111367611,FALSE,FALSE,FALSE,"Below expected, not significant"
351,Franklin,Overall Pool,Black/African American,1153,6,0.52,0.6729610285255123,-0.1529610285255123,0.006729610285255123,7.759240658899157,-1.7592406588991567,0.3428863045834124,FALSE,FALSE,FALSE,"Below expected, not significant"
351,Franklin,Overall Pool,HLSO Ethnicity,1153,78,6.76,16.492567296102852,-9.732567296102852,0.16492567296102853,190.1593009240659,-112.15930092406589,4.08316990013979e-23,TRUE,TRUE,TRUE,Significantly underrepresented
351,Franklin,Overall Pool,American Indian/Alaskan Native,1153,4,0.35,0.29128163921253514,0.05871836078746484,0.0029128163921253512,3.35847730012053,0.6415226998794701,0.7520414436901917,FALSE,FALSE,FALSE,At or above expected
361,Fremont,Overall Pool,American Indian/Alaskan Native,1758,5,0.28,0.07675775253300583,0.2032422474669942,7.675775253300583e-4,1.3494012895302425,3.6505987104697573,0.9973361968321401,FALSE,FALSE,FALSE,At or above expected
361,Fremont,Overall Pool,Native Hawaiian/Pacific Islander,1758,1,0.06,0,0.06,0,0,1,1,FALSE,FALSE,FALSE,At or above expected
361,Fremont,Overall Pool,Asian,1758,8,0.46,0.15351550506601166,0.3064844949339883,0.0015351550506601166,2.698802579060485,5.3011974209395145,0.9981110663201151,FALSE,FALSE,FALSE,At or above expected
361,Fremont,Overall Pool,White,1758,1698,96.59,91.41848326680994,5.17151673319006,0.9141848326680995,1607.136935830519,90.86306416948105,1,FALSE,FALSE,FALSE,At or above expected
361,Fremont,Overall Pool,Black/African American,1758,11,0.63,0.5987104697574455,0.03128953024255454,0.005987104697574455,10.525330058335891,0.4746699416641089,0.6359038105944874,FALSE,FALSE,FALSE,At or above expected
361,Fremont,Overall Pool,HLSO Ethnicity,1758,40,2.28,3.361989560945656,-1.0819895609456562,0.03361989560945656,59.10377648142463,-19.10377648142463,0.004877858221466033,TRUE,TRUE,TRUE,Significantly underrepresented
361,Fremont,Overall Pool,Multiracial,1758,13,0.74,6.908197727970525,-6.168197727970525,0.06908197727970525,121.44611605772182,-108.44611605772182,1.2004943495641822e-37,TRUE,TRUE,TRUE,Significantly underrepresented
371,Greene,Overall Pool,Black/African American,1858,3,0.16,0.11510128913443832,0.04489871086556168,0.0011510128913443832,2.138581952117864,0.861418047882136,0.8313863502590517,FALSE,FALSE,FALSE,At or above expected
371,Greene,Overall Pool,Asian,1858,9,0.48,0.6330570902394107,-0.15305709023941072,0.006330570902394107,11.762200736648252,-2.7622007366482517,0.26297252893580275,FALSE,FALSE,FALSE,"Below expected, not significant"
371,Greene,Overall Pool,White,1858,1814,97.63,92.29972375690608,5.33027624309392,0.9229972375690607,1714.9288674033148,99.07113259668517,1,FALSE,FALSE,FALSE,At or above expected
371,Greene,Overall Pool,Native Hawaiian/Pacific Islander,1858,3,0.16,0,0.16,0,0,3,1,FALSE,FALSE,FALSE,At or above expected
371,Greene,Overall Pool,Multiracial,1858,10,0.54,4.845764272559853,-4.305764272559853,0.04845764272559853,90.03430018416206,-80.03430018416206,1.4358746185336028e-27,TRUE,TRUE,TRUE,Significantly underrepresented
371,Greene,Overall Pool,HLSO Ethnicity,1858,36,1.94,3.533609576427256,-1.593609576427256,0.03533609576427256,65.65446593001842,-29.654465930018418,3.611157503516836e-5,TRUE,TRUE,TRUE,Significantly underrepresented
371,Greene,Overall Pool,American Indian/Alaskan Native,1858,8,0.43,0.2647329650092081,0.16526703499079187,0.002647329650092081,4.918738489871087,3.081261510128913,0.9373354738192867,FALSE,FALSE,FALSE,At or above expected
381,Grundy,Overall Pool,White,1109,1086,97.93,94.87241602067184,3.0575839793281716,0.9487241602067183,1052.1350936692506,33.86490633074936,0.9999999350132891,FALSE,FALSE,FALSE,At or above expected
381,Grundy,Overall Pool,HLSO Ethnicity,1109,9,0.81,1.7684108527131783,-0.9584108527131784,0.017684108527131783,19.611676356589147,-10.611676356589147,0.005920783020401559,TRUE,TRUE,TRUE,Significantly underrepresented
381,Grundy,Overall Pool,American Indian/Alaskan Native,1109,0,0,0.4683462532299742,-0.4683462532299742,0.004683462532299742,5.193959948320414,-5.193959948320414,0.005482681807399021,TRUE,TRUE,TRUE,Significantly underrepresented
381,Grundy,Overall Pool,Multiracial,1109,10,0.9,1.8410852713178296,-0.9410852713178296,0.018410852713178296,20.41763565891473,-10.41763565891473,0.008174548898978944,TRUE,TRUE,TRUE,Significantly underrepresented
381,Grundy,Overall Pool,Native Hawaiian/Pacific Islander,1109,2,0.18,0,0.18,0,0,2,1,FALSE,FALSE,FALSE,At or above expected
381,Grundy,Overall Pool,Black/African American,1109,3,0.27,0.5733204134366925,-0.30332041343669247,0.005733204134366925,6.35812338501292,-3.35812338501292,0.12127729742393113,FALSE,TRUE,FALSE,"Below expected, not significant"
381,Grundy,Overall Pool,Asian,1109,3,0.27,0.476421188630491,-0.20642118863049097,0.00476421188630491,5.283510981912145,-2.283510981912145,0.22677920838136667,FALSE,FALSE,FALSE,"Below expected, not significant"
391,Guthrie,Overall Pool,Native Hawaiian/Pacific Islander,1036,0,0,0.2526197604790419,-0.2526197604790419,0.0025261976047904187,2.6171407185628737,-2.6171407185628737,0.0727699631010369,FALSE,TRUE,FALSE,"Below expected, not significant"
391,Guthrie,Overall Pool,White,1036,998,96.33,92.44011976047904,3.8898802395209486,0.9244011976047903,957.6796407185628,40.32035928143716,0.999999936805701,FALSE,FALSE,FALSE,At or above expected
391,Guthrie,Overall Pool,HLSO Ethnicity,1036,17,1.64,3.096931137724551,-1.456931137724551,0.03096931137724551,32.08420658682635,-15.084206586826348,0.0023563111205215587,TRUE,TRUE,TRUE,Significantly underrepresented
391,Guthrie,Overall Pool,Black/African American,1036,5,0.48,0.561377245508982,-0.08137724550898207,0.00561377245508982,5.815868263473054,-0.8158682634730541,0.47531032386468663,FALSE,FALSE,FALSE,"Below expected, not significant"
391,Guthrie,Overall Pool,Asian,1036,4,0.39,0.467814371257485,-0.07781437125748497,0.00467814371257485,4.846556886227544,-0.8465568862275443,0.46745888572399774,FALSE,FALSE,FALSE,"Below expected, not significant"
391,Guthrie,Overall Pool,American Indian/Alaskan Native,1036,2,0.19,0.1403443113772455,0.04965568862275449,0.001403443113772455,1.4539670658682635,0.5460329341317365,0.8204050199228184,FALSE,FALSE,FALSE,At or above expected
391,Guthrie,Overall Pool,Multiracial,1036,6,0.58,4.088697604790419,-3.5086976047904193,0.04088697604790419,42.358907185628745,-36.358907185628745,1.9317503492638383e-12,TRUE,TRUE,TRUE,Significantly underrepresented
401,Hamilton,Overall Pool,Native Hawaiian/Pacific Islander,765,0,0,0.14107214832728737,-0.14107214832728737,0.0014107214832728737,1.0792019347037485,-1.0792019347037485,0.33960779271626096,FALSE,FALSE,FALSE,"Below expected, not significant"
401,Hamilton,Overall Pool,White,765,719,93.99,83.77670294236195,10.213297057638044,0.8377670294236195,640.8917775090689,78.1082224909311,1,FALSE,FALSE,FALSE,At or above expected
401,Hamilton,Overall Pool,American Indian/Alaskan Native,765,2,0.26,0.3291683460970039,-0.0691683460970039,0.003291683460970039,2.51813784764208,-0.5181378476420799,0.5389507142453186,FALSE,FALSE,FALSE,"Below expected, not significant"
401,Hamilton,Overall Pool,Asian,765,13,1.7,2.270589815934435,-0.5705898159344349,0.02270589815934435,17.370012091898428,-4.3700120918984275,0.17454738273439466,FALSE,FALSE,FALSE,"Below expected, not significant"
401,Hamilton,Overall Pool,Black/African American,765,2,0.26,0.9673518742442564,-0.7073518742442563,0.009673518742442565,7.400241837968562,-5.400241837968562,0.02143080815369083,TRUE,TRUE,TRUE,Significantly underrepresented
401,Hamilton,Overall Pool,Multiracial,765,6,0.78,7.503694746741905,-6.723694746741905,0.07503694746741905,57.40326481257558,-51.40326481257558,1.0466706322517617e-18,TRUE,TRUE,TRUE,Significantly underrepresented
401,Hamilton,Overall Pool,HLSO Ethnicity,765,41,5.36,10.143759236866854,-4.783759236866854,0.10143759236866855,77.59975816203143,-36.599758162031435,1.4013013687594634e-6,TRUE,TRUE,TRUE,Significantly underrepresented
411,Hancock,Overall Pool,HLSO Ethnicity,981,26,2.65,5.9507075250679415,-3.3007075250679416,0.059507075250679414,58.37644082091651,-32.37644082091651,9.144597914822399e-7,TRUE,TRUE,TRUE,Significantly underrepresented
411,Hancock,Overall Pool,White,981,946,96.43,90.13213382063536,6.297866179364647,0.9013213382063536,884.1962327804329,61.803767219567135,0.9999999999999827,FALSE,FALSE,FALSE,At or above expected
411,Hancock,Overall Pool,Black/African American,981,2,0.2,0.4498172617374191,-0.2498172617374191,0.004498172617374191,4.412707337644081,-2.412707337644081,0.18299588458644203,FALSE,FALSE,FALSE,"Below expected, not significant"
411,Hancock,Overall Pool,Asian,981,1,0.1,1.2463686627307655,-1.1463686627307657,0.012463686627307655,12.22687658138881,-11.22687658138881,6.068211612944582e-5,TRUE,TRUE,TRUE,Significantly underrepresented
411,Hancock,Overall Pool,American Indian/Alaskan Native,981,6,0.61,0.10308312248149187,0.5069168775185081,0.0010308312248149187,1.0112454315434352,4.988754568456565,0.9999122316043254,FALSE,FALSE,FALSE,At or above expected
411,Hancock,Overall Pool,Native Hawaiian/Pacific Islander,981,1,0.1,0,0.1,0,0,1,1,FALSE,FALSE,FALSE,At or above expected
411,Hancock,Overall Pool,Multiracial,981,6,0.61,3.551682129135039,-2.9416821291350392,0.03551682129135039,34.84200168681473,-28.842001686814733,1.4208378422578287e-9,TRUE,TRUE,TRUE,Significantly underrepresented
421,Hardin,Overall Pool,White,742,707,95.28,90.0534887913937,5.226511208606297,0.900534887913937,668.1968868321412,38.80311316785878,0.9999999453693376,FALSE,FALSE,FALSE,At or above expected
421,Hardin,Overall Pool,Native Hawaiian/Pacific Islander,742,0,0,0,0,0,0,0,1,FALSE,FALSE,FALSE,Equal to expected
421,Hardin,Overall Pool,American Indian/Alaskan Native,742,3,0.4,0.9135164372858946,-0.5135164372858946,0.009135164372858946,6.778291964661338,-3.7782919646613378,0.09305941235221546,FALSE,TRUE,FALSE,"Below expected, not significant"
421,Hardin,Overall Pool,HLSO Ethnicity,742,23,3.1,5.475088647154276,-2.3750886471542763,0.05475088647154276,40.62515776188473,-17.62515776188473,0.001522380615517999,TRUE,TRUE,TRUE,Significantly underrepresented
421,Hardin,Overall Pool,Multiracial,742,5,0.67,3.3956367570166477,-2.725636757016648,0.03395636757016648,25.195624737063525,-20.195624737063525,8.968365880013479e-7,TRUE,TRUE,TRUE,Significantly underrepresented
421,Hardin,Overall Pool,Black/African American,742,3,0.4,1.081795780996454,-0.681795780996454,0.01081795780996454,8.026924694993689,-5.0269246949936885,0.04085131466126809,TRUE,TRUE,FALSE,Significantly underrepresented
421,Hardin,Overall Pool,Asian,742,8,1.08,0.8954865076026204,0.18451349239737969,0.008954865076026204,6.644509886411443,1.3554901135885569,0.7748748008713813,FALSE,FALSE,FALSE,At or above expected
431,Harrison,Overall Pool,Native Hawaiian/Pacific Islander,1541,1,0.06,0,0.06,0,0,1,1,FALSE,FALSE,FALSE,At or above expected
431,Harrison,Overall Pool,American Indian/Alaskan Native,1541,6,0.39,0.06150902132312739,0.3284909786768726,6.150902132312739e-4,0.9478540185893931,5.052145981410607,0.9999407557431406,FALSE,FALSE,FALSE,At or above expected
431,Harrison,Overall Pool,Asian,1541,6,0.39,0.29387643521049756,0.09612356478950246,0.0029387643521049753,4.528635866593767,1.471364133406233,0.827644613921272,FALSE,FALSE,FALSE,At or above expected
431,Harrison,Overall Pool,Black/African American,1541,4,0.26,0.12301804264625478,0.13698195735374524,0.0012301804264625478,1.8957080371787862,2.104291962821214,0.9563710247730076,FALSE,FALSE,FALSE,At or above expected
431,Harrison,Overall Pool,White,1541,1503,97.53,94.4026790595954,3.127320940404587,0.944026790595954,1454.745284308365,48.254715691635056,0.9999999992067776,FALSE,FALSE,FALSE,At or above expected
431,Harrison,Overall Pool,Multiracial,1541,9,0.58,4.01175505740842,-3.43175505740842,0.0401175505740842,61.82114543466375,-52.82114543466375,2.3597021228167705e-17,TRUE,TRUE,TRUE,Significantly underrepresented
431,Harrison,Overall Pool,HLSO Ethnicity,1541,29,1.88,2.241662110442865,-0.361662110442865,0.022416621104428647,34.54401312192454,-5.544013121924543,0.19441453797329164,FALSE,FALSE,FALSE,"Below expected, not significant"
441,Henry,Overall Pool,Native Hawaiian/Pacific Islander,894,0,0,0.03499300139972006,-0.03499300139972006,3.4993001399720057e-4,0.3128374325134973,-0.3128374325134973,0.7313287595345328,FALSE,FALSE,FALSE,"Below expected, not significant"
441,Henry,Overall Pool,White,894,835,93.4,86.20775844831033,7.192241551689676,0.8620775844831033,770.6973605278944,64.30263947210562,0.999999999997225,FALSE,FALSE,FALSE,At or above expected
441,Henry,Overall Pool,Asian,894,11,1.23,1.0247950409918016,0.20520495900819835,0.010247950409918017,9.161667666466707,1.8383323335332928,0.7880009712922178,FALSE,FALSE,FALSE,At or above expected
441,Henry,Overall Pool,American Indian/Alaskan Native,894,3,0.34,0.5298940211957609,-0.18989402119576088,0.005298940211957609,4.737252549490102,-1.737252549490102,0.30314361641036464,FALSE,FALSE,FALSE,"Below expected, not significant"
441,Henry,Overall Pool,Black/African American,894,11,1.23,2.549490101979604,-1.319490101979604,0.02549490101979604,22.79244151169766,-11.79244151169766,0.004562426171914622,TRUE,TRUE,TRUE,Significantly underrepresented
441,Henry,Overall Pool,Multiracial,894,13,1.45,5.798840231953609,-4.348840231953609,0.05798840231953609,51.84163167366527,-38.84163167366527,5.220908581803427e-11,TRUE,TRUE,TRUE,Significantly underrepresented
441,Henry,Overall Pool,HLSO Ethnicity,894,32,3.58,5.543891221755649,-1.9638912217556488,0.05543891221755649,49.5623875224955,-17.5623875224955,0.004276001485167506,TRUE,TRUE,TRUE,Significantly underrepresented
451,Howard,Overall Pool,White,1013,982,96.94,92.98041291688725,3.9595870831127513,0.9298041291688725,941.8915828480677,40.10841715193226,0.9999999876185305,FALSE,FALSE,FALSE,At or above expected
451,Howard,Overall Pool,Black/African American,1013,6,0.59,0.8364213869772366,-0.2464213869772366,0.008364213869772366,8.472948650079406,-2.472948650079406,0.25795679151439355,FALSE,FALSE,FALSE,"Below expected, not significant"
451,Howard,Overall Pool,Multiracial,1013,3,0.3,3.578613022763367,-3.278613022763367,0.03578613022763367,36.25134992059291,-33.25134992059291,8.88792924658534e-13,TRUE,TRUE,TRUE,Significantly underrepresented
451,Howard,Overall Pool,HLSO Ethnicity,1013,17,1.68,3.3033350979354155,-1.6233350979354155,0.033033350979354156,33.46278454208576,-16.462784542085757,0.0011404559612022002,TRUE,TRUE,TRUE,Significantly underrepresented
451,Howard,Overall Pool,Asian,1013,8,0.79,0.328215987294865,0.461784012705135,0.00328215987294865,3.3248279512969825,4.6751720487030175,0.9928650830106911,FALSE,FALSE,FALSE,At or above expected
451,Howard,Overall Pool,American Indian/Alaskan Native,1013,2,0.2,0.24351508734780308,-0.04351508734780307,0.002435150873478031,2.4668078348332454,-0.4668078348332454,0.5522083490486085,FALSE,FALSE,FALSE,"Below expected, not significant"
451,Howard,Overall Pool,Native Hawaiian/Pacific Islander,1013,1,0.1,0,0.1,0,0,1,1,FALSE,FALSE,FALSE,At or above expected
461,Humboldt,Overall Pool,Black/African American,933,7,0.75,0.33364612657699927,0.41635387342300073,0.0033364612657699926,3.1129183609634032,3.8870816390365968,0.9856291394818096,FALSE,FALSE,FALSE,At or above expected
461,Humboldt,Overall Pool,American Indian/Alaskan Native,933,0,0,0.16682306328849963,-0.16682306328849963,0.0016682306328849963,1.5564591804817016,-1.5564591804817016,0.2106075368092145,FALSE,FALSE,FALSE,"Below expected, not significant"
461,Humboldt,Overall Pool,Asian,933,7,0.75,1.0217912626420602,-0.2717912626420602,0.010217912626420602,9.533312480450421,-2.5333124804504212,0.263885814812775,FALSE,FALSE,FALSE,"Below expected, not significant"
461,Humboldt,Overall Pool,Native Hawaiian/Pacific Islander,933,1,0.11,0.7298509018871859,-0.619850901887186,0.00729850901887186,6.809508914607445,-5.809508914607445,0.00845711001679119,TRUE,TRUE,TRUE,Significantly underrepresented
461,Humboldt,Overall Pool,White,933,893,95.71,90.36596809508914,5.34403190491085,0.9036596809508914,843.1144823271817,49.88551767281831,0.9999999997333446,FALSE,FALSE,FALSE,At or above expected
461,Humboldt,Overall Pool,Multiracial,933,8,0.86,3.743092482535711,-2.883092482535711,0.037430924825357106,34.92305286205818,-26.923052862058178,3.205174830002892e-8,TRUE,TRUE,TRUE,Significantly underrepresented
461,Humboldt,Overall Pool,HLSO Ethnicity,933,22,2.36,5.7449692419977065,-3.3849692419977067,0.057449692419977064,53.600563027838604,-31.600563027838604,4.841592021193223e-7,TRUE,TRUE,TRUE,Significantly underrepresented
471,Ida,Overall Pool,American Indian/Alaskan Native,1010,1,0.1,0.4630299522500362,-0.3630299522500362,0.004630299522500362,4.676602517725366,-3.6766025177253656,0.0524819935974813,FALSE,TRUE,FALSE,"Below expected, not significant"
471,Ida,Overall Pool,Multiracial,1010,9,0.89,4.601360150484735,-3.7113601504847344,0.046013601504847346,46.47373751989582,-37.47373751989582,1.0924631800797303e-11,TRUE,TRUE,TRUE,Significantly underrepresented
471,Ida,Overall Pool,White,1010,986,97.62,91.5062943134134,6.113705686586613,0.915062943134134,924.2135725654754,61.786427434524626,0.9999999999999999,FALSE,FALSE,FALSE,At or above expected
471,Ida,Overall Pool,Black/African American,1010,1,0.1,0.33280277817971354,-0.2328027781797135,0.0033280277817971356,3.361308059615107,-2.361308059615107,0.15083458124051935,FALSE,TRUE,FALSE,"Below expected, not significant"
471,Ida,Overall Pool,Native Hawaiian/Pacific Islander,1010,1,0.1,0,0.1,0,0,1,1,FALSE,FALSE,FALSE,At or above expected
471,Ida,Overall Pool,Asian,1010,0,0,0.6656055563594271,-0.6656055563594271,0.006656055563594271,6.722616119230214,-6.722616119230214,0.001176644014273322,TRUE,TRUE,TRUE,Significantly underrepresented
471,Ida,Overall Pool,HLSO Ethnicity,1010,26,2.57,4.138330198234699,-1.5683301982346989,0.041383301982346986,41.79713500217046,-15.797135002170457,0.005248155457542611,TRUE,TRUE,TRUE,Significantly underrepresented
481,Iowa,Overall Pool,Black/African American,1479,8,0.54,0.3271339431756225,0.2128660568243775,0.003271339431756225,4.838311019567456,3.161688980432544,0.9422568379969519,FALSE,FALSE,FALSE,At or above expected
481,Iowa,Overall Pool,Asian,1479,3,0.2,0.24232143938934997,-0.04232143938934996,0.0024232143938934998,3.583934088568486,-0.583934088568486,0.5184832693161117,FALSE,FALSE,FALSE,"Below expected, not significant"
481,Iowa,Overall Pool,Native Hawaiian/Pacific Islander,1479,0,0,0,0,0,0,0,1,FALSE,FALSE,FALSE,Equal to expected
481,Iowa,Overall Pool,Multiracial,1479,17,1.15,4.07100018174108,-2.92100018174108,0.040710001817410794,60.210092687950564,-43.210092687950564,2.5674545132502188e-11,TRUE,TRUE,TRUE,Significantly underrepresented
481,Iowa,Overall Pool,White,1479,1429,96.62,92.50620948688434,4.11379051311566,0.9250620948688435,1368.1668383110195,60.833161688980454,0.999999999991799,FALSE,FALSE,FALSE,At or above expected
481,Iowa,Overall Pool,HLSO Ethnicity,1479,26,1.76,3.416732295389835,-1.656732295389835,0.03416732295389835,50.53347064881566,-24.53347064881566,8.79979900105934e-5,TRUE,TRUE,TRUE,Significantly underrepresented
481,Iowa,Overall Pool,American Indian/Alaskan Native,1479,5,0.34,0.09087053977100625,0.2491294602289938,9.087053977100625e-4,1.3439752832131824,3.656024716786818,0.9973905645548172,FALSE,FALSE,FALSE,At or above expected
491,Jackson,Overall Pool,Native Hawaiian/Pacific Islander,2251,8,0.36,0.46415678184631254,-0.10415678184631257,0.0046415678184631255,10.448169159360495,-2.4481691593604946,0.28409333716017343,FALSE,FALSE,FALSE,"Below expected, not significant"
491,Jackson,Overall Pool,Asian,2251,7,0.31,0.11346054667354306,0.19653945332645695,0.0011346054667354306,2.5539969056214544,4.446003094378545,0.9952174595061758,FALSE,FALSE,FALSE,At or above expected
491,Jackson,Overall Pool,Black/African American,2251,13,0.58,0.9747292418772564,-0.39472924187725633,0.009747292418772565,21.941155234657042,-8.941155234657042,0.02797506228498171,TRUE,TRUE,FALSE,Significantly underrepresented
491,Jackson,Overall Pool,Multiracial,2251,20,0.89,2.6869520371325426,-1.7969520371325425,0.026869520371325426,60.48329035585353,-40.48329035585353,9.664376999356937e-10,TRUE,TRUE,TRUE,Significantly underrepresented
491,Jackson,Overall Pool,HLSO Ethnicity,2251,24,1.07,1.5781330582774626,-0.5081330582774626,0.015781330582774627,35.52377514182569,-11.523775141825688,0.02588526469096212,TRUE,TRUE,FALSE,Significantly underrepresented
491,Jackson,Overall Pool,White,2251,2186,97.11,93.64620938628158,3.463790613718416,0.9364620938628159,2107.9761732851985,78.02382671480154,0.9999999999999781,FALSE,FALSE,FALSE,At or above expected
491,Jackson,Overall Pool,American Indian/Alaskan Native,2251,6,0.27,0.06704486848891181,0.2029551315110882,6.704486848891181e-4,1.5091799896854048,4.490820010314595,0.9990466076086338,FALSE,FALSE,FALSE,At or above expected
501,Jasper,Overall Pool,Multiracial,2233,18,0.81,4.226168519787111,-3.4161685197871106,0.04226168519787111,94.37034304684619,-76.37034304684619,1.8189270364854187e-22,TRUE,TRUE,TRUE,Significantly underrepresented
501,Jasper,Overall Pool,HLSO Ethnicity,2233,43,1.93,3.101122411340043,-1.1711224113400431,0.031011224113400432,69.24806344522317,-26.248063445223167,4.060900646062828e-4,TRUE,TRUE,TRUE,Significantly underrepresented
501,Jasper,Overall Pool,Native Hawaiian/Pacific Islander,2233,3,0.13,0.17125994625072455,-0.04125994625072454,0.0017125994625072456,3.8242345997786793,-0.8242345997786793,0.46839567437759144,FALSE,FALSE,FALSE,"Below expected, not significant"
501,Jasper,Overall Pool,White,2233,2138,95.75,90.75196290246087,4.998037097539125,0.9075196290246087,2026.4913316119512,111.50866838804882,1,FALSE,FALSE,FALSE,At or above expected
501,Jasper,Overall Pool,American Indian/Alaskan Native,2233,7,0.31,0.08431258892343363,0.22568741107656637,8.431258892343362e-4,1.8827001106602728,5.117299889339727,0.9992568302964508,FALSE,FALSE,FALSE,At or above expected
501,Jasper,Overall Pool,Asian,2233,18,0.81,0.7403699214839016,0.06963007851609848,0.007403699214839016,16.532460346735522,1.4675396532644776,0.697279699920789,FALSE,FALSE,FALSE,At or above expected
501,Jasper,Overall Pool,Black/African American,2233,19,0.85,1.5360699794488064,-0.6860699794488064,0.015360699794488064,34.30044264109185,-15.300442641091848,0.003073365903780872,TRUE,TRUE,TRUE,Significantly underrepresented
511,Jefferson,Overall Pool,Native Hawaiian/Pacific Islander,742,1,0.13,0,0.13,0,0,1,1,FALSE,FALSE,FALSE,At or above expected
511,Jefferson,Overall Pool,White,742,696,93.8,82.4005093919134,11.399490608086596,0.824005093919134,611.4117796879974,84.58822031200259,1,FALSE,FALSE,FALSE,At or above expected
511,Jefferson,Overall Pool,Black/African American,742,9,1.21,2.5405921680993315,-1.3305921680993316,0.025405921680993315,18.85119388729704,-9.85119388729704,0.008962814425193737,TRUE,TRUE,TRUE,Significantly underrepresented
511,Jefferson,Overall Pool,Multiracial,742,6,0.81,3.457497612225406,-2.647497612225406,0.03457497612225406,25.654632282712512,-19.654632282712512,2.806183675225415e-6,TRUE,TRUE,TRUE,Significantly underrepresented
511,Jefferson,Overall Pool,HLSO Ethnicity,742,17,2.29,4.1006049028971665,-1.8106049028971665,0.04100604902897167,30.426488379496977,-13.426488379496977,0.005196756680156857,TRUE,TRUE,TRUE,Significantly underrepresented
511,Jefferson,Overall Pool,Asian,742,15,2.02,8.182107609041706,-6.162107609041707,0.08182107609041706,60.71123845908946,-45.71123845908946,5.37655520046183e-13,TRUE,TRUE,TRUE,Significantly underrepresented
511,Jefferson,Overall Pool,American Indian/Alaskan Native,742,1,0.13,0.7831900668576885,-0.6531900668576885,0.007831900668576886,5.811270296084049,-4.811270296084049,0.020063448520091277,TRUE,TRUE,TRUE,Significantly underrepresented
521,Johnson,Overall Pool,Asian,6083,303,4.98,5.649295513888623,-0.6692955138886223,0.056492955138886226,343.64664610984494,-40.64664610984494,0.011782854506982934,TRUE,TRUE,TRUE,Significantly underrepresented
521,Johnson,Overall Pool,Black/African American,6083,449,7.38,7.698593581419698,-0.31859358141969807,0.07698593581419698,468.3054475577602,-19.305447557760203,0.1831779420799684,FALSE,FALSE,FALSE,"Below expected, not significant"
521,Johnson,Overall Pool,Multiracial,6083,110,1.81,7.722214774098404,-5.912214774098404,0.07722214774098404,469.74232470840593,-359.74232470840593,8.05380183339719e-94,TRUE,TRUE,TRUE,Significantly underrepresented
521,Johnson,Overall Pool,Native Hawaiian/Pacific Islander,6083,6,0.1,0.01979072900107891,0.08020927099892108,1.979072900107891e-4,1.2038700451356301,4.796129954864369,0.9997446174876683,FALSE,FALSE,FALSE,At or above expected
521,Johnson,Overall Pool,White,6083,5004,82.26,74.81597814082062,7.444021859179387,0.7481597814082062,4551.055950306118,452.94404969388233,1,FALSE,FALSE,FALSE,At or above expected
521,Johnson,Overall Pool,American Indian/Alaskan Native,6083,14,0.23,0.17428609733208206,0.05571390266791795,0.0017428609733208206,10.601823300710551,3.398176699289449,0.8816037464263622,FALSE,FALSE,FALSE,At or above expected
521,Johnson,Overall Pool,HLSO Ethnicity,6083,326,5.36,6.737785608947963,-1.3777856089479623,0.06737785608947963,409.8594985923046,-83.85949859230459,5.3337716936936075e-6,TRUE,TRUE,TRUE,Significantly underrepresented
531,Jones,Overall Pool,Multiracial,1573,14,0.89,3.9672664624808576,-3.0772664624808574,0.039672664624808576,62.40510145482389,-48.40510145482389,7.298457753237221e-14,TRUE,TRUE,TRUE,Significantly underrepresented
531,Jones,Overall Pool,Native Hawaiian/Pacific Islander,1573,0,0,0,0,0,0,0,1,FALSE,FALSE,FALSE,Equal to expected
531,Jones,Overall Pool,Black/African American,1573,5,0.32,2.459800918836141,-2.139800918836141,0.02459800918836141,38.6926684532925,-33.6926684532925,8.976442025313703e-12,TRUE,TRUE,TRUE,Significantly underrepresented
531,Jones,Overall Pool,Asian,1573,3,0.19,0.6125574272588056,-0.4225574272588056,0.006125574272588055,9.63552833078101,-6.6355283307810105,0.01327784277313766,TRUE,TRUE,TRUE,Significantly underrepresented
531,Jones,Overall Pool,HLSO Ethnicity,1573,30,1.91,2.598583460949464,-0.6885834609494641,0.02598583460949464,40.87571784073507,-10.87571784073507,0.045123008914136536,TRUE,TRUE,FALSE,Significantly underrepresented
531,Jones,Overall Pool,White,1573,1528,97.14,91.52947932618684,5.61052067381317,0.9152947932618685,1439.7587098009192,88.24129019908082,1,FALSE,FALSE,FALSE,At or above expected
531,Jones,Overall Pool,American Indian/Alaskan Native,1573,4,0.25,0.08135528330781011,0.1686447166921899,8.135528330781011e-4,1.279718606431853,2.720281393568147,0.9900153570404451,FALSE,FALSE,FALSE,At or above expected
541,Keokuk,Overall Pool,HLSO Ethnicity,1414,19,1.34,2.347843611446997,-1.007843611446997,0.02347843611446997,33.19850866586054,-14.198508665860537,0.00503471398948991,TRUE,TRUE,TRUE,Significantly underrepresented
541,Keokuk,Overall Pool,Multiracial,1414,7,0.5,3.2144296654574767,-2.7144296654574767,0.032144296654574765,45.45203546956872,-38.45203546956872,9.956773067754747e-13,TRUE,TRUE,TRUE,Significantly underrepresented
541,Keokuk,Overall Pool,Asian,1414,4,0.28,0.2015316404675534,0.07846835953244663,0.002015316404675534,2.8496573962112053,1.1503426037887947,0.8400458536543792,FALSE,FALSE,FALSE,At or above expected
541,Keokuk,Overall Pool,White,1414,1384,97.88,94.5888754534462,3.291124546553803,0.9458887545344621,1337.4866989117295,46.51330108827051,0.9999999998060206,FALSE,FALSE,FALSE,At or above expected
541,Keokuk,Overall Pool,Native Hawaiian/Pacific Islander,1414,0,0,0,0,0,0,0,1,FALSE,FALSE,FALSE,Equal to expected
541,Keokuk,Overall Pool,Black/African American,1414,5,0.35,0.2619911326078194,0.08800886739218056,0.0026199113260781943,3.7045546150745667,1.2954453849254333,0.8296804297115941,FALSE,FALSE,FALSE,At or above expected
541,Keokuk,Overall Pool,American Indian/Alaskan Native,1414,2,0.14,0.09068923821039904,0.04931076178960097,9.068923821039903e-4,1.2823458282950424,0.7176541717049576,0.8612328331784378,FALSE,FALSE,FALSE,At or above expected
551,Kossuth,Overall Pool,American Indian/Alaskan Native,1602,5,0.31,0.13089005235602094,0.17910994764397906,0.0013089005235602095,2.0968586387434556,2.9031413612565444,0.9797603999399985,FALSE,FALSE,FALSE,At or above expected
551,Kossuth,Overall Pool,Multiracial,1602,12,0.75,4.464039680352714,-3.7140396803527143,0.04464039680352714,71.51391567925047,-59.513915679250474,1.2442231707393382e-18,TRUE,TRUE,TRUE,Significantly underrepresented
551,Kossuth,Overall Pool,Black/African American,1602,6,0.37,0.7164508128961147,-0.3464508128961147,0.0071645081289611464,11.477542022595756,-5.477542022595756,0.06035888185476412,FALSE,TRUE,FALSE,"Below expected, not significant"
551,Kossuth,Overall Pool,Asian,1602,7,0.44,0.4133370074400662,0.02666299255993381,0.004133370074400662,6.62165885918986,0.37834114081014025,0.6550067037756017,FALSE,FALSE,FALSE,At or above expected
551,Kossuth,Overall Pool,HLSO Ethnicity,1602,48,3,4.505373381096721,-1.505373381096721,0.04505373381096721,72.17608156516947,-24.17608156516947,0.0013231632111819723,TRUE,TRUE,TRUE,Significantly underrepresented
551,Kossuth,Overall Pool,White,1602,1549,96.69,91.72637090107467,4.963629098925324,0.9172637090107467,1469.4564618352163,79.54353816478374,0.9999999999999998,FALSE,FALSE,FALSE,At or above expected
551,Kossuth,Overall Pool,Native Hawaiian/Pacific Islander,1602,0,0,0.05511160099200882,-0.05511160099200882,5.511160099200882e-4,0.8828878478919814,-0.8828878478919814,0.4134861646824416,FALSE,FALSE,FALSE,"Below expected, not significant"
561,Lee,Overall Pool,HLSO Ethnicity,1492,23,1.54,3.4809837959444256,-1.9409837959444256,0.034809837959444256,51.93627823549083,-28.936278235490832,4.0057320440962986e-6,TRUE,TRUE,TRUE,Significantly underrepresented
562,Lee,Overall Pool,HLSO Ethnicity,1553,48,3.09,3.4809837959444256,-0.3909837959444258,0.034809837959444256,54.05967835101693,-6.059678351016927,0.2233175790371127,FALSE,FALSE,FALSE,"Below expected, not significant"
562,Lee,Overall Pool,Multiracial,1553,14,0.9,4.669686559450339,-3.769686559450339,0.04669686559450339,72.52023226826377,-58.52023226826377,1.6019004434091478e-17,TRUE,TRUE,TRUE,Significantly underrepresented
561,Lee,Overall Pool,Multiracial,1492,26,1.74,4.669686559450339,-2.9296865594503387,0.04669686559450339,69.67172346699905,-43.671723466999055,9.148433094529835e-10,TRUE,TRUE,TRUE,Significantly underrepresented
562,Lee,Overall Pool,Black/African American,1553,36,2.32,2.477730824187517,-0.15773082418751727,0.02477730824187517,38.47915969963214,-2.4791596996321417,0.3822184770281251,FALSE,FALSE,FALSE,"Below expected, not significant"
561,Lee,Overall Pool,Black/African American,1492,58,3.89,2.477730824187517,1.412269175812483,0.02477730824187517,36.96774389687776,21.032256103122243,0.9995724406278743,FALSE,FALSE,FALSE,At or above expected
561,Lee,Overall Pool,Asian,1492,6,0.4,0.562429696287964,-0.162429696287964,0.005624296962879641,8.391451068616425,-2.3914510686164245,0.2671900161130458,FALSE,FALSE,FALSE,"Below expected, not significant"
562,Lee,Overall Pool,Asian,1553,2,0.13,0.562429696287964,-0.432429696287964,0.005624296962879641,8.734533183352081,-6.734533183352081,0.007589623962381614,TRUE,TRUE,TRUE,Significantly underrepresented
562,Lee,Overall Pool,White,1553,1469,94.59,90.28060681603988,4.309393183960111,0.9028060681603988,1402.0578238530993,66.94217614690069,0.999999999792849,FALSE,FALSE,FALSE,At or above expected
561,Lee,Overall Pool,White,1492,1382,92.63,90.28060681603988,2.349393183960103,0.9028060681603988,1346.986653695315,35.013346304685,0.9993552169885067,FALSE,FALSE,FALSE,At or above expected
561,Lee,Overall Pool,American Indian/Alaskan Native,1492,3,0.2,0.10640561821664184,0.09359438178335816,0.0010640561821664183,1.5875718237922962,1.4124281762077038,0.9229926535658197,FALSE,FALSE,FALSE,At or above expected
562,Lee,Overall Pool,American Indian/Alaskan Native,1553,2,0.13,0.10640561821664184,0.02359438178335816,0.0010640561821664183,1.6524792509044477,0.3475207490955523,0.7697603099617991,FALSE,FALSE,FALSE,At or above expected
561,Lee,Overall Pool,Native Hawaiian/Pacific Islander,1492,0,0,0.0638433709299851,-0.0638433709299851,6.384337092998509e-4,0.9525430942753776,-0.9525430942753776,0.3856414251815352,FALSE,FALSE,FALSE,"Below expected, not significant"
562,Lee,Overall Pool,Native Hawaiian/Pacific Islander,1553,0,0,0.0638433709299851,-0.0638433709299851,6.384337092998509e-4,0.9914875505426685,-0.9914875505426685,0.3709069023770172,FALSE,FALSE,FALSE,"Below expected, not significant"
571,Linn,Overall Pool,Multiracial,17696,310,1.75,6.531190761899793,-4.781190761899793,0.06531190761899792,1155.7595172257872,-845.7595172257872,1.288349869932545e-201,TRUE,TRUE,TRUE,Significantly underrepresented
571,Linn,Overall Pool,HLSO Ethnicity,17696,538,3.04,4.122536999356533,-1.0825369993565328,0.041225369993565325,729.524147406132,-191.524147406132,2.0539771322110162e-14,TRUE,TRUE,TRUE,Significantly underrepresented
571,Linn,Overall Pool,White,17696,15665,88.52,82.35030695118346,6.169693048816541,0.8235030695118346,14572.710318081425,1092.2896819185753,1,FALSE,FALSE,FALSE,At or above expected
571,Linn,Overall Pool,Native Hawaiian/Pacific Islander,17696,32,0.18,0.02304307751169545,0.1569569224883045,2.3043077511695448e-4,4.077702996469626,27.922297003530375,1,FALSE,FALSE,FALSE,At or above expected
571,Linn,Overall Pool,Black/African American,17696,947,5.35,5.971635275908245,-0.6216352759082451,0.05971635275908245,1056.740578424723,-109.74057842472303,2.163422810360636e-4,TRUE,TRUE,TRUE,Significantly underrepresented
571,Linn,Overall Pool,American Indian/Alaskan Native,17696,51,0.29,0.22043094902697344,0.06956905097302654,0.0022043094902697343,39.00746073981322,11.992539260186781,0.9734010869531777,FALSE,FALSE,FALSE,At or above expected
571,Linn,Overall Pool,Asian,17696,363,2.05,2.393001860837203,-0.34300186083720297,0.023930018608372027,423.4656092937514,-60.46560929375141,0.001290002250663148,TRUE,TRUE,TRUE,Significantly underrepresented
581,Louisa,Overall Pool,Black/African American,939,3,0.32,1.030155459823937,-0.710155459823937,0.01030155459823937,9.67315976774677,-6.673159767746769,0.012788486237371747,TRUE,TRUE,TRUE,Significantly underrepresented
581,Louisa,Overall Pool,American Indian/Alaskan Native,939,0,0,0.6274583255291253,-0.6274583255291253,0.006274583255291253,5.891833676718487,-5.891833676718487,0.0027111137133913146,TRUE,TRUE,TRUE,Significantly underrepresented
581,Louisa,Overall Pool,Multiracial,939,11,1.17,8.03521258662671,-6.8652125866267095,0.0803521258662671,75.4506461884248,-64.4506461884248,2.141500093520368e-21,TRUE,TRUE,TRUE,Significantly underrepresented
581,Louisa,Overall Pool,HLSO Ethnicity,939,92,9.8,16.426297059374413,-6.626297059374412,0.16426297059374412,154.24292938752572,-62.24292938752572,3.5663585145470526e-9,TRUE,TRUE,TRUE,Significantly underrepresented
581,Louisa,Overall Pool,Asian,939,9,0.96,2.163326465630268,-1.2033264656302678,0.02163326465630268,20.313635512268217,-11.313635512268217,0.003864467354039306,TRUE,TRUE,TRUE,Significantly underrepresented
581,Louisa,Overall Pool,White,939,844,89.88,76.98070799775239,12.899292002247606,0.7698070799775238,722.8488480988949,121.1511519011051,1,FALSE,FALSE,FALSE,At or above expected
581,Louisa,Overall Pool,Native Hawaiian/Pacific Islander,939,1,0.11,0,0.11,0,0,1,1,FALSE,FALSE,FALSE,At or above expected
591,Lucas,Overall Pool,American Indian/Alaskan Native,519,0,0,0.01147315282239559,-0.01147315282239559,1.1473152822395589e-4,0.059545663148233105,-0.059545663148233105,0.9421892904731484,FALSE,FALSE,FALSE,"Below expected, not significant"
591,Lucas,Overall Pool,Native Hawaiian/Pacific Islander,519,0,0,0,0,0,0,0,1,FALSE,FALSE,FALSE,Equal to expected
591,Lucas,Overall Pool,Asian,519,1,0.19,0.8375401560348784,-0.6475401560348784,0.008375401560348784,4.346833409821019,-3.346833409821019,0.06844043946713894,FALSE,TRUE,FALSE,"Below expected, not significant"
591,Lucas,Overall Pool,White,519,505,97.3,93.98806792106473,3.3119320789352855,0.9398806792106472,487.7980725103259,17.20192748967412,0.9998592243553115,FALSE,FALSE,FALSE,At or above expected
591,Lucas,Overall Pool,HLSO Ethnicity,519,10,1.93,2.9256539697108765,-0.9956539697108766,0.029256539697108765,15.184144102799449,-5.184144102799449,0.10629382941861144,FALSE,TRUE,FALSE,"Below expected, not significant"
591,Lucas,Overall Pool,Multiracial,519,6,1.16,2.684717760440569,-1.5247177604405693,0.026847177604405692,13.933685176686554,-7.933685176686554,0.013865271156575014,TRUE,TRUE,TRUE,Significantly underrepresented
591,Lucas,Overall Pool,Black/African American,519,2,0.39,0.28682882055988984,0.10317117944011016,0.0028682882055988982,1.4886415787058283,0.51135842129417175,0.8118765940973626,FALSE,FALSE,FALSE,At or above expected
601,Lyon,Overall Pool,Native Hawaiian/Pacific Islander,1394,1,0.07,0.0328893274132544,0.03711067258674561,3.28893274132544e-4,0.45847722414076636,0.5415227758592336,0.9221417511937866,FALSE,FALSE,FALSE,At or above expected
601,Lyon,Overall Pool,American Indian/Alaskan Native,1394,1,0.07,0.15622430521295838,-0.08622430521295837,0.001562243052129584,2.1777668146686397,-1.1777668146686397,0.35979556950311903,FALSE,FALSE,FALSE,"Below expected, not significant"
601,Lyon,Overall Pool,Asian,1394,2,0.14,0.4851175793455024,-0.3451175793455024,0.004851175793455024,6.762539056076304,-4.762539056076304,0.03511022684310248,TRUE,TRUE,FALSE,Significantly underrepresented
601,Lyon,Overall Pool,HLSO Ethnicity,1394,32,2.3,3.864495971057392,-1.5644959710573922,0.03864495971057392,53.87107383654004,-21.87107383654004,7.476505044498893e-4,TRUE,TRUE,TRUE,Significantly underrepresented
601,Lyon,Overall Pool,Multiracial,1394,13,0.93,4.0700542673902325,-3.1400542673902323,0.04070054267390232,56.73655648741984,-43.73655648741984,1.4675365850554419e-12,TRUE,TRUE,TRUE,Significantly underrepresented
601,Lyon,Overall Pool,Black/African American,1394,2,0.14,0.3535602696924848,-0.21356026969248476,0.003535602696924848,4.928630159513238,-2.9286301595132382,0.1303378084799249,FALSE,TRUE,FALSE,"Below expected, not significant"
601,Lyon,Overall Pool,White,1394,1359,97.49,93.37280052622924,4.117199473770754,0.9337280052622924,1301.6168393356356,57.38316066436437,0.9999999999992617,FALSE,FALSE,FALSE,At or above expected
611,Madison,Overall Pool,Black/African American,1465,4,0.27,0.880302493205719,-0.6103024932057189,0.00880302493205719,12.896431525463782,-8.896431525463782,0.003916691294814019,TRUE,TRUE,TRUE,Significantly underrepresented
611,Madison,Overall Pool,Asian,1465,9,0.61,0.4490133522391586,0.16098664776084132,0.004490133522391586,6.578045610303674,2.4219543896963263,0.8710687309705807,FALSE,FALSE,FALSE,At or above expected
611,Madison,Overall Pool,American Indian/Alaskan Native,1465,2,0.14,0.0945291267871913,0.04547087321280871,9.45291267871913e-4,1.3848517074323525,0.6151482925676475,0.8372164239335661,FALSE,FALSE,FALSE,At or above expected
611,Madison,Overall Pool,White,1465,1433,97.82,94.25144747725392,3.5685525227460744,0.9425144747725391,1380.78370554177,52.216294458230095,0.999999999991122,FALSE,FALSE,FALSE,At or above expected
611,Madison,Overall Pool,Native Hawaiian/Pacific Islander,1465,0,0,0.04726456339359565,-0.04726456339359565,4.726456339359565e-4,0.6924258537161763,-0.6924258537161763,0.5002788973728101,FALSE,FALSE,FALSE,"Below expected, not significant"
611,Madison,Overall Pool,HLSO Ethnicity,1465,20,1.37,2.262790972468392,-0.8927909724683918,0.02262790972468392,33.14988774666194,-13.149887746661939,0.009178868240084716,TRUE,TRUE,TRUE,Significantly underrepresented
611,Madison,Overall Pool,Multiracial,1465,5,0.34,2.977667493796526,-2.6376674937965263,0.02977667493796526,43.62282878411911,-38.62282878411911,9.98086153525306e-14,TRUE,TRUE,TRUE,Significantly underrepresented
621,Mahaska,Overall Pool,HLSO Ethnicity,1650,22,1.33,2.4976159120839196,-1.1676159120839196,0.024976159120839198,41.21066254938468,-19.21066254938468,6.919239045438603e-4,TRUE,TRUE,TRUE,Significantly underrepresented
621,Mahaska,Overall Pool,Black/African American,1650,13,0.79,1.3305481131647063,-0.5405481131647063,0.013305481131647064,21.954043867217656,-8.954043867217656,0.027605775061097217,TRUE,TRUE,FALSE,Significantly underrepresented
621,Mahaska,Overall Pool,Asian,1650,7,0.42,1.0399164433949413,-0.6199164433949413,0.010399164433949414,17.158621316016532,-10.158621316016532,0.004761848164384829,TRUE,TRUE,TRUE,Significantly underrepresented
621,Mahaska,Overall Pool,American Indian/Alaskan Native,1650,2,0.12,0.08174015712274647,0.03825984287725352,8.174015712274648e-4,1.348712592525317,0.65128740747468306,0.8458142313051508,FALSE,FALSE,FALSE,At or above expected
621,Mahaska,Overall Pool,White,1650,1599,96.91,91.5535170973162,5.356482902683808,0.9155351709731621,1510.6330321057173,88.36696789428265,1,FALSE,FALSE,FALSE,At or above expected
621,Mahaska,Overall Pool,Multiracial,1650,16,0.97,4.3367694473457155,-3.3667694473457157,0.043367694473457154,71.5566958812043,-55.556695881204305,9.18595257267548e-16,TRUE,TRUE,TRUE,Significantly underrepresented
621,Mahaska,Overall Pool,Native Hawaiian/Pacific Islander,1650,0,0,0.2951727896099178,-0.2951727896099178,0.002951727896099178,4.870351028563643,-4.870351028563643,0.007615625312776323,TRUE,TRUE,TRUE,Significantly underrepresented
631,Marion,Overall Pool,Native Hawaiian/Pacific Islander,1690,3,0.18,0,0.18,0,0,3,1,FALSE,FALSE,FALSE,At or above expected
631,Marion,Overall Pool,White,1690,1614,95.5,93.31490398906128,2.185096010938707,0.9331490398906128,1577.0218774151356,36.97812258486442,0.9999421231361756,FALSE,FALSE,FALSE,At or above expected
631,Marion,Overall Pool,American Indian/Alaskan Native,1690,10,0.59,0.0356696985910469,0.5543303014089531,3.56696985910469e-4,0.6028179061886926,9.397182093811308,0.9999999999464528,FALSE,FALSE,FALSE,At or above expected
631,Marion,Overall Pool,Asian,1690,20,1.18,1.4059806194637656,-0.2259806194637657,0.014059806194637656,23.761072468937638,-3.7610724689376376,0.25611021465577416,FALSE,FALSE,FALSE,"Below expected, not significant"
631,Marion,Overall Pool,HLSO Ethnicity,1690,32,1.89,2.297723084239938,-0.4077230842399382,0.02297723084239938,38.831520123654954,-6.831520123654954,0.15137601833085682,FALSE,TRUE,FALSE,"Below expected, not significant"
631,Marion,Overall Pool,Black/African American,1690,11,0.65,0.4191189584448011,0.2308810415551989,0.004191189584448011,7.083110397717139,3.916889602282861,0.9431956384163425,FALSE,FALSE,FALSE,At or above expected
631,Marion,Overall Pool,Multiracial,1690,13,0.77,3.0884014030081444,-2.3184014030081443,0.030884014030081442,52.193983710837635,-39.193983710837635,6.089040495074551e-11,TRUE,TRUE,TRUE,Significantly underrepresented
641,Marshall,Overall Pool,Multiracial,5162,65,1.26,13.743331505210152,-12.483331505210153,0.13743331505210152,709.430772298948,-644.430772298948,9.739902502399221e-234,TRUE,TRUE,TRUE,Significantly underrepresented
641,Marshall,Overall Pool,HLSO Ethnicity,5162,795,15.4,24.617340579348856,-9.217340579348855,0.24617340579348856,1270.747120705988,-475.747120705988,5.196399558388882e-59,TRUE,TRUE,TRUE,Significantly underrepresented
641,Marshall,Overall Pool,Black/African American,5162,81,1.57,2.054145684798325,-0.4841456847983248,0.02054145684798325,106.03500024928954,-25.03500024928954,0.006348995173930447,TRUE,TRUE,TRUE,Significantly underrepresented
641,Marshall,Overall Pool,White,5162,4277,82.86,65.96450117166077,16.895498828339228,0.6596450117166077,3405.0875504811293,871.9124495188707,1,FALSE,FALSE,FALSE,At or above expected
641,Marshall,Overall Pool,American Indian/Alaskan Native,5162,31,0.6,1.261404995762078,-0.6614049957620781,0.012614049957620782,65.11372588123848,-34.11372588123848,1.7783323743933963e-6,TRUE,TRUE,TRUE,Significantly underrepresented
641,Marshall,Overall Pool,Asian,5162,139,2.69,4.118262950590816,-1.4282629505908164,0.04118262950590816,212.58473350949794,-73.58473350949794,2.680095000967414e-8,TRUE,TRUE,TRUE,Significantly underrepresented
641,Marshall,Overall Pool,Native Hawaiian/Pacific Islander,5162,13,0.25,0,0.25,0,0,13,1,FALSE,FALSE,FALSE,At or above expected
651,Mills,Overall Pool,Native Hawaiian/Pacific Islander,2033,4,0.2,0,0.2,0,0,4,1,FALSE,FALSE,FALSE,At or above expected
651,Mills,Overall Pool,Black/African American,2033,8,0.39,0.4049972542559033,-0.01499725425590331,0.004049972542559033,8.233594179022514,-0.23359417902251423,0.559911417234453,FALSE,FALSE,FALSE,"Below expected, not significant"
651,Mills,Overall Pool,White,2033,1955,96.16,92.68945634266886,3.4705436573311346,0.9268945634266886,1884.376647446458,70.62335255354196,0.9999999999817346,FALSE,FALSE,FALSE,At or above expected
651,Mills,Overall Pool,American Indian/Alaskan Native,2033,5,0.25,0.10982976386600768,0.14017023613399232,0.001098297638660077,2.232839099395936,2.767160900604064,0.9735700979391928,FALSE,FALSE,FALSE,At or above expected
651,Mills,Overall Pool,Multiracial,2033,16,0.79,5.107084019769357,-4.317084019769357,0.05107084019769357,103.82701812191102,-87.82701812191102,1.1577738433330973e-27,TRUE,TRUE,TRUE,Significantly underrepresented
651,Mills,Overall Pool,Asian,2033,14,0.69,0.5628775398132894,0.12712246018671058,0.005628775398132894,11.443300384404173,2.556699615595827,0.8204794128617316,FALSE,FALSE,FALSE,At or above expected
651,Mills,Overall Pool,HLSO Ethnicity,2033,60,2.95,3.864634816035146,-0.9146348160351456,0.03864634816035146,78.56802580999451,-18.56802580999451,0.015960631021441487,TRUE,TRUE,TRUE,Significantly underrepresented
661,Mitchell,Overall Pool,American Indian/Alaskan Native,860,3,0.35,0.3215130023640662,0.02848699763593376,0.003215130023640662,2.7650118203309693,0.23498817966903074,0.699795631505173,FALSE,FALSE,FALSE,At or above expected
661,Mitchell,Overall Pool,White,860,844,98.14,95.139479905437355,3.0005200945626456,0.9513947990543735,818.1995271867612,25.800472813238798,0.9999989025174689,FALSE,FALSE,FALSE,At or above expected
661,Mitchell,Overall Pool,Asian,860,1,0.12,0.6052009456264775,-0.48520094562647753,0.006052009456264776,5.204728132387707,-4.204728132387707,0.0337041143821584,TRUE,TRUE,FALSE,Significantly underrepresented
661,Mitchell,Overall Pool,Multiracial,860,4,0.47,1.8628841607565012,-1.3928841607565012,0.018628841607565012,16.02080378250591,-12.020803782505912,3.612027978398387e-4,TRUE,TRUE,TRUE,Significantly underrepresented
661,Mitchell,Overall Pool,HLSO Ethnicity,860,15,1.74,2.430260047281324,-0.6902600472813238,0.024302600472813237,20.900236406619385,-5.900236406619385,0.11213771547138383,FALSE,TRUE,FALSE,"Below expected, not significant"
661,Mitchell,Overall Pool,Native Hawaiian/Pacific Islander,860,0,0,0,0,0,0,0,1,FALSE,FALSE,FALSE,Equal to expected
661,Mitchell,Overall Pool,Black/African American,860,2,0.23,0.34988179669030733,-0.11988179669030732,0.0034988179669030732,3.008983451536643,-1.008983451536643,0.4207854233301535,FALSE,FALSE,FALSE,"Below expected, not significant"
671,Monona,Overall Pool,White,1940,1856,95.67,92.83627439523198,2.83372560476802,0.9283627439523198,1801.0237232675004,54.97627673249963,0.999999918143752,FALSE,FALSE,FALSE,At or above expected
671,Monona,Overall Pool,American Indian/Alaskan Native,1940,18,0.93,0.4674535468037864,0.4625464531962136,0.004674535468037864,9.068598807993457,8.931401192006543,0.9974324478235099,FALSE,FALSE,FALSE,At or above expected
671,Monona,Overall Pool,Black/African American,1940,21,1.08,0.24541311207198785,0.8345868879280123,0.0024541311207198786,4.761014374196565,16.238985625803437,0.9999999927802197,FALSE,FALSE,FALSE,At or above expected
671,Monona,Overall Pool,HLSO Ethnicity,1940,28,1.44,2.7229169101320556,-1.2829169101320557,0.027229169101320557,52.82458805656188,-24.82458805656188,1.126231938973315e-4,TRUE,TRUE,TRUE,Significantly underrepresented
671,Monona,Overall Pool,Multiracial,1940,16,0.82,5.808110319037046,-4.9881103190370455,0.05808110319037046,112.67734018931868,-96.67734018931868,3.516045601786892e-31,TRUE,TRUE,TRUE,Significantly underrepresented
671,Monona,Overall Pool,Asian,1940,11,0.57,0,0.57,0,0,11,1,FALSE,FALSE,FALSE,At or above expected
671,Monona,Overall Pool,Native Hawaiian/Pacific Islander,1940,1,0.05,0,0.05,0,0,1,1,FALSE,FALSE,FALSE,At or above expected
681,Monroe,Overall Pool,American Indian/Alaskan Native,707,4,0.57,0.14641288433382138,0.42358711566617857,0.0014641288433382138,1.0351390922401171,2.964860907759883,0.9958094166514875,FALSE,FALSE,FALSE,At or above expected
681,Monroe,Overall Pool,Asian,707,3,0.42,0.4658591774257953,-0.04585917742579532,0.004658591774257953,3.2936243844003728,-0.29362438440037275,0.5815957200632059,FALSE,FALSE,FALSE,"Below expected, not significant"
681,Monroe,Overall Pool,HLSO Ethnicity,707,9,1.27,2.0764009050978305,-0.8064009050978305,0.020764009050978305,14.680154399041662,-5.680154399041662,0.07872923114112594,FALSE,TRUE,FALSE,"Below expected, not significant"
681,Monroe,Overall Pool,Multiracial,707,2,0.28,2.8084653267669375,-2.5284653267669377,0.028084653267669374,19.855849860242248,-17.855849860242248,4.118059699563542e-7,TRUE,TRUE,TRUE,Significantly underrepresented
681,Monroe,Overall Pool,Black/African American,707,2,0.28,1.1979235990949022,-0.9179235990949022,0.011979235990949022,8.469319845600959,-6.469319845600959,0.009221792697447573,TRUE,TRUE,TRUE,Significantly underrepresented
681,Monroe,Overall Pool,White,707,693,98.02,94.7823772128311,3.2376227871689025,0.9478237721283109,670.1114068947159,22.888593105284144,0.9999964650802335,FALSE,FALSE,FALSE,At or above expected
681,Monroe,Overall Pool,Native Hawaiian/Pacific Islander,707,0,0,0.03993078663649674,-0.03993078663649674,3.993078663649674e-4,0.2823106615200319,-0.2823106615200319,0.7539968859948708,FALSE,FALSE,FALSE,"Below expected, not significant"
691,Montgomery,Overall Pool,Multiracial,1452,9,0.62,3.2993929900137067,-2.6793929900137066,0.03299392990013707,47.90718621499902,-38.90718621499902,4.099312304979631e-12,TRUE,TRUE,TRUE,Significantly underrepresented
691,Montgomery,Overall Pool,White,1452,1395,96.07,91.95222243978851,4.117777560211465,0.9195222243978851,1335.1462698257292,59.85373017427082,0.9999999999270567,FALSE,FALSE,FALSE,At or above expected
691,Montgomery,Overall Pool,Black/African American,1452,9,0.62,1.801448991580184,-1.1814489915801842,0.01801448991580184,26.15703935774427,-17.15703935774427,9.219278962905655e-5,TRUE,TRUE,TRUE,Significantly underrepresented
691,Montgomery,Overall Pool,Asian,1452,4,0.28,1.0671627178382612,-0.7871627178382612,0.010671627178382612,15.495202663011552,-11.495202663011552,5.618253817783208e-4,TRUE,TRUE,TRUE,Significantly underrepresented
691,Montgomery,Overall Pool,HLSO Ethnicity,1452,30,2.07,0.8028196592911689,1.267180340708831,0.00802819659291169,11.656941452907773,18.343058547092227,0.9999983247388615,FALSE,FALSE,FALSE,At or above expected
691,Montgomery,Overall Pool,Native Hawaiian/Pacific Islander,1452,1,0.07,0.3622478950460152,-0.2922478950460152,0.0036224789504601517,5.25983943606814,-4.25983943606814,0.03231626561060186,TRUE,TRUE,FALSE,Significantly underrepresented
691,Montgomery,Overall Pool,American Indian/Alaskan Native,1452,9,0.62,0.05874290189935383,0.5612570981006462,5.874290189935383e-4,0.8529469355786176,8.147053064421382,0.9999999747328538,FALSE,FALSE,FALSE,At or above expected
701,Muscatine,Overall Pool,Asian,11980,112,0.93,0.6391127611081088,0.2908872388918913,0.0063911276110810876,76.56570878075144,35.434291219248564,0.9999450037290031,FALSE,FALSE,FALSE,At or above expected
701,Muscatine,Overall Pool,American Indian/Alaskan Native,11980,42,0.35,0.3195563805540544,0.03044361944594559,0.0031955638055405438,38.28285439037572,3.717145609624282,0.7571380506340395,FALSE,FALSE,FALSE,At or above expected
701,Muscatine,Overall Pool,Black/African American,11980,219,1.83,2.2509927394910596,-0.42099273949105953,0.022509927394910596,269.66893019102895,-50.66893019102895,7.32243516382427e-4,TRUE,TRUE,TRUE,Significantly underrepresented
701,Muscatine,Overall Pool,White,11980,10383,86.67,74.97356610822624,11.696433891773763,0.7497356610822624,8981.833219765504,1401.1667802344964,1,FALSE,FALSE,FALSE,At or above expected
701,Muscatine,Overall Pool,HLSO Ethnicity,11980,1497,12.5,18.80918254658239,-6.309182546582392,0.18809182546582393,2253.3400690805706,-756.3400690805706,2.5438073912952277e-77,TRUE,TRUE,TRUE,Significantly underrepresented
701,Muscatine,Overall Pool,Multiracial,11980,207,1.73,8.000657910195258,-6.270657910195258,0.08000657910195258,958.4788176413919,-751.4788176413919,1.2064377088026988e-201,TRUE,TRUE,TRUE,Significantly underrepresented
701,Muscatine,Overall Pool,Native Hawaiian/Pacific Islander,11980,13,0.11,0,0.11,0,0,13,1,FALSE,FALSE,FALSE,At or above expected
711,O'Brien,Overall Pool,HLSO Ethnicity,1685,70,4.15,7.603001557411865,-3.4530015574118647,0.07603001557411865,128.11057624238993,-58.110576242389925,4.742244798651715e-9,TRUE,TRUE,TRUE,Significantly underrepresented
711,O'Brien,Overall Pool,Asian,1685,14,0.83,0.6512813252159139,0.1787186747840861,0.006512813252159138,10.974090329888147,3.0259096701118526,0.8566370991691299,FALSE,FALSE,FALSE,At or above expected
711,O'Brien,Overall Pool,White,1685,1600,94.96,86.98853178536032,7.971468214639671,0.8698853178536032,1465.7567605833215,134.24323941667853,1,FALSE,FALSE,FALSE,At or above expected
711,O'Brien,Overall Pool,Native Hawaiian/Pacific Islander,1685,5,0.3,0.15574118646467508,0.1442588135353249,0.0015574118646467508,2.624238991929775,2.375761008070225,0.9492995565443003,FALSE,FALSE,FALSE,At or above expected
711,O'Brien,Overall Pool,American Indian/Alaskan Native,1685,5,0.3,0.3893529661616876,-0.08935296616168764,0.0038935296616168756,6.560597479824436,-1.5605974798244358,0.3598572658575737,FALSE,FALSE,FALSE,"Below expected, not significant"
711,O'Brien,Overall Pool,Multiracial,1685,14,0.83,6.173014299872576,-5.343014299872576,0.06173014299872576,104.0152909528529,-90.0152909528529,1.2405087479764796e-29,TRUE,TRUE,TRUE,Significantly underrepresented
711,O'Brien,Overall Pool,Black/African American,1685,4,0.24,1.6989947614328191,-1.4589947614328191,0.01698994761432819,28.628061730143003,-24.628061730143003,9.933209361733385e-9,TRUE,TRUE,TRUE,Significantly underrepresented
721,Osceola,Overall Pool,Black/African American,1371,2,0.15,0.4754098360655738,-0.32540983606557383,0.004754098360655738,6.517868852459016,-4.517868852459016,0.04213520878497812,TRUE,TRUE,FALSE,Significantly underrepresented
721,Osceola,Overall Pool,American Indian/Alaskan Native,1371,6,0.44,1.0655737704918031,-0.6255737704918032,0.010655737704918032,14.609016393442623,-8.609016393442623,0.009484504715422842,TRUE,TRUE,TRUE,Significantly underrepresented
721,Osceola,Overall Pool,Native Hawaiian/Pacific Islander,1371,1,0.07,0,0.07,0,0,1,1,FALSE,FALSE,FALSE,At or above expected
721,Osceola,Overall Pool,HLSO Ethnicity,1371,68,4.96,10.60655737704918,-5.64655737704918,0.1060655737704918,145.41590163934427,-77.41590163934427,5.347687679622928e-14,TRUE,TRUE,TRUE,Significantly underrepresented
721,Osceola,Overall Pool,Asian,1371,9,0.66,0.5737704918032787,0.08622950819672137,0.005737704918032787,7.86639344262295,1.1336065573770497,0.7334555451921815,FALSE,FALSE,FALSE,At or above expected
721,Osceola,Overall Pool,White,1371,1309,95.48,84.0327868852459,11.447213114754106,0.840327868852459,1152.0895081967212,156.91049180327877,1,FALSE,FALSE,FALSE,At or above expected
721,Osceola,Overall Pool,Multiracial,1371,3,0.22,10.147540983606556,-9.927540983606557,0.10147540983606555,139.1227868852459,-136.1227868852459,1.2261437454352065e-58,TRUE,TRUE,TRUE,Significantly underrepresented
731,Page,Overall Pool,Asian,1751,14,0.8,0.6542859031128148,0.14571409688718528,0.006542859031128148,11.456546163505386,2.5434538364946135,0.8194964674683666,FALSE,FALSE,FALSE,At or above expected
731,Page,Overall Pool,HLSO Ethnicity,1751,44,2.51,3.337519000726984,-0.8275190007269844,0.033375190007269843,58.439957702729494,-14.439957702729494,0.02791166401521472,TRUE,TRUE,FALSE,Significantly underrepresented
731,Page,Overall Pool,Multiracial,1751,20,1.14,4.778269777278435,-3.638269777278435,0.04778269777278435,83.6675038001454,-63.6675038001454,2.0966976490267317e-17,TRUE,TRUE,TRUE,Significantly underrepresented
731,Page,Overall Pool,White,1751,1680,95.95,90.29145462956843,5.658545370431568,0.9029145462956844,1581.0033705637434,98.99662943625663,1,FALSE,FALSE,FALSE,At or above expected
731,Page,Overall Pool,Native Hawaiian/Pacific Islander,1751,0,0,0.01321789703258211,-0.01321789703258211,1.321789703258211e-4,0.23144537704051274,-0.23144537704051274,0.7933738947192446,FALSE,FALSE,FALSE,"Below expected, not significant"
731,Page,Overall Pool,American Indian/Alaskan Native,1751,5,0.29,0.5485427268521579,-0.2585427268521579,0.005485427268521578,9.604983147181283,-4.604983147181283,0.08300548153601796,FALSE,TRUE,FALSE,"Below expected, not significant"
731,Page,Overall Pool,Black/African American,1751,6,0.34,1.7117176657193838,-1.3717176657193837,0.01711717665719384,29.97217632674641,-23.97217632674641,1.0145553299392419e-7,TRUE,TRUE,TRUE,Significantly underrepresented
741,Palo Alto,Overall Pool,American Indian/Alaskan Native,1652,2,0.12,0.2369400880063184,-0.11694008800631842,0.002369400880063184,3.91425025386438,-1.9142502538643802,0.2505919882136244,FALSE,FALSE,FALSE,"Below expected, not significant"
741,Palo Alto,Overall Pool,Native Hawaiian/Pacific Islander,1652,0,0,0,0,0,0,0,1,FALSE,FALSE,FALSE,Equal to expected
741,Palo Alto,Overall Pool,Asian,1652,7,0.42,0.6431230960171499,-0.2231230960171499,0.006431230960171499,10.624393546203317,-3.6243935462033168,0.16828320725681817,FALSE,FALSE,FALSE,"Below expected, not significant"
741,Palo Alto,Overall Pool,Black/African American,1652,14,0.85,1.6360148933769605,-0.7860148933769605,0.016360148933769605,27.026966038587386,-13.026966038587386,0.004289609267703006,TRUE,TRUE,TRUE,Significantly underrepresented
741,Palo Alto,Overall Pool,White,1652,1595,96.55,91.25578246643347,5.29421753356651,0.9125578246643348,1507.545526345481,87.454473654519,1,FALSE,FALSE,FALSE,At or above expected
741,Palo Alto,Overall Pool,HLSO Ethnicity,1652,42,2.54,3.5089698747602394,-0.9689698747602392,0.03508969874760239,57.96818233103915,-15.968182331039152,0.015909231569938356,TRUE,TRUE,TRUE,Significantly underrepresented
741,Palo Alto,Overall Pool,Multiracial,1652,16,0.97,4.50186167212005,-3.5318616721200504,0.0450186167212005,74.37075482342323,-58.370754823423226,9.140047622685968e-17,TRUE,TRUE,TRUE,Significantly underrepresented
751,Plymouth,Overall Pool,White,2769,2609,94.22,88.02578941235872,6.19421058764128,0.8802578941235872,2437.434108828213,171.56589117178692,1,FALSE,FALSE,FALSE,At or above expected
751,Plymouth,Overall Pool,Black/African American,2769,27,0.98,2.3886278012972384,-1.4086278012972384,0.023886278012972384,66.14110381792054,-39.14110381792054,3.071716777844795e-8,TRUE,TRUE,TRUE,Significantly underrepresented
751,Plymouth,Overall Pool,Multiracial,2769,30,1.08,4.746184021439391,-3.666184021439391,0.04746184021439391,131.42183555365673,-101.42183555365673,2.154627467268191e-27,TRUE,TRUE,TRUE,Significantly underrepresented
751,Plymouth,Overall Pool,HLSO Ethnicity,2769,129,4.66,6.42016545616965,-1.7601654561696505,0.0642016545616965,177.77438148133763,-48.77438148133763,4.612741435740749e-5,TRUE,TRUE,TRUE,Significantly underrepresented
751,Plymouth,Overall Pool,Asian,2769,21,0.76,0.5243329319920768,0.23566706800792325,0.0052433293199207675,14.518778886860606,6.481221113139394,0.960335285180017,FALSE,FALSE,FALSE,At or above expected
751,Plymouth,Overall Pool,American Indian/Alaskan Native,2769,8,0.29,0.4272342408824329,-0.1372342408824329,0.004272342408824329,11.830116130034567,-3.8301161300345665,0.1659094098111827,FALSE,FALSE,FALSE,"Below expected, not significant"
751,Plymouth,Overall Pool,Native Hawaiian/Pacific Islander,2769,10,0.36,0.4350021361712044,-0.07500213617120438,0.004350021361712044,12.04520915058065,-2.04520915058065,0.3420437432652926,FALSE,FALSE,FALSE,"Below expected, not significant"
761,Pocahontas,Overall Pool,Black/African American,765,3,0.39,1.2915129151291511,-0.9015129151291512,0.012915129151291511,9.880073800738007,-6.880073800738007,0.010919498883157,TRUE,TRUE,TRUE,Significantly underrepresented
761,Pocahontas,Overall Pool,Asian,765,2,0.26,0.17030939540164633,0.08969060459835368,0.0017030939540164632,1.3028668748225944,0.6971331251774056,0.856588938919993,FALSE,FALSE,FALSE,At or above expected
761,Pocahontas,Overall Pool,HLSO Ethnicity,765,24,3.14,5.84728924212319,-2.7072892421231898,0.0584728924212319,44.731762702242406,-20.731762702242406,3.7580562316528164e-4,TRUE,TRUE,TRUE,Significantly underrepresented
761,Pocahontas,Overall Pool,American Indian/Alaskan Native,765,2,0.26,0.24127164348566563,0.01872835651433435,0.0024127164348566564,1.8457280726653422,0.15427192733465778,0.7183975718275932,FALSE,FALSE,FALSE,At or above expected
761,Pocahontas,Overall Pool,Native Hawaiian/Pacific Islander,765,4,0.52,0.7805847289242124,-0.26058472892421236,0.007805847289242124,5.971473176270225,-1.9714731762702247,0.2878492178673895,FALSE,FALSE,FALSE,"Below expected, not significant"
761,Pocahontas,Overall Pool,White,765,734,95.95,88.5892705080897,7.3607294919103055,0.885892705080897,677.7079193868863,56.29208061311374,0.9999999999998896,FALSE,FALSE,FALSE,At or above expected
761,Pocahontas,Overall Pool,Multiracial,765,4,0.52,5.350553505535055,-4.830553505535056,0.05350553505535055,40.93173431734317,-36.93173431734317,8.545152128055019e-14,TRUE,TRUE,TRUE,Significantly underrepresented
771,Polk,Overall Pool,White,19037,15723,82.59,73.157450191285335,9.432549808714668,0.7315745019128533,13926.983792914989,1796.016207085011,1,FALSE,FALSE,FALSE,At or above expected
771,Polk,Overall Pool,Native Hawaiian/Pacific Islander,19037,25,0.13,0.04729964724002583,0.08270035275997417,4.7299647240025834e-4,9.004433845083717,15.995566154916283,0.9999970548801757,FALSE,FALSE,FALSE,At or above expected
771,Polk,Overall Pool,Multiracial,19037,355,1.86,7.736870869975656,-5.876870869975655,0.07736870869975655,1472.8681075172656,-1117.8681075172656,1.558942994170937e-283,TRUE,TRUE,TRUE,Significantly underrepresented
771,Polk,Overall Pool,HLSO Ethnicity,19037,1323,6.95,10.3973766582203,-3.4473766582203007,0.103973766582203,1979.3485944253985,-656.3485944253985,3.2684075040464366e-61,TRUE,TRUE,TRUE,Significantly underrepresented
771,Polk,Overall Pool,Asian,19037,905,4.75,4.978983455060367,-0.22898345506036663,0.049789834550603665,947.849080339842,-42.849080339841976,0.07835429630678936,FALSE,TRUE,FALSE,"Below expected, not significant"
771,Polk,Overall Pool,American Indian/Alaskan Native,19037,55,0.29,0.31042877726437124,-0.02042877726437125,0.0031042877726437123,59.09632632781835,-4.096326327818353,0.32579398390620196,FALSE,FALSE,FALSE,"Below expected, not significant"
771,Polk,Overall Pool,Black/African American,19037,1251,6.57,7.43300044716053,-0.8630004471605295,0.0743300044716053,1415.02029512595,-164.02029512595004,2.1286862221226138e-6,TRUE,TRUE,TRUE,Significantly underrepresented
781,Pottawattamie,Overall Pool,Native Hawaiian/Pacific Islander,11686,15,0.13,0.17447336872752184,-0.04447336872752183,0.0017447336872752183,20.388957869498203,-5.388957869498203,0.13716738670180642,FALSE,TRUE,FALSE,"Below expected, not significant"
781,Pottawattamie,Overall Pool,White,11686,10761,92.08,84.54786778557973,7.532132214420272,0.8454786778557972,9880.263829422845,880.7361705771546,1,FALSE,FALSE,FALSE,At or above expected
781,Pottawattamie,Overall Pool,Black/African American,11686,176,1.51,1.937403665011132,-0.4274036650111319,0.01937403665011132,226.40499229320088,-50.40499229320088,2.589055291998398e-4,TRUE,TRUE,TRUE,Significantly underrepresented
781,Pottawattamie,Overall Pool,American Indian/Alaskan Native,11686,41,0.35,0.27080835759547867,0.07919164240452131,0.0027080835759547865,31.646664668607634,9.353335331392366,0.95557104382117,FALSE,FALSE,FALSE,At or above expected
781,Pottawattamie,Overall Pool,Asian,11686,82,0.7,0.8873522863504025,-0.18735228635040255,0.008873522863504025,103.69598818290804,-21.69598818290804,0.015722804439319785,TRUE,TRUE,TRUE,Significantly underrepresented
781,Pottawattamie,Overall Pool,HLSO Ethnicity,11686,612,5.24,9.136838499743106,-3.8968384997431063,0.09136838499743107,1067.7309470799794,-455.7309470799794,2.4092343751595103e-56,TRUE,TRUE,TRUE,Significantly underrepresented
781,Pottawattamie,Overall Pool,Multiracial,11686,189,1.62,6.9842866929268705,-5.36428669292687,0.06984286692926871,816.1837429354341,-627.1837429354341,3.598285596446661e-162,TRUE,TRUE,TRUE,Significantly underrepresented
791,Poweshiek,Overall Pool,White,1492,1414,94.77,89.79778916149905,4.972210838500942,0.8979778916149905,1339.783014289566,74.21698571043407,0.9999999999985206,FALSE,FALSE,FALSE,At or above expected
791,Poweshiek,Overall Pool,HLSO Ethnicity,1492,44,2.95,3.5427338905365326,-0.5927338905365325,0.03542733890536533,52.85758964680507,-8.857589646805067,0.11901269567037195,FALSE,TRUE,FALSE,"Below expected, not significant"
791,Poweshiek,Overall Pool,Asian,1492,17,1.14,2.0490698301428956,-0.9090698301428956,0.020490698301428956,30.572121865732004,-13.572121865732004,0.005188788154517304,TRUE,TRUE,TRUE,Significantly underrepresented
791,Poweshiek,Overall Pool,Black/African American,1492,10,0.67,1.0407117821515233,-0.3707117821515232,0.010407117821515233,15.527419789700728,-5.527419789700728,0.0938306069410364,FALSE,TRUE,FALSE,"Below expected, not significant"
791,Poweshiek,Overall Pool,Multiracial,1492,16,1.07,5.268266379077918,-4.198266379077918,0.05268266379077918,78.60253437584254,-62.60253437584254,2.350696700987603e-18,TRUE,TRUE,TRUE,Significantly underrepresented
791,Poweshiek,Overall Pool,Native Hawaiian/Pacific Islander,1492,0,0,0,0,0,0,0,1,FALSE,FALSE,FALSE,Equal to expected
791,Poweshiek,Overall Pool,American Indian/Alaskan Native,1492,3,0.2,0.3019681854947425,-0.10196818549474251,0.003019681854947425,4.505365327581559,-1.5053653275815586,0.34100814688485837,FALSE,FALSE,FALSE,"Below expected, not significant"
801,Ringgold,Overall Pool,White,544,531,97.61,94.66092572658772,2.949074273412265,0.9466092572658772,514.9554359526372,16.04456404736277,0.9997742008361904,FALSE,FALSE,FALSE,At or above expected
801,Ringgold,Overall Pool,Black/African American,544,0,0,0.38751345532831,-0.38751345532831,0.0038751345532831,2.1080731969860063,-2.1080731969860063,0.12097536931688768,FALSE,TRUE,FALSE,"Below expected, not significant"
801,Ringgold,Overall Pool,Native Hawaiian/Pacific Islander,544,2,0.37,0,0.37,0,0,2,1,FALSE,FALSE,FALSE,At or above expected
801,Ringgold,Overall Pool,American Indian/Alaskan Native,544,0,0,0.3444564047362756,-0.3444564047362756,0.003444564047362756,1.8738428417653392,-1.8738428417653392,0.1530366937568838,FALSE,TRUE,FALSE,"Below expected, not significant"
801,Ringgold,Overall Pool,Asian,544,2,0.37,0,0.37,0,0,2,1,FALSE,FALSE,FALSE,At or above expected
801,Ringgold,Overall Pool,Multiracial,544,2,0.37,2.970936490850377,-2.6009364908503767,0.029709364908503767,16.16189451022605,-14.161894510226048,1.16970055267882e-5,TRUE,TRUE,TRUE,Significantly underrepresented
801,Ringgold,Overall Pool,HLSO Ethnicity,544,4,0.74,2.1528525296017222,-1.4128525296017225,0.02152852529601722,11.711517761033369,-7.7115177610333685,0.008761567689630375,TRUE,TRUE,TRUE,Significantly underrepresented
811,Sac,Overall Pool,American Indian/Alaskan Native,745,0,0,0.08256786046031583,-0.08256786046031583,8.256786046031584e-4,0.615130560429353,-0.615130560429353,0.5404329775766872,FALSE,FALSE,FALSE,"Below expected, not significant"
811,Sac,Overall Pool,White,745,718,96.38,91.8464237795438,4.533576220456183,0.918464237795438,684.2558571576013,33.744142842398674,0.9999998282217043,FALSE,FALSE,FALSE,At or above expected
811,Sac,Overall Pool,Multiracial,745,6,0.81,3.880689441634843,-3.0706894416348436,0.03880689441634843,28.91113634017958,-22.91113634017958,1.9523393215134457e-7,TRUE,TRUE,TRUE,Significantly underrepresented
811,Sac,Overall Pool,Asian,745,8,1.07,0.6502219011249871,0.41977809887501294,0.006502219011249871,4.844153163381153,3.1558468366188466,0.9422151521662426,FALSE,FALSE,FALSE,At or above expected
811,Sac,Overall Pool,Black/African American,745,2,0.27,0.5057281453194344,-0.2357281453194344,0.005057281453194344,3.7676746826297864,-1.7676746826297864,0.27342309148277005,FALSE,FALSE,FALSE,"Below expected, not significant"
811,Sac,Overall Pool,HLSO Ethnicity,745,22,2.95,4.3554546392816595,-1.4054546392816594,0.0435545463928166,32.448137062648364,-10.448137062648364,0.03164008931435407,TRUE,TRUE,FALSE,Significantly underrepresented
811,Sac,Overall Pool,Native Hawaiian/Pacific Islander,745,1,0.13,0.17545670347817113,-0.04545670347817113,0.0017545670347817114,1.307152440912375,-0.3071524409123749,0.6241958209042444,FALSE,FALSE,FALSE,"Below expected, not significant"
821,Scott,Overall Pool,White,21066,17481,82.98,77.02854393842206,5.951456061577943,0.7702854393842206,16226.83306606799,1254.1669339320106,1,FALSE,FALSE,FALSE,At or above expected
821,Scott,Overall Pool,Black/African American,21066,1704,8.09,7.225900302391643,0.8640996976083573,0.07225900302391643,1522.2081577018234,181.79184229817656,0.9999990768050095,FALSE,FALSE,FALSE,At or above expected
821,Scott,Overall Pool,Multiracial,21066,515,2.44,8.578072024191332,-6.138072024191333,0.08578072024191333,1807.0566526161463,-1292.0566526161463,3.9474575157533685e-301,TRUE,TRUE,TRUE,Significantly underrepresented
821,Scott,Overall Pool,HLSO Ethnicity,21066,1179,5.6,7.389123064235316,-1.7891230642353166,0.07389123064235316,1556.5926647118117,-377.5926647118117,2.2953254397785286e-25,TRUE,TRUE,TRUE,Significantly underrepresented
821,Scott,Overall Pool,Asian,21066,633,3,2.859548245212132,0.14045175478786787,0.02859548245212132,602.3924333363877,30.60756666361226,0.9000575599989461,FALSE,FALSE,FALSE,At or above expected
821,Scott,Overall Pool,American Indian/Alaskan Native,21066,97,0.46,0.19014019976175203,0.26985980023824796,0.0019014019976175203,40.05493448181068,56.94506551818932,0.9999999999999925,FALSE,FALSE,FALSE,At or above expected
821,Scott,Overall Pool,Native Hawaiian/Pacific Islander,21066,23,0.11,0.05268945294602767,0.05731054705397233,5.268945294602767e-4,11.099560157610188,11.900439842389812,0.999477342340171,FALSE,FALSE,FALSE,At or above expected
831,Shelby,Overall Pool,HLSO Ethnicity,1182,39,3.3,4.398030225844796,-1.0980302258447958,0.043980302258447956,51.984717269485486,-12.984717269485486,0.03409043204232497,TRUE,TRUE,FALSE,Significantly underrepresented
831,Shelby,Overall Pool,Black/African American,1182,5,0.42,0.3141450161317711,0.10585498386822888,0.003141450161317711,3.7131940906775345,1.2868059093224655,0.8284897843853777,FALSE,FALSE,FALSE,At or above expected
831,Shelby,Overall Pool,White,1182,1145,96.87,91.280353200883,5.589646799117006,0.91280353200883,1078.9337748344371,66.06622516556286,0.9999999999999973,FALSE,FALSE,FALSE,At or above expected
831,Shelby,Overall Pool,Native Hawaiian/Pacific Islander,1182,0,0,0,0,0,0,0,1,FALSE,FALSE,FALSE,Equal to expected
831,Shelby,Overall Pool,Asian,1182,1,0.08,0.47546272711835624,-0.3954627271183562,0.004754627271183563,5.619969434538971,-4.619969434538971,0.023772302676451255,TRUE,TRUE,TRUE,Significantly underrepresented
831,Shelby,Overall Pool,American Indian/Alaskan Native,1182,1,0.08,0.8575309899813212,-0.7775309899813212,0.008575309899813211,10.136016301579216,-9.136016301579216,4.257323921845737e-4,TRUE,TRUE,TRUE,Significantly underrepresented
831,Shelby,Overall Pool,Multiracial,1182,9,0.76,4.398030225844796,-3.638030225844796,0.043980302258447956,51.984717269485486,-42.984717269485486,1.0834000587232677e-13,TRUE,TRUE,TRUE,Significantly underrepresented
841,Sioux,Overall Pool,Native Hawaiian/Pacific Islander,2335,1,0.04,0.01656909311830332,0.02343090688169668,1.6569093118303318e-4,0.38688832431238246,0.6131116756876176,0.9419420449225694,FALSE,FALSE,FALSE,At or above expected
841,Sioux,Overall Pool,Black/African American,2335,11,0.47,0.5909643212194853,-0.1209643212194853,0.005909643212194853,13.799016900474982,-2.7990169004749816,0.2766284186953417,FALSE,FALSE,FALSE,"Below expected, not significant"
841,Sioux,Overall Pool,Asian,2335,20,0.86,0.5440185573842925,0.3159814426157075,0.005440185573842925,12.702833314923229,7.297166685076771,0.9801254815561133,FALSE,FALSE,FALSE,At or above expected
841,Sioux,Overall Pool,White,2335,2197,94.09,82.79575831216171,11.294241687838294,0.827957583121617,1933.2809565889759,263.71904341102413,1,FALSE,FALSE,FALSE,At or above expected
841,Sioux,Overall Pool,HLSO Ethnicity,2335,157,6.72,14.340550093891528,-7.620550093891528,0.14340550093891527,334.85184469236714,-177.85184469236714,6.7541724710057e-31,TRUE,TRUE,TRUE,Significantly underrepresented
841,Sioux,Overall Pool,Multiracial,2335,11,0.47,6.602783607643875,-6.1327836076438755,0.06602783607643875,154.17499723848448,-143.17499723848448,3.4889428869913476e-53,TRUE,TRUE,TRUE,Significantly underrepresented
841,Sioux,Overall Pool,American Indian/Alaskan Native,2335,4,0.17,0.3589970175632387,-0.1889970175632387,0.003589970175632387,8.382580360101624,-4.382580360101624,0.07935411157352669,FALSE,TRUE,FALSE,"Below expected, not significant"
851,Story,Overall Pool,Black/African American,8614,186,2.16,2.783031075189617,-0.6230310751896164,0.02783031075189617,239.73029681683363,-53.73029681683363,1.5033483003007466e-4,TRUE,TRUE,TRUE,Significantly underrepresented
851,Story,Overall Pool,Native Hawaiian/Pacific Islander,8614,10,0.12,0.10948977763621524,0.01051022236378476,0.0010948977763621524,9.43144944558358,0.5685505544164204,0.653816940548263,FALSE,FALSE,FALSE,At or above expected
851,Story,Overall Pool,American Indian/Alaskan Native,8614,17,0.2,0.462843150916728,-0.262843150916728,0.00462843150916728,39.86930901996695,-22.86930901996695,3.633288263423142e-5,TRUE,TRUE,TRUE,Significantly underrepresented
851,Story,Overall Pool,HLSO Ethnicity,8614,297,3.45,5.159954611510361,-1.7099546115103612,0.05159954611510362,444.47849023550253,-147.47849023550253,1.6209493829305436e-14,TRUE,TRUE,TRUE,Significantly underrepresented
851,Story,Overall Pool,Multiracial,8614,133,1.54,5.7770788127326655,-4.2370788127326655,0.05777078812732665,497.6375689287918,-364.6375689287918,1.0517727513933572e-87,TRUE,TRUE,TRUE,Significantly underrepresented
851,Story,Overall Pool,Asian,8614,421,4.89,6.610196484382776,-1.7201964843827762,0.06610196484382776,569.4023251647322,-148.40232516473225,1.05197955197903e-11,TRUE,TRUE,TRUE,Significantly underrepresented
851,Story,Overall Pool,White,8614,7670,89.04,80.98361634781917,8.056383652180841,0.8098361634781917,6975.928712201143,694.0712877988572,1,FALSE,FALSE,FALSE,At or above expected
861,Tama,Overall Pool,HLSO Ethnicity,1675,67,4,11.667061892340524,-7.667061892340525,0.11667061892340523,195.42328669670377,-128.42328669670377,7.599732627324714e-29,TRUE,TRUE,TRUE,Significantly underrepresented
861,Tama,Overall Pool,Asian,1675,6,0.36,0.6876926725160066,-0.32769267251600664,0.006876926725160066,11.51885226464311,-5.51885226464311,0.05904680718254854,FALSE,TRUE,FALSE,"Below expected, not significant"
861,Tama,Overall Pool,White,1675,1473,87.94,78.37325112639317,9.566748873606826,0.7837325112639317,1312.7519563670855,160.24804363291446,1,FALSE,FALSE,FALSE,At or above expected
861,Tama,Overall Pool,American Indian/Alaskan Native,1675,110,6.57,6.10030827602561,0.46969172397438985,0.0610030827602561,102.18016362342897,7.819836376571033,0.803360243122659,FALSE,FALSE,FALSE,At or above expected
861,Tama,Overall Pool,Native Hawaiian/Pacific Islander,1675,4,0.24,0.03557031064737966,0.20442968935262035,3.557031064737966e-4,0.5958027033436093,3.404197296656391,0.9996195557249483,FALSE,FALSE,FALSE,At or above expected
861,Tama,Overall Pool,Black/African American,1675,11,0.66,1.227175717334598,-0.567175717334598,0.012271757173345981,20.555193265354518,-9.555193265354518,0.015719849985051538,TRUE,TRUE,TRUE,Significantly underrepresented
861,Tama,Overall Pool,Multiracial,1675,18,1.07,10.024899217453166,-8.954899217453166,0.10024899217453166,167.91706189234054,-149.91706189234054,1.70027971467362e-52,TRUE,TRUE,TRUE,Significantly underrepresented
871,Taylor,Overall Pool,Asian,634,3,0.47,0.15337423312883436,0.3166257668711656,0.0015337423312883436,0.9723926380368099,2.0276073619631902,0.9827481569838176,FALSE,FALSE,FALSE,At or above expected
871,Taylor,Overall Pool,HLSO Ethnicity,634,18,2.84,8.11179277436946,-5.271792774369461,0.0811179277436946,51.428766189502376,-33.428766189502376,2.6686020104205766e-8,TRUE,TRUE,TRUE,Significantly underrepresented
871,Taylor,Overall Pool,Native Hawaiian/Pacific Islander,634,1,0.16,0,0.16,0,0,1,1,FALSE,FALSE,FALSE,At or above expected
871,Taylor,Overall Pool,Black/African American,634,4,0.63,0.17041581458759372,0.4595841854124063,0.0017041581458759373,1.0804362644853442,2.9195637355146555,0.9949997074725851,FALSE,FALSE,FALSE,At or above expected
871,Taylor,Overall Pool,American Indian/Alaskan Native,634,1,0.16,0.3067484662576687,-0.1467484662576687,0.003067484662576687,1.9447852760736197,-0.9447852760736197,0.4207534287165937,FALSE,FALSE,FALSE,"Below expected, not significant"
871,Taylor,Overall Pool,Multiracial,634,4,0.63,3.7321063394683023,-3.1021063394683024,0.037321063394683024,23.661554192229037,-19.661554192229037,6.011381643673348e-7,TRUE,TRUE,TRUE,Significantly underrepresented
871,Taylor,Overall Pool,White,634,599,94.48,88.87184730743013,5.608152692569874,0.8887184730743013,563.447511929107,35.55248807089299,0.9999996843010568,FALSE,FALSE,FALSE,At or above expected
881,Union,Overall Pool,White,755,725,96.03,91.870257650296,4.15974234970399,0.91870257650295994,693.6204452597348,31.379554740265235,0.9999984673319184,FALSE,FALSE,FALSE,At or above expected
881,Union,Overall Pool,American Indian/Alaskan Native,755,3,0.4,0.13341115650796298,0.26658884349203704,0.0013341115650796298,1.0072542316351205,1.9927457683648795,0.9806465384645154,FALSE,FALSE,FALSE,At or above expected
881,Union,Overall Pool,Multiracial,755,8,1.06,3.0934711915283915,-2.0334711915283914,0.030934711915283915,23.355707496039354,-15.355707496039354,1.9800056870801453e-4,TRUE,TRUE,TRUE,Significantly underrepresented
881,Union,Overall Pool,Black/African American,755,4,0.53,1.6342866672225465,-1.1042866672225464,0.016342866672225464,12.338864337530225,-8.338864337530225,0.005706288549503793,TRUE,TRUE,TRUE,Significantly underrepresented
881,Union,Overall Pool,HLSO Ethnicity,755,14,1.85,3.835570749603936,-1.985570749603936,0.03835570749603936,28.958559159509715,-14.958559159509715,0.0013907726246940083,TRUE,TRUE,TRUE,Significantly underrepresented
881,Union,Overall Pool,Asian,755,7,0.93,0.8838489118652547,0.04615108813474533,0.008838489118652548,6.673059284582673,0.3269407154173267,0.6475182895557974,FALSE,FALSE,FALSE,At or above expected
881,Union,Overall Pool,Native Hawaiian/Pacific Islander,755,0,0,0,0,0,0,0,1,FALSE,FALSE,FALSE,Equal to expected
891,Van Buren,Overall Pool,Asian,622,6,0.96,0.04143074161027482,0.9185692583897253,4.1430741610274817e-4,0.25769921281590935,5.7423007871840905,0.9999999884128319,FALSE,FALSE,FALSE,At or above expected
891,Van Buren,Overall Pool,HLSO Ethnicity,622,10,1.61,1.7677116420383925,-0.1577116420383924,0.017677116420383925,10.9951664134788,-0.9951664134788007,0.4594046776138402,FALSE,FALSE,FALSE,"Below expected, not significant"
891,Van Buren,Overall Pool,White,622,599,96.3,94.36541914100265,1.9345808589973643,0.9436541914100265,586.9529070570364,12.047092942963559,0.9892648835437039,FALSE,FALSE,FALSE,At or above expected
891,Van Buren,Overall Pool,American Indian/Alaskan Native,622,2,0.32,0.05524098881369976,0.26475901118630024,5.524098881369976e-4,0.34359895042121247,1.6564010495787875,0.9947823429865413,FALSE,FALSE,FALSE,At or above expected
891,Van Buren,Overall Pool,Black/African American,622,1,0.16,0.4281176633061732,-0.26811766330617315,0.004281176633061732,2.662891865764397,-1.6628918657643972,0.25481066673685526,FALSE,FALSE,FALSE,"Below expected, not significant"
891,Van Buren,Overall Pool,Native Hawaiian/Pacific Islander,622,0,0,0,0,0,0,0,1,FALSE,FALSE,FALSE,Equal to expected
891,Van Buren,Overall Pool,Multiracial,622,5,0.8,2.969203148736362,-2.1692031487363623,0.029692031487363622,18.46844358514017,-13.468443585140172,1.9636114419733665e-4,TRUE,TRUE,TRUE,Significantly underrepresented
901,Wapello,Overall Pool,American Indian/Alaskan Native,3175,18,0.57,0.4383236242293988,0.13167637577060115,0.004383236242293988,13.916775069283412,4.083224930716588,0.8876875966193938,FALSE,FALSE,FALSE,At or above expected
901,Wapello,Overall Pool,Native Hawaiian/Pacific Islander,3175,30,0.94,2.4235054578360953,-1.483505457836095,0.024235054578360952,76.94629828629603,-46.94629828629603,6.281415179118933e-10,TRUE,TRUE,TRUE,Significantly underrepresented
901,Wapello,Overall Pool,Asian,3175,42,1.32,1.7928850178157345,-0.4728850178157342,0.017928850178157346,56.92409931564958,-14.924099315649578,0.0229435170099134,TRUE,TRUE,TRUE,Significantly underrepresented
901,Wapello,Overall Pool,HLSO Ethnicity,3175,259,8.16,13.426842373168938,-5.266842373168938,0.13426842373168937,426.3022453481138,-167.3022453481138,1.010634996908536e-20,TRUE,TRUE,TRUE,Significantly underrepresented
901,Wapello,Overall Pool,Multiracial,3175,28,0.88,8.978564560828008,-8.098564560828008,0.08978564560828009,285.0694248062893,-257.0694248062893,4.66305865181052e-90,TRUE,TRUE,TRUE,Significantly underrepresented
901,Wapello,Overall Pool,Black/African American,3175,82,2.58,3.020191165658051,-0.4401911656580508,0.03020191165658051,95.89106950964312,-13.891069509643117,0.07997514846604076,FALSE,TRUE,FALSE,"Below expected, not significant"
901,Wapello,Overall Pool,White,3175,2783,87.65,75.64617385894464,12.00382614105537,0.7564617385894463,2401.766020021492,381.23397997850816,1,FALSE,FALSE,FALSE,At or above expected
911,Warren,Overall Pool,HLSO Ethnicity,1994,58,2.91,3.7126210737194216,-0.8026210737194215,0.037126210737194215,74.02966420996526,-16.02966420996526,0.029490487279664676,TRUE,TRUE,FALSE,Significantly underrepresented
911,Warren,Overall Pool,Native Hawaiian/Pacific Islander,1994,5,0.25,0.01470344979690859,0.2352965502030914,1.470344979690859e-4,0.29318678895035727,4.706813211049643,0.9999993180786738,FALSE,FALSE,FALSE,At or above expected
911,Warren,Overall Pool,White,1994,1905,95.54,91.92780606149718,3.612193938502827,0.9192780606149717,1833.0404528662536,71.95954713374636,0.9999999999470146,FALSE,FALSE,FALSE,At or above expected
911,Warren,Overall Pool,Asian,1994,23,1.15,0.748038008417725,0.40196199158227486,0.00748038008417725,14.915877887849437,8.084122112150563,0.9820107084037941,FALSE,FALSE,FALSE,At or above expected
911,Warren,Overall Pool,Black/African American,1994,13,0.65,0.7443621459684978,-0.0943621459684978,0.0074436214596849785,14.842581190611847,-1.8425811906118472,0.37775145106683455,FALSE,FALSE,FALSE,"Below expected, not significant"
911,Warren,Overall Pool,Multiracial,1994,18,0.9,4.649965998272345,-3.749965998272345,0.04649965998272345,92.72032200555056,-74.72032200555056,6.25023215234687e-22,TRUE,TRUE,TRUE,Significantly underrepresented
911,Warren,Overall Pool,American Indian/Alaskan Native,1994,5,0.25,0.28304140859049054,-0.03304140859049054,0.0028304140859049054,5.643845687294381,-0.6438456872943812,0.5042835713292959,FALSE,FALSE,FALSE,"Below expected, not significant"
921,Washington,Overall Pool,Multiracial,1575,14,0.89,5.234697043570764,-4.344697043570764,0.052346970435707636,82.44647843623953,-68.44647843623953,3.063621919765772e-21,TRUE,TRUE,TRUE,Significantly underrepresented
921,Washington,Overall Pool,Native Hawaiian/Pacific Islander,1575,0,0,0.01772971056247507,-0.01772971056247507,1.7729710562475068e-4,0.2792429413589823,-0.2792429413589823,0.7563374055204616,FALSE,FALSE,FALSE,"Below expected, not significant"
921,Washington,Overall Pool,Black/African American,1575,18,1.14,1.046052923186029,0.09394707681397096,0.01046052923186029,16.475333540179957,1.5246664598200432,0.7025086904339187,FALSE,FALSE,FALSE,At or above expected
921,Washington,Overall Pool,American Indian/Alaskan Native,1575,5,0.32,0.00886485528123753,0.31113514471876247,8.86485528123753e-5,0.1396214706794911,4.860378529320509,0.9999999909525512,FALSE,FALSE,FALSE,At or above expected
921,Washington,Overall Pool,HLSO Ethnicity,1575,68,4.32,7.752315943442223,-3.432315943442223,0.07752315943442223,122.09897610921502,-54.098976109215016,2.3895169993421457e-8,TRUE,TRUE,TRUE,Significantly underrepresented
921,Washington,Overall Pool,White,1575,1484,94.22,88.68401223350028,5.535987766499716,0.8868401223350029,1396.7731926776296,87.2268073223704,0.9999999999999869,FALSE,FALSE,FALSE,At or above expected
921,Washington,Overall Pool,Asian,1575,7,0.44,0.3856212047338327,0.05437879526616729,0.003856212047338327,6.073533974557865,0.9264660254421351,0.7340450508978087,FALSE,FALSE,FALSE,At or above expected
931,Wayne,Overall Pool,Asian,530,0,0,0.09185548071034905,-0.09185548071034905,9.185548071034905e-4,0.48683404776484995,-0.48683404776484995,0.6144315321188352,FALSE,FALSE,FALSE,"Below expected, not significant"
931,Wayne,Overall Pool,White,530,521,98.3,93.72320881812615,4.576791181873844,0.9372320881812616,496.73300673606866,24.26699326393134,0.9999999088063025,FALSE,FALSE,FALSE,At or above expected
931,Wayne,Overall Pool,HLSO Ethnicity,530,5,0.94,1.1788120024494797,-0.23881200244947953,0.011788120024494798,6.247703612982243,-1.2477036129822432,0.40562008619913953,FALSE,FALSE,FALSE,"Below expected, not significant"
931,Wayne,Overall Pool,Multiracial,530,2,0.38,5.327617881200245,-4.947617881200245,0.05327617881200245,28.236374770361298,-26.236374770361298,1.1880305020604442e-10,TRUE,TRUE,TRUE,Significantly underrepresented
931,Wayne,Overall Pool,American Indian/Alaskan Native,530,4,0.75,0.1224739742804654,0.6275260257195346,0.001224739742804654,0.6491120636864667,3.3508879363135335,0.9994463670517106,FALSE,FALSE,FALSE,At or above expected
931,Wayne,Overall Pool,Native Hawaiian/Pacific Islander,530,0,0,0,0,0,0,0,1,FALSE,FALSE,FALSE,Equal to expected
931,Wayne,Overall Pool,Black/African American,530,2,0.38,0.1837109614206981,0.1962890385793019,0.001837109614206981,0.9736680955296999,1.0263319044703,0.9246468228089907,FALSE,FALSE,FALSE,At or above expected
941,Webster,Overall Pool,Multiracial,4115,63,1.53,7.9108604890744445,-6.380860489074444,0.07910860489074445,325.5319091254134,-262.5319091254134,7.044235260770769e-75,TRUE,TRUE,TRUE,Significantly underrepresented
941,Webster,Overall Pool,White,4115,3770,91.62,83.88006289649189,7.739937103508112,0.8388006289649189,3451.6645881906416,318.33541180935845,1,FALSE,FALSE,FALSE,At or above expected
941,Webster,Overall Pool,Black/African American,4115,128,3.11,3.2559778777856097,-0.14597787778560978,0.032559778777856097,133.98348967087784,-5.9834896708778444,0.31879665512981614,FALSE,FALSE,FALSE,"Below expected, not significant"
941,Webster,Overall Pool,Native Hawaiian/Pacific Islander,4115,3,0.07,0,0.07,0,0,3,1,FALSE,FALSE,FALSE,At or above expected
941,Webster,Overall Pool,American Indian/Alaskan Native,4115,17,0.41,0.26026134576804205,0.14973865423195792,0.0026026134576804206,10.709754378354932,6.290245621645068,0.9743330849216074,FALSE,FALSE,FALSE,At or above expected
941,Webster,Overall Pool,Asian,4115,36,0.87,1.233530336713116,-0.3635303367131161,0.012335303367131161,50.75977335574473,-14.759773355744727,0.01805134186540848,TRUE,TRUE,TRUE,Significantly underrepresented
941,Webster,Overall Pool,HLSO Ethnicity,4115,139,3.38,6.612264815919319,-3.2322648159193195,0.06612264815919319,272.09469717508,-133.09469717508,3.839706082522979e-20,TRUE,TRUE,TRUE,Significantly underrepresented
951,Winnebago,Overall Pool,Asian,1032,8,0.78,1.322876311064915,-0.5428763110649153,0.01322876311064915,13.652083530189923,-5.652083530189923,0.07214511286676802,FALSE,TRUE,FALSE,"Below expected, not significant"
951,Winnebago,Overall Pool,Black/African American,1032,14,1.36,2.2394406123027495,-0.8794406123027494,0.022394406123027497,23.111027118964376,-9.111027118964376,0.02826489841575858,TRUE,TRUE,FALSE,Significantly underrepresented
951,Winnebago,Overall Pool,Multiracial,1032,11,1.07,5.990739865822546,-4.920739865822545,0.059907398658225454,61.82443541528867,-50.82443541528867,5.812628265934425e-16,TRUE,TRUE,TRUE,Significantly underrepresented
951,Winnebago,Overall Pool,White,1032,974,94.38,88.96343191911556,5.416568080884431,0.8896343191911557,918.1026174052727,55.89738259472733,0.999999999520359,FALSE,FALSE,FALSE,At or above expected
951,Winnebago,Overall Pool,HLSO Ethnicity,1032,43,4.17,5.849003118208448,-1.6790031182084482,0.058490031182084484,60.36171217991119,-17.361712179911187,0.009973087695034938,TRUE,TRUE,TRUE,Significantly underrepresented
951,Winnebago,Overall Pool,American Indian/Alaskan Native,1032,1,0.1,0.20788056316734385,-0.10788056316734382,0.0020788056316734384,2.1453274118869885,-1.1453274118869885,0.3677975809429966,FALSE,FALSE,FALSE,"Below expected, not significant"
951,Winnebago,Overall Pool,Native Hawaiian/Pacific Islander,1032,0,0,0,0,0,0,0,1,FALSE,FALSE,FALSE,Equal to expected
961,Winneshiek,Overall Pool,Native Hawaiian/Pacific Islander,1316,2,0.15,0.00503195290092084,0.14496804709907915,5.03195290092084e-5,0.06622050017611825,1.9337794998238818,0.999954043126352,FALSE,FALSE,FALSE,At or above expected
961,Winneshiek,Overall Pool,American Indian/Alaskan Native,1316,0,0,0.3673325617672219,-0.3673325617672219,0.0036733256176722188,4.8340965128566395,-4.8340965128566395,0.007883392709456039,TRUE,TRUE,TRUE,Significantly underrepresented
961,Winneshiek,Overall Pool,Asian,1316,10,0.76,0.5384189603985307,0.22158103960146935,0.005384189603985306,7.0855935188446635,2.9144064811553365,0.895871299063032,FALSE,FALSE,FALSE,At or above expected
961,Winneshiek,Overall Pool,HLSO Ethnicity,1316,16,1.22,3.0795551753635584,-1.8595551753635584,0.030795551753635585,40.52694610778443,-24.526946107784433,8.062129638474712e-6,TRUE,TRUE,TRUE,Significantly underrepresented
961,Winneshiek,Overall Pool,Multiracial,1316,9,0.68,4.5136617521260005,-3.833661752126,0.045136617521260004,59.399788657978164,-50.399788657978164,1.748098089908906e-16,TRUE,TRUE,TRUE,Significantly underrepresented
961,Winneshiek,Overall Pool,Black/African American,1316,4,0.3,0.40758818497458865,-0.10758818497458866,0.0040758818497458865,5.363860514265586,-1.3638605142655864,0.3786708780695142,FALSE,FALSE,FALSE,"Below expected, not significant"
961,Winneshiek,Overall Pool,White,1316,1286,97.72,93.25718311276606,4.4628168872339415,0.9325718311276606,1227.2645297640013,58.73547023599872,0.9999999999999643,FALSE,FALSE,FALSE,At or above expected
971,Woodbury,Overall Pool,Asian,10699,281,2.63,2.36524325392717,0.26475674607282995,0.023652432539271698,253.05737573766788,27.942624262332117,0.9630962697200165,FALSE,FALSE,FALSE,At or above expected
971,Woodbury,Overall Pool,Multiracial,10699,229,2.14,14.297815467730851,-12.157815467730853,0.1429781546773085,1529.7232768925237,-1300.7232768925237,0,TRUE,TRUE,TRUE,Significantly underrepresented
971,Woodbury,Overall Pool,American Indian/Alaskan Native,10699,152,1.42,1.7873445838470732,-0.3673445838470733,0.017873445838470732,191.22799702579837,-39.22799702579837,0.001770605800260256,TRUE,TRUE,TRUE,Significantly underrepresented
971,Woodbury,Overall Pool,White,10699,8864,82.85,67.08801189680649,15.761988103193502,0.6708801189680649,7177.746392839326,1686.2536071606737,1,FALSE,FALSE,FALSE,At or above expected
971,Woodbury,Overall Pool,Black/African American,10699,362,3.38,4.946022005327209,-1.5660220053272091,0.04946022005327209,529.1748943499581,-167.1748943499581,2.0093917004086814e-15,TRUE,TRUE,TRUE,Significantly underrepresented
971,Woodbury,Overall Pool,HLSO Ethnicity,10699,1267,11.84,19.121481077112765,-7.281481077112765,0.19121481077112765,2045.8072604402946,-778.8072604402946,1.183246608423177e-91,TRUE,TRUE,TRUE,Significantly underrepresented
971,Woodbury,Overall Pool,Native Hawaiian/Pacific Islander,10699,32,0.3,0.7294323604431184,-0.4294323604431184,0.007294323604431184,78.04196824380924,-46.04196824380924,2.6323008821528173e-9,TRUE,TRUE,TRUE,Significantly underrepresented
981,Worth,Overall Pool,Multiracial,931,9,0.97,3.659863945578231,-2.6898639455782307,0.03659863945578231,34.07333333333333,-25.07333333333333,2.5643719115008255e-7,TRUE,TRUE,TRUE,Significantly underrepresented
981,Worth,Overall Pool,HLSO Ethnicity,931,22,2.36,3.510204081632653,-1.150204081632653,0.03510204081632653,32.68,-10.68,0.029482509620935324,TRUE,TRUE,FALSE,Significantly underrepresented
981,Worth,Overall Pool,Asian,931,0,0,0.5578231292517006,-0.5578231292517006,0.005578231292517007,5.193333333333333,-5.193333333333333,0.005473307227035994,TRUE,TRUE,TRUE,Significantly underrepresented
981,Worth,Overall Pool,American Indian/Alaskan Native,931,1,0.11,0.163265306122449,-0.05326530612244899,0.0016326530612244899,1.52,-0.52,0.5510127293218869,FALSE,FALSE,FALSE,"Below expected, not significant"
981,Worth,Overall Pool,Native Hawaiian/Pacific Islander,931,0,0,0,0,0,0,0,1,FALSE,FALSE,FALSE,Equal to expected
981,Worth,Overall Pool,Black/African American,931,2,0.21,0.8027210884353742,-0.5927210884353742,0.008027210884353741,7.473333333333333,-5.473333333333333,0.02032804887288084,TRUE,TRUE,TRUE,Significantly underrepresented
981,Worth,Overall Pool,White,931,912,97.96,93.29251700680273,4.667482993197268,0.9329251700680272,868.5533333333334,43.4466666666666,0.9999999999888607,FALSE,FALSE,FALSE,At or above expected
991,Wright,Overall Pool,Multiracial,797,8,1,14.424204518802282,-13.424204518802282,0.14424204518802283,114.96091001485419,-106.96091001485419,3.274609977874256e-42,TRUE,TRUE,TRUE,Significantly underrepresented
991,Wright,Overall Pool,Black/African American,797,5,0.63,0.4378078336330232,0.1921921663669768,0.004378078336330232,3.4893284340551953,1.5106715659448047,0.8594573257468453,FALSE,FALSE,FALSE,At or above expected
991,Wright,Overall Pool,White,797,732,91.84,75.53748729575483,16.302512704245174,0.7553748729575482,602.0337737471659,129.96622625283408,1,FALSE,FALSE,FALSE,At or above expected
991,Wright,Overall Pool,HLSO Ethnicity,797,73,9.16,19.912438433273397,-10.752438433273396,0.19912438433273397,158.70213431318896,-85.70213431318896,8.285946014949829e-17,TRUE,TRUE,TRUE,Significantly underrepresented
991,Wright,Overall Pool,American Indian/Alaskan Native,797,3,0.38,0.5472597920412791,-0.16725979204127903,0.00547259792041279,4.361660542568994,-1.3616605425689938,0.36551195215693705,FALSE,FALSE,FALSE,"Below expected, not significant"
991,Wright,Overall Pool,Native Hawaiian/Pacific Islander,797,0,0,0,0,0,0,0,1,FALSE,FALSE,FALSE,Equal to expected
991,Wright,Overall Pool,Asian,797,6,0.75,0.4690798217496677,0.2809201782503323,0.004690798217496677,3.738566179344852,2.261433820655148,0.9152321154486509,FALSE,FALSE,FALSE,At or above expected
