court_number,court_name,result_status,race,ethnicity,total
021,Adams County District Court,No Result,Unknown ,,1
021,Adams County District Court,No Result,White ,,106
031,Allamakee County District Court,Court,White ,Hispanic/Latinx/Spanish Origins,1
031,Allamakee County District Court,Court,White ,,15
031,Allamakee County District Court,Juror,White ,,27
031,Allamakee County District Court,Not Used,White ,,26
031,Allamakee County District Court,Peremptory Strike (Defendant/Respondent),Unknown ,,1
031,Allamakee County District Court,Peremptory Strike (Defendant/Respondent),White ,,40
031,Allamakee County District Court,Peremptory Strike (Plaintiff/Petitioner),Other ,Hispanic/Latinx/Spanish Origins,1
031,Allamakee County District Court,Peremptory Strike (Plaintiff/Petitioner),White ,,33
041,Appanoose County District Court,Alternate,White ,,1
041,Appanoose County District Court,Challenged For Cause (Plaintiff/Petitioner),American Indian/Alaskan Native ,,1
041,Appanoose County District Court,Challenged For Cause (Plaintiff/Petitioner),White ,,8
041,Appanoose County District Court,Court,White ,,8
041,Appanoose County District Court,Juror,White ,,13
041,Appanoose County District Court,Not Used,White ,,17
041,Appanoose County District Court,Peremptory Strike (Defendant/Respondent),Asian ,,1
041,Appanoose County District Court,Peremptory Strike (Defendant/Respondent),Black/African American ,,1
041,Appanoose County District Court,Peremptory Strike (Defendant/Respondent),White ,,9
041,Appanoose County District Court,Peremptory Strike (Plaintiff/Petitioner),Unknown ,,1
041,Appanoose County District Court,Peremptory Strike (Plaintiff/Petitioner),White ,,10
061,Benton County District Court,Challenged For Cause (Plaintiff/Petitioner),White ,,1
061,Benton County District Court,Court,White ,,8
061,Benton County District Court,Juror,White ,Hispanic/Latinx/Spanish Origins,1
061,Benton County District Court,Juror,White ,,51
061,Benton County District Court,No Result,White ,,40
061,Benton County District Court,Not Used,American Indian/Alaskan Native ,Hispanic/Latinx/Spanish Origins,1
061,Benton County District Court,Not Used,White ,,40
061,Benton County District Court,Not Used,White ,Hispanic/Latinx/Spanish Origins,1
061,Benton County District Court,Peremptory Strike (Defendant/Respondent),"Multi Race Black/African American, White",,1
061,Benton County District Court,Peremptory Strike (Defendant/Respondent),White ,,23
061,Benton County District Court,Peremptory Strike (Plaintiff/Petitioner),Multi Race Other,Hispanic/Latinx/Spanish Origins,1
061,Benton County District Court,Peremptory Strike (Plaintiff/Petitioner),White ,,23
071,Black Hawk County District Court,Alternate,Asian ,,1
071,Black Hawk County District Court,Alternate,Black/African American ,,6
071,Black Hawk County District Court,Alternate,"Multi Race Other, White",Hispanic/Latinx/Spanish Origins,1
071,Black Hawk County District Court,Alternate,Other ,Hispanic/Latinx/Spanish Origins,1
071,Black Hawk County District Court,Alternate,White ,,31
071,Black Hawk County District Court,Court,American Indian/Alaskan Native ,Hispanic/Latinx/Spanish Origins,1
071,Black Hawk County District Court,Court,American Indian/Alaskan Native ,,1
071,Black Hawk County District Court,Court,Asian ,,1
071,Black Hawk County District Court,Court,Black/African American ,,26
071,Black Hawk County District Court,Court,"Multi Race Black/African American, White",,2
071,Black Hawk County District Court,Court,"Multi Race Black/African American, White",Hispanic/Latinx/Spanish Origins,1
071,Black Hawk County District Court,Court,Multi Race Unknown,,1
071,Black Hawk County District Court,Court,Other ,Hispanic/Latinx/Spanish Origins,2
071,Black Hawk County District Court,Court,Unknown ,,3
071,Black Hawk County District Court,Court,Unknown ,Hispanic/Latinx/Spanish Origins,1
071,Black Hawk County District Court,Court,White ,Hispanic/Latinx/Spanish Origins,3
071,Black Hawk County District Court,Court,White ,,155
071,Black Hawk County District Court,Juror,Asian ,,5
071,Black Hawk County District Court,Juror,Black/African American ,,40
071,Black Hawk County District Court,Juror,"Multi Race American Indian/Alaskan Native, Black/African American, Other, Unknown, White",,1
071,Black Hawk County District Court,Juror,"Multi Race American Indian/Alaskan Native, Native Hawaiian/Other Pacific Islander",Hispanic/Latinx/Spanish Origins,1
071,Black Hawk County District Court,Juror,"Multi Race Black/African American, White",,3
071,Black Hawk County District Court,Juror,"Multi Race Other, White",Hispanic/Latinx/Spanish Origins,2
071,Black Hawk County District Court,Juror,Native Hawaiian/Other Pacific Islander ,,1
071,Black Hawk County District Court,Juror,Other ,Hispanic/Latinx/Spanish Origins,7
071,Black Hawk County District Court,Juror,Other ,,5
071,Black Hawk County District Court,Juror,Unknown ,,1
071,Black Hawk County District Court,Juror,White ,,457
071,Black Hawk County District Court,Juror,White ,Hispanic/Latinx/Spanish Origins,6
071,Black Hawk County District Court,No Result,Asian ,,8
071,Black Hawk County District Court,No Result,Black/African American ,,39
071,Black Hawk County District Court,No Result,"Multi Race American Indian/Alaskan Native, Asian, White",,1
071,Black Hawk County District Court,No Result,"Multi Race Asian, Black/African American",,1
071,Black Hawk County District Court,No Result,"Multi Race Asian, White",,1
071,Black Hawk County District Court,No Result,"Multi Race Black/African American, White",,7
071,Black Hawk County District Court,No Result,"Multi Race Other, White",Hispanic/Latinx/Spanish Origins,1
071,Black Hawk County District Court,No Result,NOT PROVIDED ,Hispanic/Latinx/Spanish Origins,1
071,Black Hawk County District Court,No Result,Other ,,3
071,Black Hawk County District Court,No Result,Other ,Hispanic/Latinx/Spanish Origins,7
071,Black Hawk County District Court,No Result,Unknown ,,1
071,Black Hawk County District Court,No Result,White ,Hispanic/Latinx/Spanish Origins,5
071,Black Hawk County District Court,No Result,White ,,435
071,Black Hawk County District Court,Not Used,American Indian/Alaskan Native ,,1
071,Black Hawk County District Court,Not Used,American Indian/Alaskan Native ,Hispanic/Latinx/Spanish Origins,1
071,Black Hawk County District Court,Not Used,Asian ,,15
071,Black Hawk County District Court,Not Used,Black/African American ,,60
071,Black Hawk County District Court,Not Used,Multi Race Asian,,1
071,Black Hawk County District Court,Not Used,"Multi Race Asian, White",,2
071,Black Hawk County District Court,Not Used,Multi Race Black/African American,,1
071,Black Hawk County District Court,Not Used,"Multi Race Black/African American, White",,10
071,Black Hawk County District Court,Not Used,Multi Race Other,,1
071,Black Hawk County District Court,Not Used,Multi Race Other,Hispanic/Latinx/Spanish Origins,2
071,Black Hawk County District Court,Not Used,"Multi Race Other, White",Hispanic/Latinx/Spanish Origins,4
071,Black Hawk County District Court,Not Used,Multi Race White,Hispanic/Latinx/Spanish Origins,1
071,Black Hawk County District Court,Not Used,Native Hawaiian/Other Pacific Islander ,,2
071,Black Hawk County District Court,Not Used,Other ,Hispanic/Latinx/Spanish Origins,10
071,Black Hawk County District Court,Not Used,Other ,,6
071,Black Hawk County District Court,Not Used,Unknown ,,3
071,Black Hawk County District Court,Not Used,White ,Hispanic/Latinx/Spanish Origins,13
071,Black Hawk County District Court,Not Used,White ,,791
071,Black Hawk County District Court,Peremptory Strike (Defendant/Respondent),American Indian/Alaskan Native ,,1
071,Black Hawk County District Court,Peremptory Strike (Defendant/Respondent),Asian ,,3
071,Black Hawk County District Court,Peremptory Strike (Defendant/Respondent),Black/African American ,,8
071,Black Hawk County District Court,Peremptory Strike (Defendant/Respondent),"Multi Race American Indian/Alaskan Native, White",,1
071,Black Hawk County District Court,Peremptory Strike (Defendant/Respondent),"Multi Race Asian, White",,1
071,Black Hawk County District Court,Peremptory Strike (Defendant/Respondent),"Multi Race Other, White",Hispanic/Latinx/Spanish Origins,1
071,Black Hawk County District Court,Peremptory Strike (Defendant/Respondent),Multi Race White,Hispanic/Latinx/Spanish Origins,1
071,Black Hawk County District Court,Peremptory Strike (Defendant/Respondent),Unknown ,,1
071,Black Hawk County District Court,Peremptory Strike (Defendant/Respondent),White ,Hispanic/Latinx/Spanish Origins,1
071,Black Hawk County District Court,Peremptory Strike (Defendant/Respondent),White ,,273
071,Black Hawk County District Court,Peremptory Strike (Plaintiff/Petitioner),American Indian/Alaskan Native ,,1
071,Black Hawk County District Court,Peremptory Strike (Plaintiff/Petitioner),Asian ,,4
071,Black Hawk County District Court,Peremptory Strike (Plaintiff/Petitioner),Black/African American ,,21
071,Black Hawk County District Court,Peremptory Strike (Plaintiff/Petitioner),"Multi Race Asian, White",,1
071,Black Hawk County District Court,Peremptory Strike (Plaintiff/Petitioner),"Multi Race Black/African American, White",,2
071,Black Hawk County District Court,Peremptory Strike (Plaintiff/Petitioner),"Multi Race Other, White",Hispanic/Latinx/Spanish Origins,1
071,Black Hawk County District Court,Peremptory Strike (Plaintiff/Petitioner),Multi Race White,Hispanic/Latinx/Spanish Origins,2
071,Black Hawk County District Court,Peremptory Strike (Plaintiff/Petitioner),Other ,Hispanic/Latinx/Spanish Origins,3
071,Black Hawk County District Court,Peremptory Strike (Plaintiff/Petitioner),Unknown ,,1
071,Black Hawk County District Court,Peremptory Strike (Plaintiff/Petitioner),White ,,252
071,Black Hawk County District Court,Peremptory Strike (Plaintiff/Petitioner),White ,Hispanic/Latinx/Spanish Origins,2
081,Boone County District Court,Alternate,White ,,8
081,Boone County District Court,Juror,Black/African American ,,1
081,Boone County District Court,Juror,"Multi Race American Indian/Alaskan Native, Asian, Black/African American, White",,1
081,Boone County District Court,Juror,"Multi Race Asian, Native Hawaiian/Other Pacific Islander, Other",,1
081,Boone County District Court,Juror,Multi Race White,Hispanic/Latinx/Spanish Origins,1
081,Boone County District Court,Juror,Other ,Hispanic/Latinx/Spanish Origins,1
081,Boone County District Court,Juror,White ,,139
081,Boone County District Court,No Result,White ,,32
081,Boone County District Court,Not Used,American Indian/Alaskan Native ,,2
081,Boone County District Court,Not Used,Asian ,,1
081,Boone County District Court,Not Used,Black/African American ,,1
081,Boone County District Court,Not Used,"Multi Race Asian, White",,2
081,Boone County District Court,Not Used,Other ,Hispanic/Latinx/Spanish Origins,2
081,Boone County District Court,Not Used,Other ,,1
081,Boone County District Court,Not Used,White ,Hispanic/Latinx/Spanish Origins,3
081,Boone County District Court,Not Used,White ,,229
081,Boone County District Court,Peremptory Strike (Defendant/Respondent),White ,,61
081,Boone County District Court,Peremptory Strike (Plaintiff/Petitioner),Asian ,,1
081,Boone County District Court,Peremptory Strike (Plaintiff/Petitioner),White ,,59
091,Bremer County District Court,Alternate,White ,,3
091,Bremer County District Court,Challenged For Cause (Defendant/Respondent),White ,,1
091,Bremer County District Court,Challenged For Cause (Plaintiff/Petitioner),White ,,1
091,Bremer County District Court,Court,White ,,4
091,Bremer County District Court,Juror,"Multi Race Black/African American, White",,1
091,Bremer County District Court,Juror,Other ,,1
091,Bremer County District Court,Juror,White ,,35
091,Bremer County District Court,Not Used,Asian ,,1
091,Bremer County District Court,Not Used,Black/African American ,,1
091,Bremer County District Court,Not Used,"Multi Race Black/African American, White",,1
091,Bremer County District Court,Not Used,"Multi Race Other, White",Hispanic/Latinx/Spanish Origins,1
091,Bremer County District Court,Not Used,Other ,Hispanic/Latinx/Spanish Origins,1
091,Bremer County District Court,Not Used,White ,,225
091,Bremer County District Court,Not Used,White ,Hispanic/Latinx/Spanish Origins,2
091,Bremer County District Court,Peremptory Strike (Defendant/Respondent),Black/African American ,,1
091,Bremer County District Court,Peremptory Strike (Defendant/Respondent),White ,,15
091,Bremer County District Court,Peremptory Strike (Plaintiff/Petitioner),White ,,14
101,Buchanan County District Court,Alternate,White ,,1
101,Buchanan County District Court,Court,White ,,24
101,Buchanan County District Court,Court,White ,Hispanic/Latinx/Spanish Origins,1
101,Buchanan County District Court,Juror,"Multi Race Asian, White",,1
101,Buchanan County District Court,Juror,White ,,70
101,Buchanan County District Court,No Result,NOT PROVIDED ,,1
101,Buchanan County District Court,No Result,White ,,87
101,Buchanan County District Court,Not Used,American Indian/Alaskan Native ,,1
101,Buchanan County District Court,Not Used,Asian ,,1
101,Buchanan County District Court,Not Used,"Multi Race Black/African American, White",,1
101,Buchanan County District Court,Not Used,White ,,111
101,Buchanan County District Court,Peremptory Strike (Defendant/Respondent),White ,,40
101,Buchanan County District Court,Peremptory Strike (Defendant/Respondent),White ,Hispanic/Latinx/Spanish Origins,1
101,Buchanan County District Court,Peremptory Strike (Plaintiff/Petitioner),Asian ,,1
101,Buchanan County District Court,Peremptory Strike (Plaintiff/Petitioner),NOT PROVIDED ,,1
101,Buchanan County District Court,Peremptory Strike (Plaintiff/Petitioner),White ,,39
101,Buchanan County District Court,Peremptory Strike (Plaintiff/Petitioner),White ,Hispanic/Latinx/Spanish Origins,1
111,Buena Vista County District Court,Juror,Other ,Hispanic/Latinx/Spanish Origins,1
111,Buena Vista County District Court,Juror,White ,,13
111,Buena Vista County District Court,Not Used,Asian ,,3
111,Buena Vista County District Court,Not Used,Hispanic/Latino/Spanish Origins ,Hispanic/Latinx/Spanish Origins,1
111,Buena Vista County District Court,Not Used,Other ,Hispanic/Latinx/Spanish Origins,6
111,Buena Vista County District Court,Not Used,Unknown ,Hispanic/Latinx/Spanish Origins,1
111,Buena Vista County District Court,Not Used,White ,,32
111,Buena Vista County District Court,Not Used,White ,Hispanic/Latinx/Spanish Origins,3
121,Butler County District Court,No Result,White ,,39
121,Butler County District Court,Not Used,White ,,41
141,Carroll County District Court,Alternate,White ,,2
141,Carroll County District Court,Juror,Black/African American ,,1
141,Carroll County District Court,Juror,"Multi Race American Indian/Alaskan Native, White",Hispanic/Latinx/Spanish Origins,1
141,Carroll County District Court,Juror,Multi Race White,Hispanic/Latinx/Spanish Origins,1
141,Carroll County District Court,Juror,White ,,15
141,Carroll County District Court,Not Used,"Multi Race American Indian/Alaskan Native, White",,1
141,Carroll County District Court,Not Used,White ,,24
141,Carroll County District Court,Peremptory Strike (Defendant/Respondent),White ,,9
141,Carroll County District Court,Peremptory Strike (Plaintiff/Petitioner),White ,,9
161,Cedar County District Court,No Result,Asian ,,1
161,Cedar County District Court,No Result,White ,Hispanic/Latinx/Spanish Origins,1
161,Cedar County District Court,No Result,White ,,45
171,Cerro Gordo County District Court,Alternate,White ,,8
171,Cerro Gordo County District Court,Challenged For Cause (Defendant/Respondent),White ,,1
171,Cerro Gordo County District Court,Challenged For Cause (Plaintiff/Petitioner),Other ,Hispanic/Latinx/Spanish Origins,1
171,Cerro Gordo County District Court,Challenged For Cause (Plaintiff/Petitioner),White ,,13
171,Cerro Gordo County District Court,Court,"Multi Race Black/African American, White",,1
171,Cerro Gordo County District Court,Court,"Multi Race Other, White",,1
171,Cerro Gordo County District Court,Court,NOT PROVIDED ,,1
171,Cerro Gordo County District Court,Court,Other ,,1
171,Cerro Gordo County District Court,Court,White ,,20
171,Cerro Gordo County District Court,Juror,Multi Race Other,Hispanic/Latinx/Spanish Origins,1
171,Cerro Gordo County District Court,Juror,White ,,68
171,Cerro Gordo County District Court,Juror,White ,Hispanic/Latinx/Spanish Origins,3
171,Cerro Gordo County District Court,No Result,"Multi Race Other, White",Hispanic/Latinx/Spanish Origins,1
171,Cerro Gordo County District Court,No Result,Other ,Hispanic/Latinx/Spanish Origins,2
171,Cerro Gordo County District Court,No Result,White ,,41
171,Cerro Gordo County District Court,Not Used,American Indian/Alaskan Native ,,1
171,Cerro Gordo County District Court,Not Used,Asian ,,3
171,Cerro Gordo County District Court,Not Used,Black/African American ,,3
171,Cerro Gordo County District Court,Not Used,"Multi Race Black/African American, White",,1
171,Cerro Gordo County District Court,Not Used,Multi Race White,Hispanic/Latinx/Spanish Origins,1
171,Cerro Gordo County District Court,Not Used,Other ,Hispanic/Latinx/Spanish Origins,1
171,Cerro Gordo County District Court,Not Used,White ,,137
171,Cerro Gordo County District Court,Not Used,White ,Hispanic/Latinx/Spanish Origins,3
171,Cerro Gordo County District Court,Peremptory Strike (Defendant/Respondent),NOT PROVIDED ,,1
171,Cerro Gordo County District Court,Peremptory Strike (Defendant/Respondent),White ,Hispanic/Latinx/Spanish Origins,1
171,Cerro Gordo County District Court,Peremptory Strike (Defendant/Respondent),White ,,32
171,Cerro Gordo County District Court,Peremptory Strike (Plaintiff/Petitioner),Black/African American ,,1
171,Cerro Gordo County District Court,Peremptory Strike (Plaintiff/Petitioner),Other ,Hispanic/Latinx/Spanish Origins,1
171,Cerro Gordo County District Court,Peremptory Strike (Plaintiff/Petitioner),White ,Hispanic/Latinx/Spanish Origins,1
171,Cerro Gordo County District Court,Peremptory Strike (Plaintiff/Petitioner),White ,,31
191,Chickasaw County District Court,Challenged For Cause (Defendant/Respondent),White ,,2
191,Chickasaw County District Court,Court,White ,,1
191,Chickasaw County District Court,Juror,White ,,12
191,Chickasaw County District Court,Not Used,White ,,17
191,Chickasaw County District Court,Peremptory Strike (Defendant/Respondent),White ,,4
191,Chickasaw County District Court,Peremptory Strike (Plaintiff/Petitioner),White ,,4
201,Clarke County District Court,Alternate,American Indian/Alaskan Native ,,1
201,Clarke County District Court,Alternate,White ,,2
201,Clarke County District Court,Court,White ,,13
201,Clarke County District Court,Juror,White ,Hispanic/Latinx/Spanish Origins,1
201,Clarke County District Court,Juror,White ,,34
201,Clarke County District Court,Not Used,"Multi Race American Indian/Alaskan Native, White",,1
201,Clarke County District Court,Not Used,"Multi Race Other, White",Hispanic/Latinx/Spanish Origins,1
201,Clarke County District Court,Not Used,Other ,Hispanic/Latinx/Spanish Origins,1
201,Clarke County District Court,Not Used,Unknown ,,1
201,Clarke County District Court,Not Used,White ,Hispanic/Latinx/Spanish Origins,1
201,Clarke County District Court,Not Used,White ,,85
201,Clarke County District Court,Peremptory Strike (Defendant/Respondent),American Indian/Alaskan Native ,,1
201,Clarke County District Court,Peremptory Strike (Defendant/Respondent),White ,,14
201,Clarke County District Court,Peremptory Strike (Plaintiff/Petitioner),Other ,Hispanic/Latinx/Spanish Origins,1
201,Clarke County District Court,Peremptory Strike (Plaintiff/Petitioner),White ,,12
211,Clay County District Court,Challenged For Cause (Defendant/Respondent),White ,,7
211,Clay County District Court,Challenged For Cause (Plaintiff/Petitioner),White ,,12
211,Clay County District Court,Juror,White ,,28
211,Clay County District Court,Not Used,Asian ,,1
211,Clay County District Court,Not Used,Black/African American ,,1
211,Clay County District Court,Not Used,Other ,Hispanic/Latinx/Spanish Origins,3
211,Clay County District Court,Not Used,White ,,100
211,Clay County District Court,Not Used,White ,Hispanic/Latinx/Spanish Origins,1
211,Clay County District Court,Peremptory Strike (Defendant/Respondent),White ,,20
211,Clay County District Court,Peremptory Strike (Plaintiff/Petitioner),American Indian/Alaskan Native ,,1
211,Clay County District Court,Peremptory Strike (Plaintiff/Petitioner),Asian ,,1
211,Clay County District Court,Peremptory Strike (Plaintiff/Petitioner),White ,,18
221,Clayton County District Court,Challenged For Cause (Defendant/Respondent),White ,,3
221,Clayton County District Court,Challenged For Cause (Plaintiff/Petitioner),White ,,7
221,Clayton County District Court,Court,White ,,3
221,Clayton County District Court,Juror,Other ,Hispanic/Latinx/Spanish Origins,1
221,Clayton County District Court,Juror,White ,,18
221,Clayton County District Court,Not Used,White ,,27
221,Clayton County District Court,Peremptory Strike (Defendant/Respondent),White ,,11
221,Clayton County District Court,Peremptory Strike (Plaintiff/Petitioner),White ,,11
231,Clinton County District Court,Alternate,White ,,10
231,Clinton County District Court,Challenged For Cause (Defendant/Respondent),White ,,5
231,Clinton County District Court,Challenged For Cause (Plaintiff/Petitioner),White ,,16
231,Clinton County District Court,Court,Native Hawaiian/Other Pacific Islander ,,2
231,Clinton County District Court,Court,Unknown ,,1
231,Clinton County District Court,Court,White ,,28
231,Clinton County District Court,Juror,American Indian/Alaskan Native ,,1
231,Clinton County District Court,Juror,Asian ,,1
231,Clinton County District Court,Juror,Black/African American ,,2
231,Clinton County District Court,Juror,Black/African American ,Hispanic/Latinx/Spanish Origins,1
231,Clinton County District Court,Juror,"Multi Race Black/African American, White",,1
231,Clinton County District Court,Juror,Other ,Hispanic/Latinx/Spanish Origins,1
231,Clinton County District Court,Juror,White ,,107
231,Clinton County District Court,No Result,Asian ,,1
231,Clinton County District Court,No Result,Black/African American ,,2
231,Clinton County District Court,No Result,"Multi Race Black/African American, Other, White",,1
231,Clinton County District Court,No Result,"Multi Race Black/African American, White",,3
231,Clinton County District Court,No Result,Multi Race White,Hispanic/Latinx/Spanish Origins,1
231,Clinton County District Court,No Result,Native Hawaiian/Other Pacific Islander ,,1
231,Clinton County District Court,No Result,Other ,Hispanic/Latinx/Spanish Origins,1
231,Clinton County District Court,No Result,Other ,,1
231,Clinton County District Court,No Result,White ,,96
231,Clinton County District Court,No Result,White ,Hispanic/Latinx/Spanish Origins,1
231,Clinton County District Court,Not Used,Black/African American ,,3
231,Clinton County District Court,Not Used,"Multi Race American Indian/Alaskan Native, Black/African American, White",,1
231,Clinton County District Court,Not Used,"Multi Race American Indian/Alaskan Native, White",,1
231,Clinton County District Court,Not Used,Multi Race White,Hispanic/Latinx/Spanish Origins,1
231,Clinton County District Court,Not Used,Other ,,2
231,Clinton County District Court,Not Used,White ,,135
231,Clinton County District Court,Not Used,White ,Hispanic/Latinx/Spanish Origins,1
231,Clinton County District Court,Peremptory Strike (Defendant/Respondent),Multi Race ,,1
231,Clinton County District Court,Peremptory Strike (Defendant/Respondent),"Multi Race Other, White",Hispanic/Latinx/Spanish Origins,1
231,Clinton County District Court,Peremptory Strike (Defendant/Respondent),White ,,60
231,Clinton County District Court,Peremptory Strike (Plaintiff/Petitioner),Black/African American ,,1
231,Clinton County District Court,Peremptory Strike (Plaintiff/Petitioner),Multi Race ,Hispanic/Latinx/Spanish Origins,1
231,Clinton County District Court,Peremptory Strike (Plaintiff/Petitioner),Other ,Hispanic/Latinx/Spanish Origins,2
231,Clinton County District Court,Peremptory Strike (Plaintiff/Petitioner),White ,Hispanic/Latinx/Spanish Origins,2
231,Clinton County District Court,Peremptory Strike (Plaintiff/Petitioner),White ,,53
241,Crawford County District Court,Alternate,White ,Hispanic/Latinx/Spanish Origins,1
241,Crawford County District Court,Challenged For Cause (Plaintiff/Petitioner),White ,,5
241,Crawford County District Court,Juror,Other ,Hispanic/Latinx/Spanish Origins,1
241,Crawford County District Court,Juror,White ,,11
241,Crawford County District Court,Not Used,Other ,Hispanic/Latinx/Spanish Origins,1
241,Crawford County District Court,Not Used,White ,,25
241,Crawford County District Court,Not Used,White ,Hispanic/Latinx/Spanish Origins,3
241,Crawford County District Court,Peremptory Strike (Defendant/Respondent),White ,,7
241,Crawford County District Court,Peremptory Strike (Plaintiff/Petitioner),White ,,7
251,Dallas County District Court,Alternate,Other ,Hispanic/Latinx/Spanish Origins,1
251,Dallas County District Court,Alternate,White ,,3
251,Dallas County District Court,Challenged For Cause (Defendant/Respondent),White ,,1
251,Dallas County District Court,Challenged For Cause (Plaintiff/Petitioner),Black/African American ,,1
251,Dallas County District Court,Challenged For Cause (Plaintiff/Petitioner),Other ,Hispanic/Latinx/Spanish Origins,1
251,Dallas County District Court,Challenged For Cause (Plaintiff/Petitioner),White ,,4
251,Dallas County District Court,Court,Asian ,,1
251,Dallas County District Court,Court,Multi Race Asian,Hispanic/Latinx/Spanish Origins,1
251,Dallas County District Court,Court,"Multi Race Black/African American, White",,1
251,Dallas County District Court,Court,Other ,Hispanic/Latinx/Spanish Origins,1
251,Dallas County District Court,Court,Unknown ,,1
251,Dallas County District Court,Court,White ,Hispanic/Latinx/Spanish Origins,1
251,Dallas County District Court,Court,White ,,35
251,Dallas County District Court,Juror,Asian ,,7
251,Dallas County District Court,Juror,Black/African American ,,4
251,Dallas County District Court,Juror,"Multi Race American Indian/Alaskan Native, Unknown, White",,1
251,Dallas County District Court,Juror,"Multi Race American Indian/Alaskan Native, White",,3
251,Dallas County District Court,Juror,Multi Race Unknown,,1
251,Dallas County District Court,Juror,Other ,,2
251,Dallas County District Court,Juror,Other ,Hispanic/Latinx/Spanish Origins,4
251,Dallas County District Court,Juror,White ,Hispanic/Latinx/Spanish Origins,2
251,Dallas County District Court,Juror,White ,,209
251,Dallas County District Court,No Result,Asian ,,1
251,Dallas County District Court,No Result,Black/African American ,,5
251,Dallas County District Court,No Result,Other ,Hispanic/Latinx/Spanish Origins,1
251,Dallas County District Court,No Result,White ,,93
251,Dallas County District Court,Not Used,Asian ,,6
251,Dallas County District Court,Not Used,Black/African American ,Hispanic/Latinx/Spanish Origins,1
251,Dallas County District Court,Not Used,Black/African American ,,4
251,Dallas County District Court,Not Used,"Multi Race Other, White",,1
251,Dallas County District Court,Not Used,"Multi Race Other, White",Hispanic/Latinx/Spanish Origins,1
251,Dallas County District Court,Not Used,Native Hawaiian/Other Pacific Islander ,,1
251,Dallas County District Court,Not Used,Other ,Hispanic/Latinx/Spanish Origins,2
251,Dallas County District Court,Not Used,Other ,,2
251,Dallas County District Court,Not Used,White ,,182
251,Dallas County District Court,Not Used,White ,Hispanic/Latinx/Spanish Origins,2
251,Dallas County District Court,Peremptory Strike (Defendant/Respondent),Black/African American ,,2
251,Dallas County District Court,Peremptory Strike (Defendant/Respondent),"Multi Race Asian, White",,1
251,Dallas County District Court,Peremptory Strike (Defendant/Respondent),Unknown ,,1
251,Dallas County District Court,Peremptory Strike (Defendant/Respondent),White ,Hispanic/Latinx/Spanish Origins,1
251,Dallas County District Court,Peremptory Strike (Defendant/Respondent),White ,,94
251,Dallas County District Court,Peremptory Strike (Plaintiff/Petitioner),American Indian/Alaskan Native ,,2
251,Dallas County District Court,Peremptory Strike (Plaintiff/Petitioner),Asian ,,4
251,Dallas County District Court,Peremptory Strike (Plaintiff/Petitioner),"Multi Race Asian, White",,1
251,Dallas County District Court,Peremptory Strike (Plaintiff/Petitioner),"Multi Race Black/African American, White",,1
251,Dallas County District Court,Peremptory Strike (Plaintiff/Petitioner),Native Hawaiian/Other Pacific Islander ,,1
251,Dallas County District Court,Peremptory Strike (Plaintiff/Petitioner),Other ,Hispanic/Latinx/Spanish Origins,1
251,Dallas County District Court,Peremptory Strike (Plaintiff/Petitioner),Other ,,2
251,Dallas County District Court,Peremptory Strike (Plaintiff/Petitioner),White ,,85
251,Dallas County District Court,Peremptory Strike (Plaintiff/Petitioner),White ,Hispanic/Latinx/Spanish Origins,2
261,Davis County District Court,Alternate,White ,,2
261,Davis County District Court,Court,NOT PROVIDED ,,1
261,Davis County District Court,Court,White ,,7
261,Davis County District Court,Juror,American Indian/Alaskan Native ,,1
261,Davis County District Court,Juror,White ,,11
261,Davis County District Court,Not Used,Other ,Hispanic/Latinx/Spanish Origins,1
261,Davis County District Court,Not Used,White ,,28
261,Davis County District Court,Peremptory Strike (Defendant/Respondent),White ,,7
261,Davis County District Court,Peremptory Strike (Plaintiff/Petitioner),White ,,7
281,Delaware County District Court,Court,White ,,1
281,Delaware County District Court,Juror,White ,,6
281,Delaware County District Court,Not Used,White ,,11
281,Delaware County District Court,Peremptory Strike (Defendant/Respondent),White ,,4
281,Delaware County District Court,Peremptory Strike (Plaintiff/Petitioner),White ,,4
291,Des Moines County District Court,Alternate,Black/African American ,,1
291,Des Moines County District Court,Alternate,White ,,17
291,Des Moines County District Court,Juror,American Indian/Alaskan Native ,,1
291,Des Moines County District Court,Juror,Black/African American ,,4
291,Des Moines County District Court,Juror,Multi Race ,,1
291,Des Moines County District Court,Juror,Multi Race White,Hispanic/Latinx/Spanish Origins,1
291,Des Moines County District Court,Juror,NOT PROVIDED ,,1
291,Des Moines County District Court,Juror,Unknown ,,1
291,Des Moines County District Court,Juror,White ,Hispanic/Latinx/Spanish Origins,4
291,Des Moines County District Court,Juror,White ,,191
291,Des Moines County District Court,No Result,Black/African American ,,8
291,Des Moines County District Court,No Result,"Multi Race Black/African American, White",,1
291,Des Moines County District Court,No Result,Multi Race Other,Hispanic/Latinx/Spanish Origins,1
291,Des Moines County District Court,No Result,NOT PROVIDED ,,1
291,Des Moines County District Court,No Result,Native Hawaiian/Other Pacific Islander ,,1
291,Des Moines County District Court,No Result,White ,,171
291,Des Moines County District Court,Not Used,American Indian/Alaskan Native ,,1
291,Des Moines County District Court,Not Used,Asian ,,2
291,Des Moines County District Court,Not Used,Black/African American ,,8
291,Des Moines County District Court,Not Used,"Multi Race American Indian/Alaskan Native, Other, White",,1
291,Des Moines County District Court,Not Used,"Multi Race Black/African American, White",Hispanic/Latinx/Spanish Origins,1
291,Des Moines County District Court,Not Used,"Multi Race Black/African American, White",,3
291,Des Moines County District Court,Not Used,"Multi Race Other, White",Hispanic/Latinx/Spanish Origins,2
291,Des Moines County District Court,Not Used,NOT PROVIDED ,,2
291,Des Moines County District Court,Not Used,Other ,,2
291,Des Moines County District Court,Not Used,Other ,Hispanic/Latinx/Spanish Origins,2
291,Des Moines County District Court,Not Used,Unknown ,,2
291,Des Moines County District Court,Not Used,White ,,218
291,Des Moines County District Court,Not Used,White ,Hispanic/Latinx/Spanish Origins,3
291,Des Moines County District Court,Peremptory Strike (Defendant/Respondent),American Indian/Alaskan Native ,,1
291,Des Moines County District Court,Peremptory Strike (Defendant/Respondent),"Multi Race Black/African American, White",,1
291,Des Moines County District Court,Peremptory Strike (Defendant/Respondent),Other ,Hispanic/Latinx/Spanish Origins,1
291,Des Moines County District Court,Peremptory Strike (Defendant/Respondent),White ,Hispanic/Latinx/Spanish Origins,1
291,Des Moines County District Court,Peremptory Strike (Defendant/Respondent),White ,,100
291,Des Moines County District Court,Peremptory Strike (Plaintiff/Petitioner),Asian ,,2
291,Des Moines County District Court,Peremptory Strike (Plaintiff/Petitioner),Black/African American ,,4
291,Des Moines County District Court,Peremptory Strike (Plaintiff/Petitioner),"Multi Race Other, White",Hispanic/Latinx/Spanish Origins,1
291,Des Moines County District Court,Peremptory Strike (Plaintiff/Petitioner),Multi Race White,Hispanic/Latinx/Spanish Origins,1
291,Des Moines County District Court,Peremptory Strike (Plaintiff/Petitioner),NOT PROVIDED ,,1
291,Des Moines County District Court,Peremptory Strike (Plaintiff/Petitioner),White ,,93
291,Des Moines County District Court,Peremptory Strike (Plaintiff/Petitioner),White ,Hispanic/Latinx/Spanish Origins,2
301,Dickinson County District Court,No Result,Other ,,2
301,Dickinson County District Court,No Result,White ,,77
311,Dubuque County District Court,Challenged For Cause (Defendant/Respondent),White ,,12
311,Dubuque County District Court,Challenged For Cause (Plaintiff/Petitioner),Black/African American ,,1
311,Dubuque County District Court,Challenged For Cause (Plaintiff/Petitioner),White ,,10
311,Dubuque County District Court,Court,Black/African American ,,2
311,Dubuque County District Court,Court,"Multi Race Black/African American, White",,2
311,Dubuque County District Court,Court,Multi Race Other,,1
311,Dubuque County District Court,Court,"Multi Race Other, White",Hispanic/Latinx/Spanish Origins,1
311,Dubuque County District Court,Court,Other ,Hispanic/Latinx/Spanish Origins,2
311,Dubuque County District Court,Court,White ,Hispanic/Latinx/Spanish Origins,2
311,Dubuque County District Court,Court,White ,,63
311,Dubuque County District Court,Juror,Asian ,,3
311,Dubuque County District Court,Juror,"Multi Race Black/African American, White",,1
311,Dubuque County District Court,Juror,"Multi Race Black/African American, White",Hispanic/Latinx/Spanish Origins,1
311,Dubuque County District Court,Juror,Other ,Hispanic/Latinx/Spanish Origins,2
311,Dubuque County District Court,Juror,White ,,238
311,Dubuque County District Court,Juror,White ,Hispanic/Latinx/Spanish Origins,2
311,Dubuque County District Court,No Result,Black/African American ,,1
311,Dubuque County District Court,No Result,White ,,35
311,Dubuque County District Court,Not Used,Asian ,,4
311,Dubuque County District Court,Not Used,Black/African American ,,6
311,Dubuque County District Court,Not Used,"Multi Race American Indian/Alaskan Native, White",,1
311,Dubuque County District Court,Not Used,"Multi Race Black/African American, Other, White",Hispanic/Latinx/Spanish Origins,1
311,Dubuque County District Court,Not Used,Native Hawaiian/Other Pacific Islander ,Hispanic/Latinx/Spanish Origins,1
311,Dubuque County District Court,Not Used,Other ,Hispanic/Latinx/Spanish Origins,1
311,Dubuque County District Court,Not Used,White ,,262
311,Dubuque County District Court,Not Used,White ,Hispanic/Latinx/Spanish Origins,5
311,Dubuque County District Court,Peremptory Strike (Defendant/Respondent),Asian ,,2
311,Dubuque County District Court,Peremptory Strike (Defendant/Respondent),Black/African American ,,1
311,Dubuque County District Court,Peremptory Strike (Defendant/Respondent),"Multi Race Asian, White",,1
311,Dubuque County District Court,Peremptory Strike (Defendant/Respondent),White ,,118
311,Dubuque County District Court,Peremptory Strike (Plaintiff/Petitioner),Asian ,,1
311,Dubuque County District Court,Peremptory Strike (Plaintiff/Petitioner),Black/African American ,,2
311,Dubuque County District Court,Peremptory Strike (Plaintiff/Petitioner),"Multi Race American Indian/Alaskan Native, White",Hispanic/Latinx/Spanish Origins,1
311,Dubuque County District Court,Peremptory Strike (Plaintiff/Petitioner),"Multi Race Asian, Black/African American, White",,1
311,Dubuque County District Court,Peremptory Strike (Plaintiff/Petitioner),Other ,Hispanic/Latinx/Spanish Origins,1
311,Dubuque County District Court,Peremptory Strike (Plaintiff/Petitioner),Unknown ,,1
311,Dubuque County District Court,Peremptory Strike (Plaintiff/Petitioner),White ,,106
311,Dubuque County District Court,Peremptory Strike (Plaintiff/Petitioner),White ,Hispanic/Latinx/Spanish Origins,2
321,Emmet County District Court,No Result,"Multi Race Asian, White",,1
321,Emmet County District Court,No Result,"Multi Race Black/African American, White",,1
321,Emmet County District Court,No Result,Other ,Hispanic/Latinx/Spanish Origins,1
321,Emmet County District Court,No Result,White ,,35
321,Emmet County District Court,No Result,White ,Hispanic/Latinx/Spanish Origins,2
341,Floyd County District Court,Alternate,White ,,1
341,Floyd County District Court,Challenged For Cause (Plaintiff/Petitioner),White ,,1
341,Floyd County District Court,Court,White ,,2
341,Floyd County District Court,Juror,Black/African American ,,1
341,Floyd County District Court,Juror,White ,,10
341,Floyd County District Court,Juror,White ,Hispanic/Latinx/Spanish Origins,1
341,Floyd County District Court,Not Used,Other ,Hispanic/Latinx/Spanish Origins,1
341,Floyd County District Court,Not Used,White ,,27
341,Floyd County District Court,Peremptory Strike (Defendant/Respondent),White ,,5
341,Floyd County District Court,Peremptory Strike (Plaintiff/Petitioner),Black/African American ,,1
341,Floyd County District Court,Peremptory Strike (Plaintiff/Petitioner),Other ,Hispanic/Latinx/Spanish Origins,1
341,Floyd County District Court,Peremptory Strike (Plaintiff/Petitioner),White ,,3
361,Fremont County District Court,Challenged For Cause (Defendant/Respondent),White ,,4
361,Fremont County District Court,Court,White ,,2
361,Fremont County District Court,Juror,"Multi Race American Indian/Alaskan Native, White",Hispanic/Latinx/Spanish Origins,1
361,Fremont County District Court,Juror,Unknown ,,1
361,Fremont County District Court,Juror,White ,,10
361,Fremont County District Court,Not Used,White ,,11
361,Fremont County District Court,Peremptory Strike (Defendant/Respondent),"Multi Race Native Hawaiian/Other Pacific Islander, White",,1
361,Fremont County District Court,Peremptory Strike (Defendant/Respondent),White ,,3
361,Fremont County District Court,Peremptory Strike (Plaintiff/Petitioner),White ,,4
371,Greene County District Court,Alternate,White ,,3
371,Greene County District Court,Court,White ,,15
371,Greene County District Court,Juror,White ,,24
371,Greene County District Court,No Result,Other ,,1
371,Greene County District Court,No Result,White ,,116
371,Greene County District Court,No Result,White ,Hispanic/Latinx/Spanish Origins,2
371,Greene County District Court,Not Used,American Indian/Alaskan Native ,,1
371,Greene County District Court,Not Used,NOT PROVIDED ,,1
371,Greene County District Court,Not Used,Other ,Hispanic/Latinx/Spanish Origins,1
371,Greene County District Court,Not Used,White ,,46
371,Greene County District Court,Peremptory Strike (Defendant/Respondent),Asian ,,1
371,Greene County District Court,Peremptory Strike (Defendant/Respondent),White ,,11
371,Greene County District Court,Peremptory Strike (Plaintiff/Petitioner),White ,Hispanic/Latinx/Spanish Origins,1
371,Greene County District Court,Peremptory Strike (Plaintiff/Petitioner),White ,,15
391,Guthrie County District Court,Alternate,White ,,1
391,Guthrie County District Court,Juror,"Multi Race Asian, Native Hawaiian/Other Pacific Islander, Other",,1
391,Guthrie County District Court,Juror,Unknown ,,2
391,Guthrie County District Court,Juror,White ,Hispanic/Latinx/Spanish Origins,1
391,Guthrie County District Court,Juror,White ,,67
391,Guthrie County District Court,No Result,Other ,,1
391,Guthrie County District Court,No Result,White ,,21
391,Guthrie County District Court,Not Used,Asian ,,2
391,Guthrie County District Court,Not Used,Black/African American ,,1
391,Guthrie County District Court,Not Used,"Multi Race American Indian/Alaskan Native, Black/African American, White",,1
391,Guthrie County District Court,Not Used,NOT PROVIDED ,,1
391,Guthrie County District Court,Not Used,Other ,Hispanic/Latinx/Spanish Origins,2
391,Guthrie County District Court,Not Used,Unknown ,,1
391,Guthrie County District Court,Not Used,White ,,118
391,Guthrie County District Court,Not Used,White ,Hispanic/Latinx/Spanish Origins,2
401,Hamilton County District Court,Not Used,Asian ,,1
401,Hamilton County District Court,Not Used,White ,Hispanic/Latinx/Spanish Origins,1
401,Hamilton County District Court,Not Used,White ,,57
411,Hancock County District Court,Alternate,White ,Hispanic/Latinx/Spanish Origins,1
411,Hancock County District Court,Alternate,White ,,4
411,Hancock County District Court,Court,Black/African American ,,1
411,Hancock County District Court,Court,White ,,7
411,Hancock County District Court,Court,White ,Hispanic/Latinx/Spanish Origins,1
411,Hancock County District Court,Juror,Other ,Hispanic/Latinx/Spanish Origins,2
411,Hancock County District Court,Juror,White ,Hispanic/Latinx/Spanish Origins,1
411,Hancock County District Court,Juror,White ,,56
411,Hancock County District Court,Not Used,American Indian/Alaskan Native ,,1
411,Hancock County District Court,Not Used,"Multi Race American Indian/Alaskan Native, White",,1
411,Hancock County District Court,Not Used,Multi Race White,Hispanic/Latinx/Spanish Origins,1
411,Hancock County District Court,Not Used,Unknown ,,1
411,Hancock County District Court,Not Used,White ,,141
411,Hancock County District Court,Not Used,White ,Hispanic/Latinx/Spanish Origins,1
411,Hancock County District Court,Peremptory Strike (Defendant/Respondent),White ,,29
411,Hancock County District Court,Peremptory Strike (Plaintiff/Petitioner),Black/African American ,,1
411,Hancock County District Court,Peremptory Strike (Plaintiff/Petitioner),Other ,Hispanic/Latinx/Spanish Origins,1
411,Hancock County District Court,Peremptory Strike (Plaintiff/Petitioner),White ,Hispanic/Latinx/Spanish Origins,1
411,Hancock County District Court,Peremptory Strike (Plaintiff/Petitioner),White ,,26
421,Hardin County District Court,Alternate,White ,,2
421,Hardin County District Court,Juror,White ,,12
421,Hardin County District Court,Not Used,American Indian/Alaskan Native ,,1
421,Hardin County District Court,Not Used,White ,,108
421,Hardin County District Court,Peremptory Strike (Defendant/Respondent),White ,,7
421,Hardin County District Court,Peremptory Strike (Plaintiff/Petitioner),White ,,7
431,Harrison County District Court,Alternate,White ,,4
431,Harrison County District Court,Challenged For Cause (Defendant/Respondent),White ,,1
431,Harrison County District Court,Challenged For Cause (Plaintiff/Petitioner),White ,,3
431,Harrison County District Court,Court,White ,,13
431,Harrison County District Court,Juror,White ,,36
431,Harrison County District Court,No Result,White ,,1
431,Harrison County District Court,Not Used,Asian ,,1
431,Harrison County District Court,Not Used,White ,,34
431,Harrison County District Court,Peremptory Strike (Defendant/Respondent),White ,Hispanic/Latinx/Spanish Origins,1
431,Harrison County District Court,Peremptory Strike (Defendant/Respondent),White ,,20
431,Harrison County District Court,Peremptory Strike (Plaintiff/Petitioner),White ,,22
441,Henry County District Court,Juror,White ,,6
441,Henry County District Court,Not Used,"Multi Race Black/African American, White",,1
441,Henry County District Court,Not Used,Other ,Hispanic/Latinx/Spanish Origins,1
441,Henry County District Court,Not Used,White ,,12
441,Henry County District Court,Peremptory Strike (Defendant/Respondent),White ,Hispanic/Latinx/Spanish Origins,1
441,Henry County District Court,Peremptory Strike (Defendant/Respondent),White ,,3
441,Henry County District Court,Peremptory Strike (Plaintiff/Petitioner),White ,,4
451,Howard County District Court,Court,White ,,23
451,Howard County District Court,Juror,White ,,13
451,Howard County District Court,Not Used,White ,,8
451,Howard County District Court,Peremptory Strike (Defendant/Respondent),Black/African American ,,1
451,Howard County District Court,Peremptory Strike (Defendant/Respondent),Other ,,1
451,Howard County District Court,Peremptory Strike (Defendant/Respondent),White ,,4
451,Howard County District Court,Peremptory Strike (Plaintiff/Petitioner),NOT PROVIDED ,,1
451,Howard County District Court,Peremptory Strike (Plaintiff/Petitioner),White ,,5
491,Jackson County District Court,Alternate,White ,,1
491,Jackson County District Court,Court,White ,,3
491,Jackson County District Court,Juror,White ,,12
491,Jackson County District Court,Not Used,Native Hawaiian/Other Pacific Islander ,,1
491,Jackson County District Court,Not Used,White ,Hispanic/Latinx/Spanish Origins,1
491,Jackson County District Court,Not Used,White ,,28
491,Jackson County District Court,Peremptory Strike (Defendant/Respondent),Unknown ,Hispanic/Latinx/Spanish Origins,1
491,Jackson County District Court,Peremptory Strike (Defendant/Respondent),White ,,6
491,Jackson County District Court,Peremptory Strike (Plaintiff/Petitioner),White ,,7
501,Jasper County District Court,Challenged For Cause (Plaintiff/Petitioner),White ,,1
501,Jasper County District Court,Court,White ,,6
501,Jasper County District Court,Juror,"Multi Race Black/African American, White",,1
501,Jasper County District Court,Juror,Other ,,1
501,Jasper County District Court,Juror,White ,,50
501,Jasper County District Court,No Result,Asian ,,1
501,Jasper County District Court,No Result,"Multi Race Asian, White",Hispanic/Latinx/Spanish Origins,1
501,Jasper County District Court,No Result,White ,,31
501,Jasper County District Court,Not Used,American Indian/Alaskan Native ,,1
501,Jasper County District Court,Not Used,Asian ,,1
501,Jasper County District Court,Not Used,"Multi Race Other, White",Hispanic/Latinx/Spanish Origins,1
501,Jasper County District Court,Not Used,White ,Hispanic/Latinx/Spanish Origins,2
501,Jasper County District Court,Not Used,White ,,53
501,Jasper County District Court,Peremptory Strike (Defendant/Respondent),White ,Hispanic/Latinx/Spanish Origins,1
501,Jasper County District Court,Peremptory Strike (Defendant/Respondent),White ,,21
501,Jasper County District Court,Peremptory Strike (Plaintiff/Petitioner),Other ,,1
501,Jasper County District Court,Peremptory Strike (Plaintiff/Petitioner),White ,,21
511,Jefferson County District Court,Alternate,White ,,3
511,Jefferson County District Court,Challenged For Cause (Plaintiff/Petitioner),White ,,11
511,Jefferson County District Court,Challenged For Cause (Plaintiff/Petitioner),White ,Hispanic/Latinx/Spanish Origins,1
511,Jefferson County District Court,Juror,"Multi Race Other, White",Hispanic/Latinx/Spanish Origins,1
511,Jefferson County District Court,Juror,White ,,35
511,Jefferson County District Court,Not Used,White ,,35
511,Jefferson County District Court,Peremptory Strike (Defendant/Respondent),"Multi Race American Indian/Alaskan Native, Unknown, White",,1
511,Jefferson County District Court,Peremptory Strike (Defendant/Respondent),White ,,19
511,Jefferson County District Court,Peremptory Strike (Plaintiff/Petitioner),"Multi Race American Indian/Alaskan Native, Black/African American, Other, White",Hispanic/Latinx/Spanish Origins,1
511,Jefferson County District Court,Peremptory Strike (Plaintiff/Petitioner),White ,,19
521,Johnson County District Court,Challenged For Cause (Defendant/Respondent),White ,,10
521,Johnson County District Court,Challenged For Cause (Plaintiff/Petitioner),Unknown ,,1
521,Johnson County District Court,Challenged For Cause (Plaintiff/Petitioner),White ,,12
521,Johnson County District Court,Challenged For Cause (Plaintiff/Petitioner),White ,Hispanic/Latinx/Spanish Origins,1
521,Johnson County District Court,Court,Asian ,,2
521,Johnson County District Court,Court,Black/African American ,,4
521,Johnson County District Court,Court,White ,Hispanic/Latinx/Spanish Origins,1
521,Johnson County District Court,Court,White ,,50
521,Johnson County District Court,Juror,Asian ,,7
521,Johnson County District Court,Juror,Black/African American ,,14
521,Johnson County District Court,Juror,"Multi Race Other, White",Hispanic/Latinx/Spanish Origins,1
521,Johnson County District Court,Juror,Other ,Hispanic/Latinx/Spanish Origins,5
521,Johnson County District Court,Juror,Unknown ,Hispanic/Latinx/Spanish Origins,1
521,Johnson County District Court,Juror,Unknown ,,1
521,Johnson County District Court,Juror,White ,Hispanic/Latinx/Spanish Origins,3
521,Johnson County District Court,Juror,White ,,161
521,Johnson County District Court,No Result,Asian ,,9
521,Johnson County District Court,No Result,Black/African American ,,16
521,Johnson County District Court,No Result,"Multi Race American Indian/Alaskan Native, White",,1
521,Johnson County District Court,No Result,"Multi Race Asian, White",,2
521,Johnson County District Court,No Result,"Multi Race Black/African American, White",,2
521,Johnson County District Court,No Result,Multi Race Other,Hispanic/Latinx/Spanish Origins,1
521,Johnson County District Court,No Result,NOT PROVIDED ,,1
521,Johnson County District Court,No Result,Other ,,2
521,Johnson County District Court,No Result,Other ,Hispanic/Latinx/Spanish Origins,6
521,Johnson County District Court,No Result,Unknown ,,1
521,Johnson County District Court,No Result,White ,,309
521,Johnson County District Court,No Result,White ,Hispanic/Latinx/Spanish Origins,13
521,Johnson County District Court,Not Used,American Indian/Alaskan Native ,,2
521,Johnson County District Court,Not Used,Asian ,,6
521,Johnson County District Court,Not Used,Black/African American ,,14
521,Johnson County District Court,Not Used,Hispanic/Latino/Spanish Origins ,Hispanic/Latinx/Spanish Origins,1
521,Johnson County District Court,Not Used,"Multi Race Asian, White",,2
521,Johnson County District Court,Not Used,"Multi Race Black/African American, Unknown, White",,1
521,Johnson County District Court,Not Used,"Multi Race Black/African American, White",,2
521,Johnson County District Court,Not Used,NOT PROVIDED ,,1
521,Johnson County District Court,Not Used,Native Hawaiian/Other Pacific Islander ,,1
521,Johnson County District Court,Not Used,Other ,,2
521,Johnson County District Court,Not Used,Other ,Hispanic/Latinx/Spanish Origins,4
521,Johnson County District Court,Not Used,White ,,210
521,Johnson County District Court,Not Used,White ,Hispanic/Latinx/Spanish Origins,9
521,Johnson County District Court,Peremptory Strike (Defendant/Respondent),Asian ,,3
521,Johnson County District Court,Peremptory Strike (Defendant/Respondent),Black/African American ,,3
521,Johnson County District Court,Peremptory Strike (Defendant/Respondent),"Multi Race Other, White",Hispanic/Latinx/Spanish Origins,1
521,Johnson County District Court,Peremptory Strike (Defendant/Respondent),Other ,Hispanic/Latinx/Spanish Origins,1
521,Johnson County District Court,Peremptory Strike (Defendant/Respondent),Unknown ,,2
521,Johnson County District Court,Peremptory Strike (Defendant/Respondent),White ,,66
521,Johnson County District Court,Peremptory Strike (Defendant/Respondent),White ,Hispanic/Latinx/Spanish Origins,4
521,Johnson County District Court,Peremptory Strike (Plaintiff/Petitioner),Asian ,,6
521,Johnson County District Court,Peremptory Strike (Plaintiff/Petitioner),Black/African American ,,4
521,Johnson County District Court,Peremptory Strike (Plaintiff/Petitioner),"Multi Race American Indian/Alaskan Native, White",Hispanic/Latinx/Spanish Origins,1
521,Johnson County District Court,Peremptory Strike (Plaintiff/Petitioner),"Multi Race Asian, White",,1
521,Johnson County District Court,Peremptory Strike (Plaintiff/Petitioner),"Multi Race Black/African American, White",,1
521,Johnson County District Court,Peremptory Strike (Plaintiff/Petitioner),"Multi Race Native Hawaiian/Other Pacific Islander, White",,1
521,Johnson County District Court,Peremptory Strike (Plaintiff/Petitioner),Native Hawaiian/Other Pacific Islander ,,1
521,Johnson County District Court,Peremptory Strike (Plaintiff/Petitioner),Other ,,2
521,Johnson County District Court,Peremptory Strike (Plaintiff/Petitioner),White ,,59
521,Johnson County District Court,Peremptory Strike (Plaintiff/Petitioner),White ,Hispanic/Latinx/Spanish Origins,4
531,Jones County District Court,Challenged For Cause (Defendant/Respondent),White ,,5
531,Jones County District Court,Challenged For Cause (Plaintiff/Petitioner),White ,,4
531,Jones County District Court,Juror,White ,,27
531,Jones County District Court,Not Used,White ,,30
531,Jones County District Court,Peremptory Strike (Defendant/Respondent),White ,,13
531,Jones County District Court,Peremptory Strike (Plaintiff/Petitioner),Multi Race White,Hispanic/Latinx/Spanish Origins,1
531,Jones County District Court,Peremptory Strike (Plaintiff/Petitioner),Other ,Hispanic/Latinx/Spanish Origins,1
531,Jones County District Court,Peremptory Strike (Plaintiff/Petitioner),White ,,13
541,Keokuk County District Court,Alternate,White ,,1
541,Keokuk County District Court,Juror,White ,,12
541,Keokuk County District Court,Not Used,White ,,27
541,Keokuk County District Court,Peremptory Strike (Defendant/Respondent),White ,,7
541,Keokuk County District Court,Peremptory Strike (Plaintiff/Petitioner),White ,,7
551,Kossuth County District Court,Court,Unknown ,,1
551,Kossuth County District Court,Court,White ,,22
551,Kossuth County District Court,Juror,Black/African American ,,2
551,Kossuth County District Court,Juror,White ,,24
551,Kossuth County District Court,Not Used,White ,,26
551,Kossuth County District Court,Peremptory Strike (Defendant/Respondent),White ,,12
551,Kossuth County District Court,Peremptory Strike (Plaintiff/Petitioner),Multi Race Other,Hispanic/Latinx/Spanish Origins,1
551,Kossuth County District Court,Peremptory Strike (Plaintiff/Petitioner),White ,,11
561,Lee County District Court,Alternate,White ,,2
561,Lee County District Court,Juror,Asian ,,1
561,Lee County District Court,Juror,White ,,11
561,Lee County District Court,Not Used,Black/African American ,,1
561,Lee County District Court,Not Used,"Multi Race Black/African American, White",,1
561,Lee County District Court,Not Used,White ,,12
561,Lee County District Court,Peremptory Strike (Defendant/Respondent),Black/African American ,,1
561,Lee County District Court,Peremptory Strike (Defendant/Respondent),White ,,6
561,Lee County District Court,Peremptory Strike (Plaintiff/Petitioner),White ,,6
561,Lee County District Court,Peremptory Strike (Plaintiff/Petitioner),White ,Hispanic/Latinx/Spanish Origins,1
562,Lee County District Court,Alternate,White ,,1
562,Lee County District Court,Juror,White ,,12
562,Lee County District Court,No Result,Unknown ,Hispanic/Latinx/Spanish Origins,1
562,Lee County District Court,No Result,White ,Hispanic/Latinx/Spanish Origins,2
562,Lee County District Court,No Result,White ,,77
562,Lee County District Court,Not Used,Black/African American ,,1
562,Lee County District Court,Not Used,White ,,13
562,Lee County District Court,Peremptory Strike (Defendant/Respondent),White ,,7
562,Lee County District Court,Peremptory Strike (Plaintiff/Petitioner),Black/African American ,,1
562,Lee County District Court,Peremptory Strike (Plaintiff/Petitioner),White ,,6
571,Linn County District Court,Challenged For Cause (Defendant/Respondent),White ,,30
741,Palo Alto County District Court,Peremptory Strike (Plaintiff/Petitioner),White ,,12
571,Linn County District Court,Challenged For Cause (Plaintiff/Petitioner),Black/African American ,,1
571,Linn County District Court,Challenged For Cause (Plaintiff/Petitioner),"Multi Race Black/African American, White",Hispanic/Latinx/Spanish Origins,1
571,Linn County District Court,Challenged For Cause (Plaintiff/Petitioner),Unknown ,,1
571,Linn County District Court,Challenged For Cause (Plaintiff/Petitioner),White ,,39
571,Linn County District Court,Court,American Indian/Alaskan Native ,,2
571,Linn County District Court,Court,Asian ,Hispanic/Latinx/Spanish Origins,1
571,Linn County District Court,Court,Asian ,,7
571,Linn County District Court,Court,Black/African American ,,8
571,Linn County District Court,Court,Black/African American ,Hispanic/Latinx/Spanish Origins,1
571,Linn County District Court,Court,"Multi Race American Indian/Alaskan Native, Black/African American, White",,3
571,Linn County District Court,Court,"Multi Race Black/African American, White",,1
571,Linn County District Court,Court,Multi Race White,Hispanic/Latinx/Spanish Origins,1
571,Linn County District Court,Court,Native Hawaiian/Other Pacific Islander ,,1
571,Linn County District Court,Court,Other ,Hispanic/Latinx/Spanish Origins,1
571,Linn County District Court,Court,Other ,,2
571,Linn County District Court,Court,White ,,226
571,Linn County District Court,Court,White ,Hispanic/Latinx/Spanish Origins,3
571,Linn County District Court,Juror,American Indian/Alaskan Native ,Hispanic/Latinx/Spanish Origins,2
571,Linn County District Court,Juror,Asian ,,5
571,Linn County District Court,Juror,Black/African American ,,22
571,Linn County District Court,Juror,Black/African American ,Hispanic/Latinx/Spanish Origins,1
571,Linn County District Court,Juror,"Multi Race American Indian/Alaskan Native, White",,1
571,Linn County District Court,Juror,"Multi Race Black/African American, Other, White",Hispanic/Latinx/Spanish Origins,1
571,Linn County District Court,Juror,"Multi Race Black/African American, White",,5
571,Linn County District Court,Juror,Native Hawaiian/Other Pacific Islander ,,1
571,Linn County District Court,Juror,Other ,,1
571,Linn County District Court,Juror,Other ,Hispanic/Latinx/Spanish Origins,3
571,Linn County District Court,Juror,Unknown ,Hispanic/Latinx/Spanish Origins,1
571,Linn County District Court,Juror,Unknown ,,1
571,Linn County District Court,Juror,White ,Hispanic/Latinx/Spanish Origins,13
571,Linn County District Court,Juror,White ,,588
571,Linn County District Court,No Result,Asian ,,2
571,Linn County District Court,No Result,Black/African American ,,19
571,Linn County District Court,No Result,"Multi Race American Indian/Alaskan Native, Black/African American, Native Hawaiian/Other Pacific Islander, Other, White",,1
571,Linn County District Court,No Result,"Multi Race American Indian/Alaskan Native, Black/African American, Other, White",,1
571,Linn County District Court,No Result,"Multi Race American Indian/Alaskan Native, White",,1
571,Linn County District Court,No Result,Multi Race Black/African American,,1
571,Linn County District Court,No Result,"Multi Race Black/African American, White",,3
571,Linn County District Court,No Result,Multi Race White,Hispanic/Latinx/Spanish Origins,1
571,Linn County District Court,No Result,Native Hawaiian/Other Pacific Islander ,,1
571,Linn County District Court,No Result,Other ,,3
571,Linn County District Court,No Result,Other ,Hispanic/Latinx/Spanish Origins,4
571,Linn County District Court,No Result,White ,,315
571,Linn County District Court,No Result,White ,Hispanic/Latinx/Spanish Origins,3
571,Linn County District Court,Not Used,American Indian/Alaskan Native ,,2
571,Linn County District Court,Not Used,American Indian/Alaskan Native ,Hispanic/Latinx/Spanish Origins,1
571,Linn County District Court,Not Used,Asian ,,10
571,Linn County District Court,Not Used,Black/African American ,,47
571,Linn County District Court,Not Used,Multi Race American Indian/Alaskan Native,Hispanic/Latinx/Spanish Origins,1
571,Linn County District Court,Not Used,"Multi Race American Indian/Alaskan Native, Other",Hispanic/Latinx/Spanish Origins,1
571,Linn County District Court,Not Used,"Multi Race American Indian/Alaskan Native, White",,1
571,Linn County District Court,Not Used,"Multi Race Asian, White",,2
571,Linn County District Court,Not Used,"Multi Race Black/African American, White",,2
571,Linn County District Court,Not Used,"Multi Race Native Hawaiian/Other Pacific Islander, White",,1
571,Linn County District Court,Not Used,Multi Race Other,,1
571,Linn County District Court,Not Used,Multi Race Other,Hispanic/Latinx/Spanish Origins,1
571,Linn County District Court,Not Used,Multi Race White,,1
571,Linn County District Court,Not Used,Multi Race White,Hispanic/Latinx/Spanish Origins,2
571,Linn County District Court,Not Used,Other ,Hispanic/Latinx/Spanish Origins,8
571,Linn County District Court,Not Used,Other ,,5
571,Linn County District Court,Not Used,Unknown ,,1
571,Linn County District Court,Not Used,White ,Hispanic/Latinx/Spanish Origins,16
571,Linn County District Court,Not Used,White ,,909
571,Linn County District Court,Peremptory Strike (Defendant/Respondent),American Indian/Alaskan Native ,,3
571,Linn County District Court,Peremptory Strike (Defendant/Respondent),Asian ,,2
571,Linn County District Court,Peremptory Strike (Defendant/Respondent),Black/African American ,,5
571,Linn County District Court,Peremptory Strike (Defendant/Respondent),Black/African American ,Hispanic/Latinx/Spanish Origins,1
571,Linn County District Court,Peremptory Strike (Defendant/Respondent),"Multi Race American Indian/Alaskan Native, Other",Hispanic/Latinx/Spanish Origins,1
571,Linn County District Court,Peremptory Strike (Defendant/Respondent),"Multi Race American Indian/Alaskan Native, White",,1
571,Linn County District Court,Peremptory Strike (Defendant/Respondent),"Multi Race Asian, Native Hawaiian/Other Pacific Islander, White",,1
571,Linn County District Court,Peremptory Strike (Defendant/Respondent),"Multi Race Black/African American, White",,1
571,Linn County District Court,Peremptory Strike (Defendant/Respondent),"Multi Race Other, White",Hispanic/Latinx/Spanish Origins,1
571,Linn County District Court,Peremptory Strike (Defendant/Respondent),Multi Race White,Hispanic/Latinx/Spanish Origins,1
571,Linn County District Court,Peremptory Strike (Defendant/Respondent),Other ,Hispanic/Latinx/Spanish Origins,3
571,Linn County District Court,Peremptory Strike (Defendant/Respondent),White ,,295
571,Linn County District Court,Peremptory Strike (Defendant/Respondent),White ,Hispanic/Latinx/Spanish Origins,6
571,Linn County District Court,Peremptory Strike (Plaintiff/Petitioner),American Indian/Alaskan Native ,,2
571,Linn County District Court,Peremptory Strike (Plaintiff/Petitioner),Asian ,,8
571,Linn County District Court,Peremptory Strike (Plaintiff/Petitioner),Black/African American ,,13
571,Linn County District Court,Peremptory Strike (Plaintiff/Petitioner),"Multi Race Asian, White",,1
571,Linn County District Court,Peremptory Strike (Plaintiff/Petitioner),"Multi Race Black/African American, Other",Hispanic/Latinx/Spanish Origins,1
571,Linn County District Court,Peremptory Strike (Plaintiff/Petitioner),"Multi Race Black/African American, Unknown, White",,1
571,Linn County District Court,Peremptory Strike (Plaintiff/Petitioner),Multi Race Other,Hispanic/Latinx/Spanish Origins,1
571,Linn County District Court,Peremptory Strike (Plaintiff/Petitioner),"Multi Race Other, White",Hispanic/Latinx/Spanish Origins,1
571,Linn County District Court,Peremptory Strike (Plaintiff/Petitioner),Other ,,5
571,Linn County District Court,Peremptory Strike (Plaintiff/Petitioner),Other ,Hispanic/Latinx/Spanish Origins,6
571,Linn County District Court,Peremptory Strike (Plaintiff/Petitioner),Unknown ,,1
571,Linn County District Court,Peremptory Strike (Plaintiff/Petitioner),White ,Hispanic/Latinx/Spanish Origins,1
571,Linn County District Court,Peremptory Strike (Plaintiff/Petitioner),White ,,277
581,Louisa County District Court,Alternate,White ,,5
581,Louisa County District Court,Court,Other ,Hispanic/Latinx/Spanish Origins,2
581,Louisa County District Court,Court,White ,Hispanic/Latinx/Spanish Origins,1
581,Louisa County District Court,Court,White ,,11
581,Louisa County District Court,Juror,Black/African American ,,1
581,Louisa County District Court,Juror,Other ,Hispanic/Latinx/Spanish Origins,1
581,Louisa County District Court,Juror,White ,Hispanic/Latinx/Spanish Origins,1
581,Louisa County District Court,Juror,White ,,45
581,Louisa County District Court,Not Used,Multi Race White,Hispanic/Latinx/Spanish Origins,1
581,Louisa County District Court,Not Used,NOT PROVIDED ,,1
581,Louisa County District Court,Not Used,Native Hawaiian/Other Pacific Islander ,,1
581,Louisa County District Court,Not Used,Other ,Hispanic/Latinx/Spanish Origins,3
581,Louisa County District Court,Not Used,White ,,81
581,Louisa County District Court,Peremptory Strike (Defendant/Respondent),Multi Race Other,Hispanic/Latinx/Spanish Origins,1
581,Louisa County District Court,Peremptory Strike (Defendant/Respondent),Multi Race White,Hispanic/Latinx/Spanish Origins,1
581,Louisa County District Court,Peremptory Strike (Defendant/Respondent),White ,,24
581,Louisa County District Court,Peremptory Strike (Plaintiff/Petitioner),Other ,Hispanic/Latinx/Spanish Origins,1
581,Louisa County District Court,Peremptory Strike (Plaintiff/Petitioner),White ,Hispanic/Latinx/Spanish Origins,1
581,Louisa County District Court,Peremptory Strike (Plaintiff/Petitioner),White ,,24
591,Lucas County District Court,Court,White ,,4
591,Lucas County District Court,Juror,Black/African American ,,1
591,Lucas County District Court,Juror,NOT PROVIDED ,,1
591,Lucas County District Court,Juror,White ,,37
591,Lucas County District Court,Not Used,Black/African American ,,1
591,Lucas County District Court,Not Used,"Multi Race Black/African American, White",,1
591,Lucas County District Court,Not Used,White ,,55
591,Lucas County District Court,Peremptory Strike (Defendant/Respondent),White ,,9
591,Lucas County District Court,Peremptory Strike (Plaintiff/Petitioner),"Multi Race American Indian/Alaskan Native, Asian, White",,1
591,Lucas County District Court,Peremptory Strike (Plaintiff/Petitioner),White ,,8
601,Lyon County District Court,Alternate,Other ,Hispanic/Latinx/Spanish Origins,1
601,Lyon County District Court,Alternate,White ,,1
601,Lyon County District Court,Challenged For Cause (Defendant/Respondent),"Multi Race American Indian/Alaskan Native, Asian, White",,1
601,Lyon County District Court,Challenged For Cause (Plaintiff/Petitioner),White ,,4
601,Lyon County District Court,Juror,White ,,23
601,Lyon County District Court,Juror,White ,Hispanic/Latinx/Spanish Origins,1
601,Lyon County District Court,Not Used,"Multi Race American Indian/Alaskan Native, Other, White",,1
601,Lyon County District Court,Not Used,White ,,54
601,Lyon County District Court,Not Used,White ,Hispanic/Latinx/Spanish Origins,1
601,Lyon County District Court,Peremptory Strike (Defendant/Respondent),White ,,14
601,Lyon County District Court,Peremptory Strike (Plaintiff/Petitioner),White ,,14
611,Madison County District Court,Juror,American Indian/Alaskan Native ,,1
611,Madison County District Court,Juror,Asian ,,1
611,Madison County District Court,Juror,"Multi Race Asian, White",,1
611,Madison County District Court,Juror,White ,,77
611,Madison County District Court,Juror,White ,Hispanic/Latinx/Spanish Origins,1
611,Madison County District Court,No Result,White ,,1
611,Madison County District Court,Not Used,Black/African American ,,1
611,Madison County District Court,Not Used,Multi Race White,Hispanic/Latinx/Spanish Origins,1
611,Madison County District Court,Not Used,Other ,Hispanic/Latinx/Spanish Origins,1
611,Madison County District Court,Not Used,Other ,,1
611,Madison County District Court,Not Used,Unknown ,,1
611,Madison County District Court,Not Used,White ,Hispanic/Latinx/Spanish Origins,1
611,Madison County District Court,Not Used,White ,,277
621,Mahaska County District Court,Alternate,White ,,6
621,Mahaska County District Court,Challenged For Cause (Defendant/Respondent),White ,,2
621,Mahaska County District Court,Challenged For Cause (Plaintiff/Petitioner),White ,,14
621,Mahaska County District Court,Court,White ,,10
621,Mahaska County District Court,Juror,Black/African American ,,1
621,Mahaska County District Court,Juror,Other ,,1
621,Mahaska County District Court,Juror,White ,,60
621,Mahaska County District Court,Not Used,Asian ,,1
621,Mahaska County District Court,Not Used,Black/African American ,,1
621,Mahaska County District Court,Not Used,"Multi Race American Indian/Alaskan Native, White",Hispanic/Latinx/Spanish Origins,1
621,Mahaska County District Court,Not Used,"Multi Race Asian, White",,2
621,Mahaska County District Court,Not Used,"Multi Race Black/African American, White",,1
621,Mahaska County District Court,Not Used,Other ,,1
621,Mahaska County District Court,Not Used,White ,Hispanic/Latinx/Spanish Origins,1
621,Mahaska County District Court,Not Used,White ,,113
621,Mahaska County District Court,Peremptory Strike (Defendant/Respondent),White ,,32
621,Mahaska County District Court,Peremptory Strike (Plaintiff/Petitioner),Asian ,,2
621,Mahaska County District Court,Peremptory Strike (Plaintiff/Petitioner),White ,,29
621,Mahaska County District Court,Peremptory Strike (Plaintiff/Petitioner),White ,Hispanic/Latinx/Spanish Origins,1
631,Marion County District Court,Juror,White ,,25
631,Marion County District Court,Not Used,Black/African American ,,1
631,Marion County District Court,Not Used,Other ,,1
631,Marion County District Court,Not Used,White ,,36
631,Marion County District Court,Peremptory Strike (Defendant/Respondent),White ,,4
631,Marion County District Court,Peremptory Strike (Plaintiff/Petitioner),White ,,4
641,Marshall County District Court,Alternate,Asian ,,1
641,Marshall County District Court,Alternate,Other ,Hispanic/Latinx/Spanish Origins,1
641,Marshall County District Court,Alternate,White ,,18
641,Marshall County District Court,Juror,American Indian/Alaskan Native ,,3
641,Marshall County District Court,Juror,Asian ,,4
641,Marshall County District Court,Juror,Black/African American ,,1
641,Marshall County District Court,Juror,"Multi Race Black/African American, White",,1
641,Marshall County District Court,Juror,Other ,Hispanic/Latinx/Spanish Origins,8
641,Marshall County District Court,Juror,Other ,,2
641,Marshall County District Court,Juror,White ,Hispanic/Latinx/Spanish Origins,10
641,Marshall County District Court,Juror,White ,,191
641,Marshall County District Court,No Result,American Indian/Alaskan Native ,,3
641,Marshall County District Court,No Result,Asian ,,4
641,Marshall County District Court,No Result,Black/African American ,,2
641,Marshall County District Court,No Result,"Multi Race Black/African American, White",,1
641,Marshall County District Court,No Result,Multi Race White,Hispanic/Latinx/Spanish Origins,1
641,Marshall County District Court,No Result,Native Hawaiian/Other Pacific Islander ,,2
641,Marshall County District Court,No Result,Other ,Hispanic/Latinx/Spanish Origins,13
641,Marshall County District Court,No Result,Unknown ,,1
641,Marshall County District Court,No Result,White ,,195
641,Marshall County District Court,No Result,White ,Hispanic/Latinx/Spanish Origins,22
641,Marshall County District Court,Not Used,American Indian/Alaskan Native ,,1
641,Marshall County District Court,Not Used,Asian ,,8
641,Marshall County District Court,Not Used,Black/African American ,,4
641,Marshall County District Court,Not Used,"Multi Race Asian, White",,1
641,Marshall County District Court,Not Used,"Multi Race Black/African American, White",,2
641,Marshall County District Court,Not Used,"Multi Race Other, White",Hispanic/Latinx/Spanish Origins,2
641,Marshall County District Court,Not Used,"Multi Race Unknown, White",Hispanic/Latinx/Spanish Origins,1
641,Marshall County District Court,Not Used,NOT PROVIDED ,,2
641,Marshall County District Court,Not Used,Native Hawaiian/Other Pacific Islander ,,1
641,Marshall County District Court,Not Used,Other ,,3
641,Marshall County District Court,Not Used,Other ,Hispanic/Latinx/Spanish Origins,31
641,Marshall County District Court,Not Used,Unknown ,Hispanic/Latinx/Spanish Origins,1
641,Marshall County District Court,Not Used,Unknown ,,1
641,Marshall County District Court,Not Used,White ,,546
641,Marshall County District Court,Not Used,White ,Hispanic/Latinx/Spanish Origins,62
641,Marshall County District Court,Peremptory Strike (Defendant/Respondent),Asian ,,1
641,Marshall County District Court,Peremptory Strike (Defendant/Respondent),Black/African American ,,1
641,Marshall County District Court,Peremptory Strike (Defendant/Respondent),"Multi Race Other, White",Hispanic/Latinx/Spanish Origins,1
641,Marshall County District Court,Peremptory Strike (Defendant/Respondent),Other ,Hispanic/Latinx/Spanish Origins,3
641,Marshall County District Court,Peremptory Strike (Defendant/Respondent),Unknown ,Hispanic/Latinx/Spanish Origins,1
641,Marshall County District Court,Peremptory Strike (Defendant/Respondent),White ,Hispanic/Latinx/Spanish Origins,5
641,Marshall County District Court,Peremptory Strike (Defendant/Respondent),White ,,72
641,Marshall County District Court,Peremptory Strike (Plaintiff/Petitioner),American Indian/Alaskan Native ,,1
641,Marshall County District Court,Peremptory Strike (Plaintiff/Petitioner),Other ,Hispanic/Latinx/Spanish Origins,2
641,Marshall County District Court,Peremptory Strike (Plaintiff/Petitioner),White ,Hispanic/Latinx/Spanish Origins,12
641,Marshall County District Court,Peremptory Strike (Plaintiff/Petitioner),White ,,68
651,Mills County District Court,Challenged For Cause (Defendant/Respondent),White ,,3
651,Mills County District Court,Challenged For Cause (Plaintiff/Petitioner),White ,,1
651,Mills County District Court,Juror,"Multi Race Asian, White",,1
651,Mills County District Court,Juror,White ,,47
651,Mills County District Court,No Result,Asian ,,1
651,Mills County District Court,No Result,NOT PROVIDED ,,1
651,Mills County District Court,No Result,Other ,Hispanic/Latinx/Spanish Origins,1
651,Mills County District Court,No Result,White ,,23
651,Mills County District Court,Not Used,Asian ,,1
651,Mills County District Court,Not Used,Other ,,1
651,Mills County District Court,Not Used,White ,,57
651,Mills County District Court,Not Used,White ,Hispanic/Latinx/Spanish Origins,2
651,Mills County District Court,Peremptory Strike (Defendant/Respondent),Other ,Hispanic/Latinx/Spanish Origins,1
651,Mills County District Court,Peremptory Strike (Defendant/Respondent),White ,,15
651,Mills County District Court,Peremptory Strike (Defendant/Respondent),White ,Hispanic/Latinx/Spanish Origins,1
651,Mills County District Court,Peremptory Strike (Plaintiff/Petitioner),"Multi Race Black/African American, Other, White",Hispanic/Latinx/Spanish Origins,1
651,Mills County District Court,Peremptory Strike (Plaintiff/Petitioner),White ,,18
661,Mitchell County District Court,Alternate,White ,,5
661,Mitchell County District Court,Challenged For Cause (Defendant/Respondent),American Indian/Alaskan Native ,,1
661,Mitchell County District Court,Challenged For Cause (Defendant/Respondent),White ,,5
661,Mitchell County District Court,Challenged For Cause (Plaintiff/Petitioner),White ,,1
661,Mitchell County District Court,Court,White ,,15
661,Mitchell County District Court,Juror,White ,,35
661,Mitchell County District Court,Juror,White ,Hispanic/Latinx/Spanish Origins,1
661,Mitchell County District Court,Not Used,White ,,30
661,Mitchell County District Court,Peremptory Strike (Defendant/Respondent),White ,,20
661,Mitchell County District Court,Peremptory Strike (Plaintiff/Petitioner),White ,,20
671,Monona County District Court,Alternate,White ,,1
671,Monona County District Court,Challenged For Cause (Defendant/Respondent),White ,,4
671,Monona County District Court,Challenged For Cause (Plaintiff/Petitioner),White ,,1
671,Monona County District Court,Juror,White ,,12
671,Monona County District Court,Not Used,American Indian/Alaskan Native ,,2
671,Monona County District Court,Not Used,Other ,,1
671,Monona County District Court,Not Used,White ,,48
671,Monona County District Court,Peremptory Strike (Defendant/Respondent),White ,,7
671,Monona County District Court,Peremptory Strike (Plaintiff/Petitioner),White ,,7
681,Monroe County District Court,Alternate,White ,,1
681,Monroe County District Court,Challenged For Cause (Defendant/Respondent),White ,,1
681,Monroe County District Court,Juror,White ,,12
681,Monroe County District Court,Not Used,Other ,,1
681,Monroe County District Court,Not Used,White ,Hispanic/Latinx/Spanish Origins,1
681,Monroe County District Court,Not Used,White ,,19
681,Monroe County District Court,Peremptory Strike (Defendant/Respondent),White ,,5
681,Monroe County District Court,Peremptory Strike (Plaintiff/Petitioner),White ,,5
701,Muscatine County District Court,Alternate,Other ,Hispanic/Latinx/Spanish Origins,2
701,Muscatine County District Court,Alternate,White ,,18
701,Muscatine County District Court,Challenged For Cause (Defendant/Respondent),American Indian/Alaskan Native ,,1
701,Muscatine County District Court,Challenged For Cause (Defendant/Respondent),Black/African American ,Hispanic/Latinx/Spanish Origins,1
701,Muscatine County District Court,Challenged For Cause (Defendant/Respondent),White ,Hispanic/Latinx/Spanish Origins,4
701,Muscatine County District Court,Challenged For Cause (Defendant/Respondent),White ,,19
701,Muscatine County District Court,Challenged For Cause (Plaintiff/Petitioner),"Multi Race Other, White",Hispanic/Latinx/Spanish Origins,1
701,Muscatine County District Court,Challenged For Cause (Plaintiff/Petitioner),White ,,22
701,Muscatine County District Court,Court,Black/African American ,Hispanic/Latinx/Spanish Origins,1
701,Muscatine County District Court,Court,Black/African American ,,1
701,Muscatine County District Court,Court,NOT PROVIDED ,,2
701,Muscatine County District Court,Court,Other ,Hispanic/Latinx/Spanish Origins,6
701,Muscatine County District Court,Court,White ,Hispanic/Latinx/Spanish Origins,5
701,Muscatine County District Court,Court,White ,,53
701,Muscatine County District Court,Juror,Asian ,Hispanic/Latinx/Spanish Origins,1
701,Muscatine County District Court,Juror,Asian ,,1
701,Muscatine County District Court,Juror,Black/African American ,,1
701,Muscatine County District Court,Juror,"Multi Race Native Hawaiian/Other Pacific Islander, White",,1
701,Muscatine County District Court,Juror,Multi Race Other,Hispanic/Latinx/Spanish Origins,1
701,Muscatine County District Court,Juror,"Multi Race Other, White",,1
701,Muscatine County District Court,Juror,"Multi Race Other, White",Hispanic/Latinx/Spanish Origins,1
701,Muscatine County District Court,Juror,Multi Race White,Hispanic/Latinx/Spanish Origins,1
701,Muscatine County District Court,Juror,Other ,Hispanic/Latinx/Spanish Origins,9
701,Muscatine County District Court,Juror,Unknown ,,1
701,Muscatine County District Court,Juror,White ,,200
701,Muscatine County District Court,Juror,White ,Hispanic/Latinx/Spanish Origins,9
701,Muscatine County District Court,No Result,Asian ,,2
701,Muscatine County District Court,No Result,Black/African American ,,3
701,Muscatine County District Court,No Result,"Multi Race American Indian/Alaskan Native, White",,1
701,Muscatine County District Court,No Result,"Multi Race Black/African American, White",,1
701,Muscatine County District Court,No Result,Multi Race White,Hispanic/Latinx/Spanish Origins,1
701,Muscatine County District Court,No Result,NOT PROVIDED ,,1
701,Muscatine County District Court,No Result,Other ,Hispanic/Latinx/Spanish Origins,7
701,Muscatine County District Court,No Result,Other ,,1
701,Muscatine County District Court,No Result,White ,,152
701,Muscatine County District Court,No Result,White ,Hispanic/Latinx/Spanish Origins,8
701,Muscatine County District Court,Not Used,Asian ,,8
701,Muscatine County District Court,Not Used,Black/African American ,,6
701,Muscatine County District Court,Not Used,"Multi Race American Indian/Alaskan Native, Other, White",Hispanic/Latinx/Spanish Origins,1
701,Muscatine County District Court,Not Used,"Multi Race Asian, White",,2
701,Muscatine County District Court,Not Used,"Multi Race Black/African American, White",Hispanic/Latinx/Spanish Origins,1
701,Muscatine County District Court,Not Used,Multi Race Other,Hispanic/Latinx/Spanish Origins,2
701,Muscatine County District Court,Not Used,"Multi Race Other, White",Hispanic/Latinx/Spanish Origins,4
701,Muscatine County District Court,Not Used,Multi Race White,Hispanic/Latinx/Spanish Origins,1
701,Muscatine County District Court,Not Used,NOT PROVIDED ,,3
701,Muscatine County District Court,Not Used,Other ,Hispanic/Latinx/Spanish Origins,26
701,Muscatine County District Court,Not Used,Other ,,2
701,Muscatine County District Court,Not Used,Unknown ,,2
701,Muscatine County District Court,Not Used,White ,,455
701,Muscatine County District Court,Not Used,White ,Hispanic/Latinx/Spanish Origins,31
701,Muscatine County District Court,Peremptory Strike (Defendant/Respondent),American Indian/Alaskan Native ,,1
701,Muscatine County District Court,Peremptory Strike (Defendant/Respondent),Asian ,,1
701,Muscatine County District Court,Peremptory Strike (Defendant/Respondent),"Multi Race Other, White",Hispanic/Latinx/Spanish Origins,1
701,Muscatine County District Court,Peremptory Strike (Defendant/Respondent),Other ,Hispanic/Latinx/Spanish Origins,3
701,Muscatine County District Court,Peremptory Strike (Defendant/Respondent),White ,Hispanic/Latinx/Spanish Origins,4
701,Muscatine County District Court,Peremptory Strike (Defendant/Respondent),White ,,108
701,Muscatine County District Court,Peremptory Strike (Plaintiff/Petitioner),Black/African American ,,1
701,Muscatine County District Court,Peremptory Strike (Plaintiff/Petitioner),Multi Race Other,Hispanic/Latinx/Spanish Origins,1
701,Muscatine County District Court,Peremptory Strike (Plaintiff/Petitioner),Other ,Hispanic/Latinx/Spanish Origins,7
701,Muscatine County District Court,Peremptory Strike (Plaintiff/Petitioner),Other ,,2
701,Muscatine County District Court,Peremptory Strike (Plaintiff/Petitioner),White ,Hispanic/Latinx/Spanish Origins,13
701,Muscatine County District Court,Peremptory Strike (Plaintiff/Petitioner),White ,,100
711,O'Brien County District Court,Alternate,White ,,1
711,O'Brien County District Court,Juror,White ,,12
711,O'Brien County District Court,Not Used,Asian ,,1
711,O'Brien County District Court,Not Used,"Multi Race American Indian/Alaskan Native, White",,1
711,O'Brien County District Court,Not Used,White ,,27
731,Page County District Court,Challenged For Cause (Plaintiff/Petitioner),White ,,5
731,Page County District Court,Court,White ,,2
731,Page County District Court,Juror,"Multi Race American Indian/Alaskan Native, Asian, Native Hawaiian/Other Pacific Islander, White",,1
731,Page County District Court,Juror,White ,,23
731,Page County District Court,Not Used,White ,,34
731,Page County District Court,Peremptory Strike (Defendant/Respondent),White ,,8
731,Page County District Court,Peremptory Strike (Plaintiff/Petitioner),White ,,8
741,Palo Alto County District Court,Challenged For Cause (Defendant/Respondent),White ,,2
741,Palo Alto County District Court,Challenged For Cause (Plaintiff/Petitioner),Asian ,,1
741,Palo Alto County District Court,Challenged For Cause (Plaintiff/Petitioner),White ,,14
741,Palo Alto County District Court,Juror,White ,,26
741,Palo Alto County District Court,Juror,White ,Hispanic/Latinx/Spanish Origins,1
741,Palo Alto County District Court,Not Used,White ,,51
741,Palo Alto County District Court,Peremptory Strike (Defendant/Respondent),Multi Race Unknown,Hispanic/Latinx/Spanish Origins,1
741,Palo Alto County District Court,Peremptory Strike (Defendant/Respondent),White ,,11
751,Plymouth County District Court,Alternate,Multi Race White,Hispanic/Latinx/Spanish Origins,1
751,Plymouth County District Court,Alternate,White ,,4
751,Plymouth County District Court,Challenged For Cause (Defendant/Respondent),White ,,7
751,Plymouth County District Court,Challenged For Cause (Plaintiff/Petitioner),American Indian/Alaskan Native ,,1
751,Plymouth County District Court,Challenged For Cause (Plaintiff/Petitioner),White ,,1
751,Plymouth County District Court,Court,Black/African American ,,1
751,Plymouth County District Court,Court,"Multi Race Black/African American, White",,1
751,Plymouth County District Court,Court,White ,,10
751,Plymouth County District Court,Juror,White ,,48
751,Plymouth County District Court,No Result,Asian ,,1
751,Plymouth County District Court,No Result,NOT PROVIDED ,,1
751,Plymouth County District Court,No Result,Other ,Hispanic/Latinx/Spanish Origins,1
751,Plymouth County District Court,No Result,White ,Hispanic/Latinx/Spanish Origins,1
751,Plymouth County District Court,No Result,White ,,47
751,Plymouth County District Court,Not Used,"Multi Race Black/African American, White",,1
751,Plymouth County District Court,Not Used,Other ,,1
751,Plymouth County District Court,Not Used,Other ,Hispanic/Latinx/Spanish Origins,1
751,Plymouth County District Court,Not Used,White ,,108
751,Plymouth County District Court,Not Used,White ,Hispanic/Latinx/Spanish Origins,2
751,Plymouth County District Court,Peremptory Strike (Defendant/Respondent),Asian ,,1
751,Plymouth County District Court,Peremptory Strike (Defendant/Respondent),Native Hawaiian/Other Pacific Islander ,Hispanic/Latinx/Spanish Origins,1
751,Plymouth County District Court,Peremptory Strike (Defendant/Respondent),Other ,Hispanic/Latinx/Spanish Origins,1
751,Plymouth County District Court,Peremptory Strike (Defendant/Respondent),White ,,21
751,Plymouth County District Court,Peremptory Strike (Plaintiff/Petitioner),Native Hawaiian/Other Pacific Islander ,,1
751,Plymouth County District Court,Peremptory Strike (Plaintiff/Petitioner),White ,,23
771,Polk County District Court,Alternate,Asian ,,2
771,Polk County District Court,Alternate,Black/African American ,,2
771,Polk County District Court,Alternate,"Multi Race Black/African American, White",,1
771,Polk County District Court,Alternate,Other ,Hispanic/Latinx/Spanish Origins,1
771,Polk County District Court,Alternate,White ,,77
771,Polk County District Court,Alternate,White ,Hispanic/Latinx/Spanish Origins,2
771,Polk County District Court,Challenged For Cause (Defendant/Respondent),Asian ,,1
771,Polk County District Court,Challenged For Cause (Defendant/Respondent),Black/African American ,,2
771,Polk County District Court,Challenged For Cause (Defendant/Respondent),"Multi Race Asian, Black/African American, White",,1
771,Polk County District Court,Challenged For Cause (Defendant/Respondent),"Multi Race Black/African American, White",,1
771,Polk County District Court,Challenged For Cause (Defendant/Respondent),Unknown ,Hispanic/Latinx/Spanish Origins,2
771,Polk County District Court,Challenged For Cause (Defendant/Respondent),White ,,24
771,Polk County District Court,Challenged For Cause (Defendant/Respondent),White ,Hispanic/Latinx/Spanish Origins,1
771,Polk County District Court,Challenged For Cause (Plaintiff/Petitioner),Asian ,,1
771,Polk County District Court,Challenged For Cause (Plaintiff/Petitioner),Black/African American ,,6
771,Polk County District Court,Challenged For Cause (Plaintiff/Petitioner),Other ,,1
771,Polk County District Court,Challenged For Cause (Plaintiff/Petitioner),Other ,Hispanic/Latinx/Spanish Origins,1
771,Polk County District Court,Challenged For Cause (Plaintiff/Petitioner),White ,,37
771,Polk County District Court,Challenged For Cause (Plaintiff/Petitioner),White ,Hispanic/Latinx/Spanish Origins,1
771,Polk County District Court,Court,American Indian/Alaskan Native ,,1
771,Polk County District Court,Court,Asian ,,21
771,Polk County District Court,Court,Black/African American ,,18
771,Polk County District Court,Court,"Multi Race American Indian/Alaskan Native, White",,1
771,Polk County District Court,Court,"Multi Race Asian, White",,1
771,Polk County District Court,Court,"Multi Race Black/African American, White",,2
771,Polk County District Court,Court,Other ,,1
771,Polk County District Court,Court,Other ,Hispanic/Latinx/Spanish Origins,7
771,Polk County District Court,Court,White ,Hispanic/Latinx/Spanish Origins,11
771,Polk County District Court,Court,White ,,190
771,Polk County District Court,Juror,American Indian/Alaskan Native ,Hispanic/Latinx/Spanish Origins,1
771,Polk County District Court,Juror,American Indian/Alaskan Native ,,1
771,Polk County District Court,Juror,Asian ,,20
771,Polk County District Court,Juror,Black/African American ,,38
771,Polk County District Court,Juror,Black/African American ,Hispanic/Latinx/Spanish Origins,1
771,Polk County District Court,Juror,"Multi Race American Indian/Alaskan Native, Black/African American, White",,1
771,Polk County District Court,Juror,"Multi Race American Indian/Alaskan Native, Other, White",Hispanic/Latinx/Spanish Origins,1
771,Polk County District Court,Juror,"Multi Race American Indian/Alaskan Native, White",Hispanic/Latinx/Spanish Origins,1
771,Polk County District Court,Juror,Multi Race Black/African American,,1
771,Polk County District Court,Juror,"Multi Race Black/African American, Other, White",,2
771,Polk County District Court,Juror,"Multi Race Black/African American, White",,1
771,Polk County District Court,Juror,Multi Race Other,Hispanic/Latinx/Spanish Origins,3
771,Polk County District Court,Juror,Multi Race White,Hispanic/Latinx/Spanish Origins,2
771,Polk County District Court,Juror,Other ,Hispanic/Latinx/Spanish Origins,21
771,Polk County District Court,Juror,Other ,,2
771,Polk County District Court,Juror,Unknown ,Hispanic/Latinx/Spanish Origins,1
771,Polk County District Court,Juror,Unknown ,,1
771,Polk County District Court,Juror,White ,,670
771,Polk County District Court,Juror,White ,Hispanic/Latinx/Spanish Origins,20
771,Polk County District Court,No Result,American Indian/Alaskan Native ,Hispanic/Latinx/Spanish Origins,2
771,Polk County District Court,No Result,American Indian/Alaskan Native ,,4
771,Polk County District Court,No Result,Asian ,,45
771,Polk County District Court,No Result,Black/African American ,Hispanic/Latinx/Spanish Origins,1
771,Polk County District Court,No Result,Black/African American ,,68
771,Polk County District Court,No Result,"Multi Race American Indian/Alaskan Native, Black/African American",,2
771,Polk County District Court,No Result,"Multi Race American Indian/Alaskan Native, Black/African American, White",Hispanic/Latinx/Spanish Origins,1
771,Polk County District Court,No Result,"Multi Race American Indian/Alaskan Native, Other",,1
771,Polk County District Court,No Result,"Multi Race American Indian/Alaskan Native, Other, White",Hispanic/Latinx/Spanish Origins,1
771,Polk County District Court,No Result,"Multi Race Asian, White",,9
771,Polk County District Court,No Result,"Multi Race Black/African American, Other",,1
771,Polk County District Court,No Result,"Multi Race Black/African American, White",,9
771,Polk County District Court,No Result,Multi Race Other,,1
771,Polk County District Court,No Result,"Multi Race Other, White",Hispanic/Latinx/Spanish Origins,3
771,Polk County District Court,No Result,Multi Race White,Hispanic/Latinx/Spanish Origins,4
771,Polk County District Court,No Result,Native Hawaiian/Other Pacific Islander ,Hispanic/Latinx/Spanish Origins,1
771,Polk County District Court,No Result,Native Hawaiian/Other Pacific Islander ,,2
771,Polk County District Court,No Result,Other ,Hispanic/Latinx/Spanish Origins,27
771,Polk County District Court,No Result,Other ,,3
771,Polk County District Court,No Result,Unknown ,Hispanic/Latinx/Spanish Origins,2
771,Polk County District Court,No Result,Unknown ,,5
771,Polk County District Court,No Result,White ,Hispanic/Latinx/Spanish Origins,52
771,Polk County District Court,No Result,White ,,1277
771,Polk County District Court,Not Used,Asian ,,12
771,Polk County District Court,Not Used,Black/African American ,Hispanic/Latinx/Spanish Origins,2
771,Polk County District Court,Not Used,Black/African American ,,15
771,Polk County District Court,Not Used,"Multi Race American Indian/Alaskan Native, Black/African American, Native Hawaiian/Other Pacific Islander",,1
771,Polk County District Court,Not Used,"Multi Race American Indian/Alaskan Native, Other, White",Hispanic/Latinx/Spanish Origins,1
771,Polk County District Court,Not Used,"Multi Race American Indian/Alaskan Native, White",,1
771,Polk County District Court,Not Used,"Multi Race Asian, White",,1
771,Polk County District Court,Not Used,"Multi Race Black/African American, White",,3
771,Polk County District Court,Not Used,Other ,Hispanic/Latinx/Spanish Origins,8
771,Polk County District Court,Not Used,Unknown ,,1
771,Polk County District Court,Not Used,White ,Hispanic/Latinx/Spanish Origins,16
771,Polk County District Court,Not Used,White ,,379
771,Polk County District Court,Peremptory Strike (Defendant/Respondent),Asian ,Hispanic/Latinx/Spanish Origins,1
771,Polk County District Court,Peremptory Strike (Defendant/Respondent),Asian ,,8
771,Polk County District Court,Peremptory Strike (Defendant/Respondent),Black/African American ,,9
771,Polk County District Court,Peremptory Strike (Defendant/Respondent),Black/African American ,Hispanic/Latinx/Spanish Origins,1
771,Polk County District Court,Peremptory Strike (Defendant/Respondent),"Multi Race Black/African American, Native Hawaiian/Other Pacific Islander, White",,1
771,Polk County District Court,Peremptory Strike (Defendant/Respondent),"Multi Race Black/African American, White",,1
771,Polk County District Court,Peremptory Strike (Defendant/Respondent),"Multi Race Native Hawaiian/Other Pacific Islander, White",,1
771,Polk County District Court,Peremptory Strike (Defendant/Respondent),Native Hawaiian/Other Pacific Islander ,,1
771,Polk County District Court,Peremptory Strike (Defendant/Respondent),Other ,,2
771,Polk County District Court,Peremptory Strike (Defendant/Respondent),Other ,Hispanic/Latinx/Spanish Origins,6
771,Polk County District Court,Peremptory Strike (Defendant/Respondent),Unknown ,,1
771,Polk County District Court,Peremptory Strike (Defendant/Respondent),White ,Hispanic/Latinx/Spanish Origins,8
771,Polk County District Court,Peremptory Strike (Defendant/Respondent),White ,,396
771,Polk County District Court,Peremptory Strike (Plaintiff/Petitioner),American Indian/Alaskan Native ,,1
771,Polk County District Court,Peremptory Strike (Plaintiff/Petitioner),Asian ,,18
771,Polk County District Court,Peremptory Strike (Plaintiff/Petitioner),Black/African American ,Hispanic/Latinx/Spanish Origins,1
771,Polk County District Court,Peremptory Strike (Plaintiff/Petitioner),Black/African American ,,25
771,Polk County District Court,Peremptory Strike (Plaintiff/Petitioner),"Multi Race American Indian/Alaskan Native, Black/African American, White",,1
771,Polk County District Court,Peremptory Strike (Plaintiff/Petitioner),"Multi Race American Indian/Alaskan Native, Black/African American, White",Hispanic/Latinx/Spanish Origins,1
771,Polk County District Court,Peremptory Strike (Plaintiff/Petitioner),"Multi Race American Indian/Alaskan Native, Other, White",Hispanic/Latinx/Spanish Origins,2
771,Polk County District Court,Peremptory Strike (Plaintiff/Petitioner),"Multi Race American Indian/Alaskan Native, White",Hispanic/Latinx/Spanish Origins,1
771,Polk County District Court,Peremptory Strike (Plaintiff/Petitioner),"Multi Race American Indian/Alaskan Native, White",,2
771,Polk County District Court,Peremptory Strike (Plaintiff/Petitioner),Multi Race Asian,Hispanic/Latinx/Spanish Origins,1
771,Polk County District Court,Peremptory Strike (Plaintiff/Petitioner),"Multi Race Asian, White",,3
771,Polk County District Court,Peremptory Strike (Plaintiff/Petitioner),"Multi Race Black/African American, Other",Hispanic/Latinx/Spanish Origins,1
771,Polk County District Court,Peremptory Strike (Plaintiff/Petitioner),"Multi Race Black/African American, White",,2
771,Polk County District Court,Peremptory Strike (Plaintiff/Petitioner),"Multi Race Other, White",Hispanic/Latinx/Spanish Origins,2
771,Polk County District Court,Peremptory Strike (Plaintiff/Petitioner),Multi Race White,Hispanic/Latinx/Spanish Origins,2
771,Polk County District Court,Peremptory Strike (Plaintiff/Petitioner),Other ,Hispanic/Latinx/Spanish Origins,4
771,Polk County District Court,Peremptory Strike (Plaintiff/Petitioner),Other ,,4
771,Polk County District Court,Peremptory Strike (Plaintiff/Petitioner),White ,Hispanic/Latinx/Spanish Origins,19
771,Polk County District Court,Peremptory Strike (Plaintiff/Petitioner),White ,,340
781,Pottawattamie County District Court,Challenged For Cause (Defendant/Respondent),Other ,Hispanic/Latinx/Spanish Origins,1
781,Pottawattamie County District Court,Challenged For Cause (Defendant/Respondent),White ,,1
781,Pottawattamie County District Court,Challenged For Cause (Plaintiff/Petitioner),White ,,4
781,Pottawattamie County District Court,Court,White ,,3
781,Pottawattamie County District Court,Juror,White ,,25
781,Pottawattamie County District Court,Juror,White ,Hispanic/Latinx/Spanish Origins,1
781,Pottawattamie County District Court,No Result,Multi Race White,Hispanic/Latinx/Spanish Origins,1
781,Pottawattamie County District Court,No Result,White ,,37
781,Pottawattamie County District Court,No Result,White ,Hispanic/Latinx/Spanish Origins,2
781,Pottawattamie County District Court,Not Used,Asian ,,2
781,Pottawattamie County District Court,Not Used,Black/African American ,,1
781,Pottawattamie County District Court,Not Used,Multi Race White,Hispanic/Latinx/Spanish Origins,1
781,Pottawattamie County District Court,Not Used,Other ,Hispanic/Latinx/Spanish Origins,3
781,Pottawattamie County District Court,Not Used,White ,Hispanic/Latinx/Spanish Origins,4
781,Pottawattamie County District Court,Not Used,White ,,83
781,Pottawattamie County District Court,Peremptory Strike (Defendant/Respondent),"Multi Race Asian, Black/African American, White",,1
781,Pottawattamie County District Court,Peremptory Strike (Defendant/Respondent),White ,,11
781,Pottawattamie County District Court,Peremptory Strike (Plaintiff/Petitioner),White ,,12
791,Poweshiek County District Court,Challenged For Cause (Defendant/Respondent),White ,,1
791,Poweshiek County District Court,Challenged For Cause (Plaintiff/Petitioner),White ,,1
791,Poweshiek County District Court,Juror,White ,,6
791,Poweshiek County District Court,No Result,"Multi Race Asian, White",,1
791,Poweshiek County District Court,No Result,White ,,49
791,Poweshiek County District Court,Not Used,White ,,7
791,Poweshiek County District Court,Peremptory Strike (Defendant/Respondent),White ,,4
791,Poweshiek County District Court,Peremptory Strike (Plaintiff/Petitioner),White ,,4
821,Scott County District Court,Alternate,Black/African American ,,1
821,Scott County District Court,Alternate,White ,,1
821,Scott County District Court,Challenged For Cause (Defendant/Respondent),Asian ,,2
821,Scott County District Court,Challenged For Cause (Defendant/Respondent),Black/African American ,,4
821,Scott County District Court,Challenged For Cause (Defendant/Respondent),"Multi Race Asian, White",,1
821,Scott County District Court,Challenged For Cause (Defendant/Respondent),"Multi Race Black/African American, White",,1
821,Scott County District Court,Challenged For Cause (Defendant/Respondent),"Multi Race Other, White",Hispanic/Latinx/Spanish Origins,1
821,Scott County District Court,Challenged For Cause (Defendant/Respondent),"Multi Race Other, White",,1
821,Scott County District Court,Challenged For Cause (Defendant/Respondent),Other ,Hispanic/Latinx/Spanish Origins,1
821,Scott County District Court,Challenged For Cause (Defendant/Respondent),White ,Hispanic/Latinx/Spanish Origins,6
821,Scott County District Court,Challenged For Cause (Defendant/Respondent),White ,,78
821,Scott County District Court,Challenged For Cause (Plaintiff/Petitioner),Asian ,,4
821,Scott County District Court,Challenged For Cause (Plaintiff/Petitioner),Black/African American ,,4
821,Scott County District Court,Challenged For Cause (Plaintiff/Petitioner),"Multi Race Black/African American, White",,1
821,Scott County District Court,Challenged For Cause (Plaintiff/Petitioner),"Multi Race Native Hawaiian/Other Pacific Islander, White",,1
821,Scott County District Court,Challenged For Cause (Plaintiff/Petitioner),"Multi Race Other, White",Hispanic/Latinx/Spanish Origins,1
821,Scott County District Court,Challenged For Cause (Plaintiff/Petitioner),Other ,Hispanic/Latinx/Spanish Origins,1
821,Scott County District Court,Challenged For Cause (Plaintiff/Petitioner),White ,,96
821,Scott County District Court,Challenged For Cause (Plaintiff/Petitioner),White ,Hispanic/Latinx/Spanish Origins,6
821,Scott County District Court,Court,American Indian/Alaskan Native ,,1
821,Scott County District Court,Court,Asian ,,6
821,Scott County District Court,Court,Black/African American ,,18
821,Scott County District Court,Court,"Multi Race American Indian/Alaskan Native, Other, White",Hispanic/Latinx/Spanish Origins,1
821,Scott County District Court,Court,"Multi Race Black/African American, Other, White",,1
821,Scott County District Court,Court,"Multi Race Black/African American, White",,2
821,Scott County District Court,Court,NOT PROVIDED ,,4
821,Scott County District Court,Court,Native Hawaiian/Other Pacific Islander ,,1
821,Scott County District Court,Court,Other ,,2
821,Scott County District Court,Court,Other ,Hispanic/Latinx/Spanish Origins,3
821,Scott County District Court,Court,Unknown ,,1
821,Scott County District Court,Court,White ,,181
821,Scott County District Court,Court,White ,Hispanic/Latinx/Spanish Origins,5
821,Scott County District Court,Juror,American Indian/Alaskan Native ,,1
821,Scott County District Court,Juror,Asian ,,12
821,Scott County District Court,Juror,Asian ,Hispanic/Latinx/Spanish Origins,2
821,Scott County District Court,Juror,Black/African American ,Hispanic/Latinx/Spanish Origins,1
821,Scott County District Court,Juror,Black/African American ,,42
821,Scott County District Court,Juror,"Multi Race American Indian/Alaskan Native, Asian, Other, Unknown, White",,1
821,Scott County District Court,Juror,"Multi Race American Indian/Alaskan Native, Black/African American, White",,1
821,Scott County District Court,Juror,"Multi Race Asian, Native Hawaiian/Other Pacific Islander",Hispanic/Latinx/Spanish Origins,1
821,Scott County District Court,Juror,"Multi Race Asian, Other, White",Hispanic/Latinx/Spanish Origins,1
821,Scott County District Court,Juror,"Multi Race Asian, White",,2
821,Scott County District Court,Juror,Multi Race Black/African American,Hispanic/Latinx/Spanish Origins,1
821,Scott County District Court,Juror,"Multi Race Black/African American, Other",Hispanic/Latinx/Spanish Origins,1
821,Scott County District Court,Juror,"Multi Race Black/African American, Other, White",Hispanic/Latinx/Spanish Origins,2
821,Scott County District Court,Juror,"Multi Race Black/African American, White",,9
821,Scott County District Court,Juror,"Multi Race Black/African American, White",Hispanic/Latinx/Spanish Origins,1
821,Scott County District Court,Juror,Multi Race Other,Hispanic/Latinx/Spanish Origins,1
821,Scott County District Court,Juror,"Multi Race Other, White",Hispanic/Latinx/Spanish Origins,3
821,Scott County District Court,Juror,Multi Race White,,1
821,Scott County District Court,Juror,Multi Race White,Hispanic/Latinx/Spanish Origins,2
821,Scott County District Court,Juror,NOT PROVIDED ,,1
821,Scott County District Court,Juror,Native Hawaiian/Other Pacific Islander ,Hispanic/Latinx/Spanish Origins,1
821,Scott County District Court,Juror,Other ,Hispanic/Latinx/Spanish Origins,10
821,Scott County District Court,Juror,Other ,,3
821,Scott County District Court,Juror,Unknown ,,1
821,Scott County District Court,Juror,Unknown ,Hispanic/Latinx/Spanish Origins,1
821,Scott County District Court,Juror,White ,,642
821,Scott County District Court,Juror,White ,Hispanic/Latinx/Spanish Origins,26
821,Scott County District Court,No Result,American Indian/Alaskan Native ,,6
821,Scott County District Court,No Result,American Indian/Alaskan Native ,Hispanic/Latinx/Spanish Origins,2
821,Scott County District Court,No Result,Asian ,,48
821,Scott County District Court,No Result,Asian ,Hispanic/Latinx/Spanish Origins,1
821,Scott County District Court,No Result,Black/African American ,,126
821,Scott County District Court,No Result,Black/African American ,Hispanic/Latinx/Spanish Origins,4
821,Scott County District Court,No Result,Hispanic/Latino/Spanish Origins ,Hispanic/Latinx/Spanish Origins,1
821,Scott County District Court,No Result,Hispanic/Latino/Spanish Origins ,,2
821,Scott County District Court,No Result,"Multi Race American Indian/Alaskan Native, Black/African American, White",,1
821,Scott County District Court,No Result,"Multi Race American Indian/Alaskan Native, Other, White",Hispanic/Latinx/Spanish Origins,2
821,Scott County District Court,No Result,"Multi Race American Indian/Alaskan Native, White",,1
821,Scott County District Court,No Result,"Multi Race Asian, Native Hawaiian/Other Pacific Islander, White",,1
821,Scott County District Court,No Result,"Multi Race Asian, Unknown, White",,1
821,Scott County District Court,No Result,"Multi Race Asian, White",,8
821,Scott County District Court,No Result,"Multi Race Black/African American, Other, White",,1
821,Scott County District Court,No Result,"Multi Race Black/African American, White",,15
821,Scott County District Court,No Result,"Multi Race Native Hawaiian/Other Pacific Islander, White",,1
821,Scott County District Court,No Result,Multi Race Other,Hispanic/Latinx/Spanish Origins,3
821,Scott County District Court,No Result,Multi Race Other,,1
821,Scott County District Court,No Result,"Multi Race Other, White",Hispanic/Latinx/Spanish Origins,8
821,Scott County District Court,No Result,Multi Race White,Hispanic/Latinx/Spanish Origins,6
821,Scott County District Court,No Result,NOT PROVIDED ,,6
821,Scott County District Court,No Result,Native Hawaiian/Other Pacific Islander ,,1
821,Scott County District Court,No Result,Other ,Hispanic/Latinx/Spanish Origins,30
821,Scott County District Court,No Result,Other ,,13
821,Scott County District Court,No Result,Unknown ,Hispanic/Latinx/Spanish Origins,2
821,Scott County District Court,No Result,Unknown ,,3
821,Scott County District Court,No Result,White ,Hispanic/Latinx/Spanish Origins,85
821,Scott County District Court,No Result,White ,,2133
821,Scott County District Court,Not Used,American Indian/Alaskan Native ,Hispanic/Latinx/Spanish Origins,1
821,Scott County District Court,Not Used,American Indian/Alaskan Native ,,4
821,Scott County District Court,Not Used,Asian ,,16
821,Scott County District Court,Not Used,Black/African American ,,64
821,Scott County District Court,Not Used,Black/African American ,Hispanic/Latinx/Spanish Origins,1
821,Scott County District Court,Not Used,Hispanic/Latino/Spanish Origins ,Hispanic/Latinx/Spanish Origins,1
821,Scott County District Court,Not Used,Multi Race ,Hispanic/Latinx/Spanish Origins,1
821,Scott County District Court,Not Used,"Multi Race American Indian/Alaskan Native, Black/African American, White",,2
821,Scott County District Court,Not Used,"Multi Race American Indian/Alaskan Native, Other, White",Hispanic/Latinx/Spanish Origins,1
821,Scott County District Court,Not Used,"Multi Race American Indian/Alaskan Native, White",Hispanic/Latinx/Spanish Origins,1
821,Scott County District Court,Not Used,"Multi Race American Indian/Alaskan Native, White",,3
821,Scott County District Court,Not Used,"Multi Race Asian, White",,2
821,Scott County District Court,Not Used,"Multi Race Black/African American, Other, White",Hispanic/Latinx/Spanish Origins,1
821,Scott County District Court,Not Used,"Multi Race Black/African American, White",,10
821,Scott County District Court,Not Used,"Multi Race Black/African American, White",Hispanic/Latinx/Spanish Origins,1
821,Scott County District Court,Not Used,Multi Race Other,,1
821,Scott County District Court,Not Used,"Multi Race Other, White",,1
821,Scott County District Court,Not Used,"Multi Race Other, White",Hispanic/Latinx/Spanish Origins,3
821,Scott County District Court,Not Used,Multi Race White,Hispanic/Latinx/Spanish Origins,5
821,Scott County District Court,Not Used,Multi Race White,,1
821,Scott County District Court,Not Used,NOT PROVIDED ,,6
821,Scott County District Court,Not Used,Native Hawaiian/Other Pacific Islander ,,2
821,Scott County District Court,Not Used,Other ,,5
821,Scott County District Court,Not Used,Other ,Hispanic/Latinx/Spanish Origins,16
821,Scott County District Court,Not Used,Unknown ,Hispanic/Latinx/Spanish Origins,1
821,Scott County District Court,Not Used,Unknown ,,5
821,Scott County District Court,Not Used,White ,Hispanic/Latinx/Spanish Origins,49
821,Scott County District Court,Not Used,White ,,1226
821,Scott County District Court,Peremptory Strike (Defendant/Respondent),American Indian/Alaskan Native ,,2
821,Scott County District Court,Peremptory Strike (Defendant/Respondent),Asian ,,4
821,Scott County District Court,Peremptory Strike (Defendant/Respondent),Black/African American ,,12
821,Scott County District Court,Peremptory Strike (Defendant/Respondent),"Multi Race Asian, White",,1
821,Scott County District Court,Peremptory Strike (Defendant/Respondent),"Multi Race Native Hawaiian/Other Pacific Islander, White",,1
821,Scott County District Court,Peremptory Strike (Defendant/Respondent),"Multi Race Other, White",Hispanic/Latinx/Spanish Origins,3
821,Scott County District Court,Peremptory Strike (Defendant/Respondent),Native Hawaiian/Other Pacific Islander ,Hispanic/Latinx/Spanish Origins,1
821,Scott County District Court,Peremptory Strike (Defendant/Respondent),Other ,Hispanic/Latinx/Spanish Origins,7
821,Scott County District Court,Peremptory Strike (Defendant/Respondent),Other ,,1
821,Scott County District Court,Peremptory Strike (Defendant/Respondent),White ,,354
821,Scott County District Court,Peremptory Strike (Defendant/Respondent),White ,Hispanic/Latinx/Spanish Origins,13
821,Scott County District Court,Peremptory Strike (Plaintiff/Petitioner),Asian ,,4
821,Scott County District Court,Peremptory Strike (Plaintiff/Petitioner),Black/African American ,,28
821,Scott County District Court,Peremptory Strike (Plaintiff/Petitioner),"Multi Race American Indian/Alaskan Native, Black/African American, White",,1
821,Scott County District Court,Peremptory Strike (Plaintiff/Petitioner),Multi Race Black/African American,Hispanic/Latinx/Spanish Origins,1
821,Scott County District Court,Peremptory Strike (Plaintiff/Petitioner),"Multi Race Other, White",Hispanic/Latinx/Spanish Origins,1
821,Scott County District Court,Peremptory Strike (Plaintiff/Petitioner),NOT PROVIDED ,,2
821,Scott County District Court,Peremptory Strike (Plaintiff/Petitioner),Native Hawaiian/Other Pacific Islander ,,1
821,Scott County District Court,Peremptory Strike (Plaintiff/Petitioner),Other ,Hispanic/Latinx/Spanish Origins,5
821,Scott County District Court,Peremptory Strike (Plaintiff/Petitioner),Other ,,2
821,Scott County District Court,Peremptory Strike (Plaintiff/Petitioner),Unknown ,,1
821,Scott County District Court,Peremptory Strike (Plaintiff/Petitioner),White ,,325
821,Scott County District Court,Peremptory Strike (Plaintiff/Petitioner),White ,Hispanic/Latinx/Spanish Origins,16
841,Sioux County District Court,Alternate,White ,,3
841,Sioux County District Court,Juror,White ,,24
841,Sioux County District Court,Not Used,Asian ,,2
841,Sioux County District Court,Not Used,Multi Race Other,Hispanic/Latinx/Spanish Origins,1
841,Sioux County District Court,Not Used,Native Hawaiian/Other Pacific Islander ,,1
841,Sioux County District Court,Not Used,Other ,Hispanic/Latinx/Spanish Origins,1
841,Sioux County District Court,Not Used,White ,,123
841,Sioux County District Court,Not Used,White ,Hispanic/Latinx/Spanish Origins,3
841,Sioux County District Court,Peremptory Strike (Defendant/Respondent),White ,,12
841,Sioux County District Court,Peremptory Strike (Plaintiff/Petitioner),Other ,Hispanic/Latinx/Spanish Origins,1
841,Sioux County District Court,Peremptory Strike (Plaintiff/Petitioner),White ,,11
851,Story County District Court,Alternate,Asian ,,1
851,Story County District Court,Alternate,Other ,Hispanic/Latinx/Spanish Origins,1
851,Story County District Court,Alternate,White ,,9
851,Story County District Court,Court,Asian ,,3
851,Story County District Court,Court,Black/African American ,,1
851,Story County District Court,Court,"Multi Race Asian, White",,1
851,Story County District Court,Court,Other ,Hispanic/Latinx/Spanish Origins,1
851,Story County District Court,Court,White ,,51
851,Story County District Court,Juror,American Indian/Alaskan Native ,,1
851,Story County District Court,Juror,Asian ,,2
851,Story County District Court,Juror,Black/African American ,,3
851,Story County District Court,Juror,"Multi Race American Indian/Alaskan Native, White",,1
851,Story County District Court,Juror,"Multi Race Black/African American, White",,1
851,Story County District Court,Juror,Other ,,1
851,Story County District Court,Juror,White ,Hispanic/Latinx/Spanish Origins,1
851,Story County District Court,Juror,White ,,158
851,Story County District Court,No Result,Asian ,,3
851,Story County District Court,No Result,Black/African American ,,1
851,Story County District Court,No Result,Unknown ,Hispanic/Latinx/Spanish Origins,1
851,Story County District Court,No Result,White ,,57
851,Story County District Court,Not Used,Asian ,,10
851,Story County District Court,Not Used,Black/African American ,,2
851,Story County District Court,Not Used,Hispanic/Latino/Spanish Origins ,,1
851,Story County District Court,Not Used,"Multi Race Asian, White",,1
851,Story County District Court,Not Used,"Multi Race Black/African American, White",,2
851,Story County District Court,Not Used,Unknown ,,1
851,Story County District Court,Not Used,White ,Hispanic/Latinx/Spanish Origins,2
851,Story County District Court,Not Used,White ,,249
851,Story County District Court,Peremptory Strike (Defendant/Respondent),Asian ,,1
851,Story County District Court,Peremptory Strike (Defendant/Respondent),Unknown ,,1
851,Story County District Court,Peremptory Strike (Defendant/Respondent),White ,Hispanic/Latinx/Spanish Origins,1
851,Story County District Court,Peremptory Strike (Defendant/Respondent),White ,,73
851,Story County District Court,Peremptory Strike (Plaintiff/Petitioner),Asian ,,3
851,Story County District Court,Peremptory Strike (Plaintiff/Petitioner),Black/African American ,,2
851,Story County District Court,Peremptory Strike (Plaintiff/Petitioner),"Multi Race American Indian/Alaskan Native, Black/African American, White",,1
851,Story County District Court,Peremptory Strike (Plaintiff/Petitioner),"Multi Race American Indian/Alaskan Native, Black/African American, White",Hispanic/Latinx/Spanish Origins,1
851,Story County District Court,Peremptory Strike (Plaintiff/Petitioner),"Multi Race American Indian/Alaskan Native, White",,1
851,Story County District Court,Peremptory Strike (Plaintiff/Petitioner),"Multi Race Asian, White",,1
851,Story County District Court,Peremptory Strike (Plaintiff/Petitioner),"Multi Race Black/African American, White",,1
851,Story County District Court,Peremptory Strike (Plaintiff/Petitioner),Native Hawaiian/Other Pacific Islander ,,1
851,Story County District Court,Peremptory Strike (Plaintiff/Petitioner),Other ,Hispanic/Latinx/Spanish Origins,1
851,Story County District Court,Peremptory Strike (Plaintiff/Petitioner),Unknown ,,1
851,Story County District Court,Peremptory Strike (Plaintiff/Petitioner),White ,Hispanic/Latinx/Spanish Origins,3
851,Story County District Court,Peremptory Strike (Plaintiff/Petitioner),White ,,60
861,Tama County District Court,Challenged For Cause (Defendant/Respondent),White ,,1
861,Tama County District Court,Challenged For Cause (Plaintiff/Petitioner),White ,,1
861,Tama County District Court,Court,American Indian/Alaskan Native ,Hispanic/Latinx/Spanish Origins,1
861,Tama County District Court,Court,Multi Race White,Hispanic/Latinx/Spanish Origins,1
861,Tama County District Court,Court,Native Hawaiian/Other Pacific Islander ,,1
861,Tama County District Court,Court,White ,,9
861,Tama County District Court,Juror,American Indian/Alaskan Native ,,1
861,Tama County District Court,Juror,Other ,,2
861,Tama County District Court,Juror,White ,,49
861,Tama County District Court,Juror,White ,Hispanic/Latinx/Spanish Origins,1
861,Tama County District Court,No Result,American Indian/Alaskan Native ,,9
861,Tama County District Court,No Result,"Multi Race American Indian/Alaskan Native, Black/African American",,1
861,Tama County District Court,No Result,Other ,Hispanic/Latinx/Spanish Origins,3
861,Tama County District Court,No Result,White ,,136
861,Tama County District Court,No Result,White ,Hispanic/Latinx/Spanish Origins,1
861,Tama County District Court,Not Used,American Indian/Alaskan Native ,,1
861,Tama County District Court,Not Used,Multi Race White,,1
861,Tama County District Court,Not Used,Native Hawaiian/Other Pacific Islander ,,1
861,Tama County District Court,Not Used,Other ,,1
861,Tama County District Court,Not Used,White ,,29
861,Tama County District Court,Not Used,White ,Hispanic/Latinx/Spanish Origins,1
861,Tama County District Court,Peremptory Strike (Defendant/Respondent),American Indian/Alaskan Native ,,1
861,Tama County District Court,Peremptory Strike (Defendant/Respondent),White ,,22
861,Tama County District Court,Peremptory Strike (Plaintiff/Petitioner),American Indian/Alaskan Native ,,2
861,Tama County District Court,Peremptory Strike (Plaintiff/Petitioner),American Indian/Alaskan Native ,Hispanic/Latinx/Spanish Origins,1
861,Tama County District Court,Peremptory Strike (Plaintiff/Petitioner),Black/African American ,,1
861,Tama County District Court,Peremptory Strike (Plaintiff/Petitioner),"Multi Race Other, White",Hispanic/Latinx/Spanish Origins,1
861,Tama County District Court,Peremptory Strike (Plaintiff/Petitioner),Other ,Hispanic/Latinx/Spanish Origins,1
861,Tama County District Court,Peremptory Strike (Plaintiff/Petitioner),White ,,17
871,Taylor County District Court,Juror,White ,,13
871,Taylor County District Court,Not Used,"Multi Race Black/African American, White",,1
871,Taylor County District Court,Not Used,"Multi Race Other, White",Hispanic/Latinx/Spanish Origins,1
871,Taylor County District Court,Not Used,Native Hawaiian/Other Pacific Islander ,,1
871,Taylor County District Court,Not Used,Unknown ,,1
871,Taylor County District Court,Not Used,White ,,30
871,Taylor County District Court,Peremptory Strike (Defendant/Respondent),White ,,11
871,Taylor County District Court,Peremptory Strike (Plaintiff/Petitioner),White ,,11
881,Union County District Court,Challenged For Cause (Defendant/Respondent),Asian ,,1
881,Union County District Court,Challenged For Cause (Defendant/Respondent),White ,,4
881,Union County District Court,Challenged For Cause (Plaintiff/Petitioner),White ,,6
881,Union County District Court,Juror,"Multi Race Other, White",Hispanic/Latinx/Spanish Origins,1
881,Union County District Court,Juror,NOT PROVIDED ,,1
881,Union County District Court,Juror,White ,Hispanic/Latinx/Spanish Origins,1
881,Union County District Court,Juror,White ,,49
881,Union County District Court,No Result,American Indian/Alaskan Native ,,1
881,Union County District Court,No Result,American Indian/Alaskan Native ,Hispanic/Latinx/Spanish Origins,1
881,Union County District Court,No Result,Asian ,,1
881,Union County District Court,No Result,"Multi Race Other, Unknown, White",Hispanic/Latinx/Spanish Origins,1
881,Union County District Court,No Result,"Multi Race Other, White",,1
881,Union County District Court,No Result,NOT PROVIDED ,,2
881,Union County District Court,No Result,White ,,110
881,Union County District Court,Not Used,White ,,30
881,Union County District Court,Peremptory Strike (Defendant/Respondent),White ,,22
881,Union County District Court,Peremptory Strike (Plaintiff/Petitioner),Asian ,,1
881,Union County District Court,Peremptory Strike (Plaintiff/Petitioner),Black/African American ,,1
881,Union County District Court,Peremptory Strike (Plaintiff/Petitioner),White ,Hispanic/Latinx/Spanish Origins,1
881,Union County District Court,Peremptory Strike (Plaintiff/Petitioner),White ,,19
891,Van Buren County District Court,Alternate,White ,,1
891,Van Buren County District Court,Court,White ,,4
891,Van Buren County District Court,Juror,White ,,12
891,Van Buren County District Court,Not Used,White ,,2
891,Van Buren County District Court,Peremptory Strike (Defendant/Respondent),White ,,5
891,Van Buren County District Court,Peremptory Strike (Plaintiff/Petitioner),White ,,5
901,Wapello County District Court,Alternate,American Indian/Alaskan Native ,,1
901,Wapello County District Court,Alternate,Native Hawaiian/Other Pacific Islander ,,1
901,Wapello County District Court,Alternate,Other ,Hispanic/Latinx/Spanish Origins,1
901,Wapello County District Court,Alternate,White ,,15
901,Wapello County District Court,Challenged For Cause (Defendant/Respondent),Other ,Hispanic/Latinx/Spanish Origins,1
901,Wapello County District Court,Challenged For Cause (Defendant/Respondent),White ,,7
901,Wapello County District Court,Challenged For Cause (Plaintiff/Petitioner),American Indian/Alaskan Native ,,1
901,Wapello County District Court,Challenged For Cause (Plaintiff/Petitioner),Black/African American ,,1
901,Wapello County District Court,Challenged For Cause (Plaintiff/Petitioner),Multi Race ,Hispanic/Latinx/Spanish Origins,1
901,Wapello County District Court,Challenged For Cause (Plaintiff/Petitioner),White ,Hispanic/Latinx/Spanish Origins,3
901,Wapello County District Court,Challenged For Cause (Plaintiff/Petitioner),White ,,31
901,Wapello County District Court,Court,American Indian/Alaskan Native ,,1
901,Wapello County District Court,Court,White ,,12
901,Wapello County District Court,Juror,American Indian/Alaskan Native ,,1
901,Wapello County District Court,Juror,"Multi Race Asian, Black/African American",,1
901,Wapello County District Court,Juror,Native Hawaiian/Other Pacific Islander ,,1
901,Wapello County District Court,Juror,Other ,Hispanic/Latinx/Spanish Origins,1
901,Wapello County District Court,Juror,Other ,,1
901,Wapello County District Court,Juror,White ,,108
901,Wapello County District Court,Juror,White ,Hispanic/Latinx/Spanish Origins,1
901,Wapello County District Court,No Result,Asian ,,1
901,Wapello County District Court,No Result,Black/African American ,,1
901,Wapello County District Court,No Result,"Multi Race Asian, White",,1
901,Wapello County District Court,No Result,"Multi Race Other, White",Hispanic/Latinx/Spanish Origins,1
901,Wapello County District Court,No Result,Other ,Hispanic/Latinx/Spanish Origins,2
901,Wapello County District Court,No Result,Unknown ,,1
901,Wapello County District Court,No Result,White ,,62
901,Wapello County District Court,Not Used,American Indian/Alaskan Native ,,1
901,Wapello County District Court,Not Used,American Indian/Alaskan Native ,Hispanic/Latinx/Spanish Origins,1
901,Wapello County District Court,Not Used,Black/African American ,,2
901,Wapello County District Court,Not Used,"Multi Race Other, White",,1
901,Wapello County District Court,Not Used,Multi Race White,Hispanic/Latinx/Spanish Origins,2
901,Wapello County District Court,Not Used,Native Hawaiian/Other Pacific Islander ,,2
901,Wapello County District Court,Not Used,Other ,,1
901,Wapello County District Court,Not Used,Other ,Hispanic/Latinx/Spanish Origins,8
901,Wapello County District Court,Not Used,Unknown ,Hispanic/Latinx/Spanish Origins,1
901,Wapello County District Court,Not Used,White ,,276
901,Wapello County District Court,Not Used,White ,Hispanic/Latinx/Spanish Origins,4
901,Wapello County District Court,Peremptory Strike (Defendant/Respondent),Asian ,,1
901,Wapello County District Court,Peremptory Strike (Defendant/Respondent),Native Hawaiian/Other Pacific Islander ,,1
901,Wapello County District Court,Peremptory Strike (Defendant/Respondent),Other ,Hispanic/Latinx/Spanish Origins,1
901,Wapello County District Court,Peremptory Strike (Defendant/Respondent),Unknown ,,1
901,Wapello County District Court,Peremptory Strike (Defendant/Respondent),White ,,53
901,Wapello County District Court,Peremptory Strike (Defendant/Respondent),White ,Hispanic/Latinx/Spanish Origins,1
901,Wapello County District Court,Peremptory Strike (Plaintiff/Petitioner),"Multi Race Asian, Black/African American, White",,1
901,Wapello County District Court,Peremptory Strike (Plaintiff/Petitioner),Multi Race Other,Hispanic/Latinx/Spanish Origins,1
901,Wapello County District Court,Peremptory Strike (Plaintiff/Petitioner),Other ,Hispanic/Latinx/Spanish Origins,1
901,Wapello County District Court,Peremptory Strike (Plaintiff/Petitioner),White ,,55
911,Warren County District Court,Juror,Asian ,,2
911,Warren County District Court,Juror,"Multi Race American Indian/Alaskan Native, White",,1
911,Warren County District Court,Juror,Native Hawaiian/Other Pacific Islander ,,1
911,Warren County District Court,Juror,Other ,Hispanic/Latinx/Spanish Origins,2
911,Warren County District Court,Juror,White ,,154
911,Warren County District Court,Juror,White ,Hispanic/Latinx/Spanish Origins,1
911,Warren County District Court,No Result,Asian ,,1
911,Warren County District Court,No Result,"Multi Race American Indian/Alaskan Native, White",,1
911,Warren County District Court,No Result,NOT PROVIDED ,,1
911,Warren County District Court,No Result,Other ,,1
911,Warren County District Court,No Result,White ,,76
911,Warren County District Court,No Result,White ,Hispanic/Latinx/Spanish Origins,3
911,Warren County District Court,Not Used,Asian ,,2
911,Warren County District Court,Not Used,Black/African American ,,1
911,Warren County District Court,Not Used,"Multi Race American Indian/Alaskan Native, White",,1
911,Warren County District Court,Not Used,Multi Race Black/African American,Hispanic/Latinx/Spanish Origins,1
911,Warren County District Court,Not Used,"Multi Race Black/African American, White",,1
911,Warren County District Court,Not Used,Multi Race Other,,1
911,Warren County District Court,Not Used,Multi Race Other,Hispanic/Latinx/Spanish Origins,1
911,Warren County District Court,Not Used,Multi Race White,Hispanic/Latinx/Spanish Origins,2
911,Warren County District Court,Not Used,Other ,Hispanic/Latinx/Spanish Origins,4
911,Warren County District Court,Not Used,Other ,,1
911,Warren County District Court,Not Used,Unknown ,,1
911,Warren County District Court,Not Used,White ,,306
911,Warren County District Court,Not Used,White ,Hispanic/Latinx/Spanish Origins,9
921,Washington County District Court,Alternate,White ,,4
921,Washington County District Court,Challenged For Cause (Defendant/Respondent),American Indian/Alaskan Native ,,1
921,Washington County District Court,Challenged For Cause (Defendant/Respondent),White ,,1
921,Washington County District Court,Challenged For Cause (Plaintiff/Petitioner),White ,,13
921,Washington County District Court,Juror,Black/African American ,,1
921,Washington County District Court,Juror,White ,,41
921,Washington County District Court,No Result,NOT PROVIDED ,,1
921,Washington County District Court,No Result,Other ,Hispanic/Latinx/Spanish Origins,1
921,Washington County District Court,No Result,White ,,66
921,Washington County District Court,Not Used,NOT PROVIDED ,,1
921,Washington County District Court,Not Used,Unknown ,Hispanic/Latinx/Spanish Origins,1
921,Washington County District Court,Not Used,White ,Hispanic/Latinx/Spanish Origins,1
921,Washington County District Court,Not Used,White ,,68
921,Washington County District Court,Peremptory Strike (Defendant/Respondent),White ,,23
921,Washington County District Court,Peremptory Strike (Plaintiff/Petitioner),"Multi Race American Indian/Alaskan Native, White",Hispanic/Latinx/Spanish Origins,1
921,Washington County District Court,Peremptory Strike (Plaintiff/Petitioner),White ,,22
931,Wayne County District Court,Court,White ,,18
931,Wayne County District Court,Juror,White ,,13
931,Wayne County District Court,No Result,Black/African American ,,1
931,Wayne County District Court,No Result,White ,,60
931,Wayne County District Court,Not Used,White ,,5
931,Wayne County District Court,Peremptory Strike (Defendant/Respondent),White ,,7
931,Wayne County District Court,Peremptory Strike (Plaintiff/Petitioner),American Indian/Alaskan Native ,,1
931,Wayne County District Court,Peremptory Strike (Plaintiff/Petitioner),White ,,6
941,Webster County District Court,Alternate,White ,,5
941,Webster County District Court,Challenged For Cause (Defendant/Respondent),White ,,1
941,Webster County District Court,Challenged For Cause (Plaintiff/Petitioner),Black/African American ,,6
941,Webster County District Court,Challenged For Cause (Plaintiff/Petitioner),"Multi Race Black/African American, White",,1
941,Webster County District Court,Challenged For Cause (Plaintiff/Petitioner),"Multi Race Other, White",Hispanic/Latinx/Spanish Origins,1
941,Webster County District Court,Challenged For Cause (Plaintiff/Petitioner),Other ,,1
941,Webster County District Court,Challenged For Cause (Plaintiff/Petitioner),White ,,57
941,Webster County District Court,Juror,Asian ,,1
941,Webster County District Court,Juror,"Multi Race Black/African American, White",,1
941,Webster County District Court,Juror,Other ,,1
941,Webster County District Court,Juror,White ,,70
941,Webster County District Court,Not Used,American Indian/Alaskan Native ,Hispanic/Latinx/Spanish Origins,1
941,Webster County District Court,Not Used,American Indian/Alaskan Native ,,1
941,Webster County District Court,Not Used,Asian ,,1
941,Webster County District Court,Not Used,Black/African American ,,12
941,Webster County District Court,Not Used,"Multi Race Black/African American, White",,4
941,Webster County District Court,Not Used,Multi Race Other,Hispanic/Latinx/Spanish Origins,1
941,Webster County District Court,Not Used,Multi Race White,Hispanic/Latinx/Spanish Origins,1
941,Webster County District Court,Not Used,Native Hawaiian/Other Pacific Islander ,,1
941,Webster County District Court,Not Used,Other ,,2
941,Webster County District Court,Not Used,Other ,Hispanic/Latinx/Spanish Origins,6
941,Webster County District Court,Not Used,Unknown ,Hispanic/Latinx/Spanish Origins,1
941,Webster County District Court,Not Used,White ,Hispanic/Latinx/Spanish Origins,11
941,Webster County District Court,Not Used,White ,,451
941,Webster County District Court,Peremptory Strike (Defendant/Respondent),Other ,Hispanic/Latinx/Spanish Origins,1
941,Webster County District Court,Peremptory Strike (Defendant/Respondent),White ,Hispanic/Latinx/Spanish Origins,1
941,Webster County District Court,Peremptory Strike (Defendant/Respondent),White ,,43
941,Webster County District Court,Peremptory Strike (Plaintiff/Petitioner),American Indian/Alaskan Native ,Hispanic/Latinx/Spanish Origins,1
941,Webster County District Court,Peremptory Strike (Plaintiff/Petitioner),Black/African American ,,1
941,Webster County District Court,Peremptory Strike (Plaintiff/Petitioner),White ,Hispanic/Latinx/Spanish Origins,2
941,Webster County District Court,Peremptory Strike (Plaintiff/Petitioner),White ,,41
951,Winnebago County District Court,Alternate,White ,,4
951,Winnebago County District Court,Court,White ,,21
951,Winnebago County District Court,Juror,Black/African American ,,1
951,Winnebago County District Court,Juror,White ,Hispanic/Latinx/Spanish Origins,1
951,Winnebago County District Court,Juror,White ,,58
951,Winnebago County District Court,Not Used,Asian ,,1
951,Winnebago County District Court,Not Used,"Multi Race Asian, White",,2
951,Winnebago County District Court,Not Used,"Multi Race Black/African American, White",,1
951,Winnebago County District Court,Not Used,"Multi Race Other, White",Hispanic/Latinx/Spanish Origins,1
951,Winnebago County District Court,Not Used,Multi Race White,Hispanic/Latinx/Spanish Origins,1
951,Winnebago County District Court,Not Used,Other ,Hispanic/Latinx/Spanish Origins,3
951,Winnebago County District Court,Not Used,White ,Hispanic/Latinx/Spanish Origins,5
951,Winnebago County District Court,Not Used,White ,,149
951,Winnebago County District Court,Peremptory Strike (Defendant/Respondent),Other ,Hispanic/Latinx/Spanish Origins,1
951,Winnebago County District Court,Peremptory Strike (Defendant/Respondent),White ,,30
951,Winnebago County District Court,Peremptory Strike (Plaintiff/Petitioner),Asian ,,2
951,Winnebago County District Court,Peremptory Strike (Plaintiff/Petitioner),Multi Race Other,Hispanic/Latinx/Spanish Origins,1
951,Winnebago County District Court,Peremptory Strike (Plaintiff/Petitioner),White ,Hispanic/Latinx/Spanish Origins,1
951,Winnebago County District Court,Peremptory Strike (Plaintiff/Petitioner),White ,,27
961,Winneshiek County District Court,Court,NOT PROVIDED ,,1
961,Winneshiek County District Court,Court,White ,,8
961,Winneshiek County District Court,Juror,White ,,14
961,Winneshiek County District Court,No Result,White ,,33
961,Winneshiek County District Court,Not Used,Asian ,,3
961,Winneshiek County District Court,Not Used,White ,,58
961,Winneshiek County District Court,Peremptory Strike (Defendant/Respondent),Other ,Hispanic/Latinx/Spanish Origins,1
961,Winneshiek County District Court,Peremptory Strike (Defendant/Respondent),White ,,12
961,Winneshiek County District Court,Peremptory Strike (Plaintiff/Petitioner),White ,,13
971,Woodbury County District Court,Court,American Indian/Alaskan Native ,,4
971,Woodbury County District Court,Court,Asian ,,11
971,Woodbury County District Court,Court,Black/African American ,,5
971,Woodbury County District Court,Court,"Multi Race American Indian/Alaskan Native, Black/African American",,1
971,Woodbury County District Court,Court,"Multi Race American Indian/Alaskan Native, Other, White",Hispanic/Latinx/Spanish Origins,1
971,Woodbury County District Court,Court,Multi Race Asian,,1
971,Woodbury County District Court,Court,"Multi Race Asian, White",,3
971,Woodbury County District Court,Court,"Multi Race Black/African American, White",,1
971,Woodbury County District Court,Court,Multi Race Other,Hispanic/Latinx/Spanish Origins,1
971,Woodbury County District Court,Court,Multi Race White,Hispanic/Latinx/Spanish Origins,1
971,Woodbury County District Court,Court,NOT PROVIDED ,,1
971,Woodbury County District Court,Court,Native Hawaiian/Other Pacific Islander ,,1
971,Woodbury County District Court,Court,Other ,Hispanic/Latinx/Spanish Origins,13
971,Woodbury County District Court,Court,Unknown ,,1
971,Woodbury County District Court,Court,White ,Hispanic/Latinx/Spanish Origins,16
971,Woodbury County District Court,Court,White ,,122
971,Woodbury County District Court,Juror,American Indian/Alaskan Native ,,2
971,Woodbury County District Court,Juror,American Indian/Alaskan Native ,Hispanic/Latinx/Spanish Origins,1
971,Woodbury County District Court,Juror,Asian ,,3
971,Woodbury County District Court,Juror,Black/African American ,,5
971,Woodbury County District Court,Juror,Hispanic/Latino/Spanish Origins ,,1
971,Woodbury County District Court,Juror,Multi Race ,,1
971,Woodbury County District Court,Juror,"Multi Race Asian, White",,3
971,Woodbury County District Court,Juror,"Multi Race Black/African American, White",,2
971,Woodbury County District Court,Juror,Multi Race Other,Hispanic/Latinx/Spanish Origins,1
971,Woodbury County District Court,Juror,"Multi Race Other, White",,1
971,Woodbury County District Court,Juror,Multi Race White,Hispanic/Latinx/Spanish Origins,1
971,Woodbury County District Court,Juror,Native Hawaiian/Other Pacific Islander ,,1
971,Woodbury County District Court,Juror,Other ,Hispanic/Latinx/Spanish Origins,6
971,Woodbury County District Court,Juror,Other ,,5
971,Woodbury County District Court,Juror,Unknown ,Hispanic/Latinx/Spanish Origins,1
971,Woodbury County District Court,Juror,White ,,238
971,Woodbury County District Court,Juror,White ,Hispanic/Latinx/Spanish Origins,24
971,Woodbury County District Court,No Result,American Indian/Alaskan Native ,,4
971,Woodbury County District Court,No Result,Asian ,,7
971,Woodbury County District Court,No Result,Black/African American ,Hispanic/Latinx/Spanish Origins,1
971,Woodbury County District Court,No Result,Black/African American ,,8
971,Woodbury County District Court,No Result,Multi Race ,,1
971,Woodbury County District Court,No Result,"Multi Race American Indian/Alaskan Native, White",Hispanic/Latinx/Spanish Origins,1
971,Woodbury County District Court,No Result,"Multi Race American Indian/Alaskan Native, White",,1
971,Woodbury County District Court,No Result,"Multi Race Asian, White",,2
971,Woodbury County District Court,No Result,Multi Race Unknown,Hispanic/Latinx/Spanish Origins,1
971,Woodbury County District Court,No Result,Multi Race White,,1
971,Woodbury County District Court,No Result,Other ,Hispanic/Latinx/Spanish Origins,10
971,Woodbury County District Court,No Result,Unknown ,Hispanic/Latinx/Spanish Origins,2
971,Woodbury County District Court,No Result,White ,Hispanic/Latinx/Spanish Origins,7
971,Woodbury County District Court,No Result,White ,,152
971,Woodbury County District Court,Not Used,American Indian/Alaskan Native ,Hispanic/Latinx/Spanish Origins,1
971,Woodbury County District Court,Not Used,American Indian/Alaskan Native ,,7
971,Woodbury County District Court,Not Used,Asian ,,5
971,Woodbury County District Court,Not Used,Black/African American ,,8
971,Woodbury County District Court,Not Used,Hispanic/Latino/Spanish Origins ,,1
971,Woodbury County District Court,Not Used,Multi Race American Indian/Alaskan Native,Hispanic/Latinx/Spanish Origins,1
971,Woodbury County District Court,Not Used,"Multi Race American Indian/Alaskan Native, Asian, White",,1
971,Woodbury County District Court,Not Used,"Multi Race American Indian/Alaskan Native, Other, White",Hispanic/Latinx/Spanish Origins,1
971,Woodbury County District Court,Not Used,"Multi Race American Indian/Alaskan Native, White",,1
971,Woodbury County District Court,Not Used,"Multi Race Asian, White",,3
971,Woodbury County District Court,Not Used,"Multi Race Black/African American, White",,2
971,Woodbury County District Court,Not Used,"Multi Race Other, White",Hispanic/Latinx/Spanish Origins,1
971,Woodbury County District Court,Not Used,"Multi Race Other, White",,1
971,Woodbury County District Court,Not Used,Multi Race White,Hispanic/Latinx/Spanish Origins,1
971,Woodbury County District Court,Not Used,Native Hawaiian/Other Pacific Islander ,,2
971,Woodbury County District Court,Not Used,Other ,,3
971,Woodbury County District Court,Not Used,Other ,Hispanic/Latinx/Spanish Origins,11
971,Woodbury County District Court,Not Used,Unknown ,,1
971,Woodbury County District Court,Not Used,White ,Hispanic/Latinx/Spanish Origins,22
971,Woodbury County District Court,Not Used,White ,,404
971,Woodbury County District Court,Peremptory Strike (Defendant/Respondent),American Indian/Alaskan Native ,,1
971,Woodbury County District Court,Peremptory Strike (Defendant/Respondent),Asian ,Hispanic/Latinx/Spanish Origins,1
971,Woodbury County District Court,Peremptory Strike (Defendant/Respondent),Asian ,,2
971,Woodbury County District Court,Peremptory Strike (Defendant/Respondent),Black/African American ,,1
971,Woodbury County District Court,Peremptory Strike (Defendant/Respondent),"Multi Race American Indian/Alaskan Native, Asian, White",,1
971,Woodbury County District Court,Peremptory Strike (Defendant/Respondent),"Multi Race Asian, White",,1
971,Woodbury County District Court,Peremptory Strike (Defendant/Respondent),Other ,Hispanic/Latinx/Spanish Origins,1
971,Woodbury County District Court,Peremptory Strike (Defendant/Respondent),Unknown ,,1
971,Woodbury County District Court,Peremptory Strike (Defendant/Respondent),White ,Hispanic/Latinx/Spanish Origins,6
971,Woodbury County District Court,Peremptory Strike (Defendant/Respondent),White ,,140
971,Woodbury County District Court,Peremptory Strike (Plaintiff/Petitioner),American Indian/Alaskan Native ,,2
971,Woodbury County District Court,Peremptory Strike (Plaintiff/Petitioner),Black/African American ,,6
971,Woodbury County District Court,Peremptory Strike (Plaintiff/Petitioner),Multi Race Other,Hispanic/Latinx/Spanish Origins,2
971,Woodbury County District Court,Peremptory Strike (Plaintiff/Petitioner),"Multi Race Other, White",Hispanic/Latinx/Spanish Origins,1
971,Woodbury County District Court,Peremptory Strike (Plaintiff/Petitioner),Multi Race White,Hispanic/Latinx/Spanish Origins,2
971,Woodbury County District Court,Peremptory Strike (Plaintiff/Petitioner),NOT PROVIDED ,Hispanic/Latinx/Spanish Origins,1
971,Woodbury County District Court,Peremptory Strike (Plaintiff/Petitioner),Other ,Hispanic/Latinx/Spanish Origins,9
971,Woodbury County District Court,Peremptory Strike (Plaintiff/Petitioner),Other ,,1
971,Woodbury County District Court,Peremptory Strike (Plaintiff/Petitioner),White ,,126
971,Woodbury County District Court,Peremptory Strike (Plaintiff/Petitioner),White ,Hispanic/Latinx/Spanish Origins,6
981,Worth County District Court,Alternate,White ,,2
981,Worth County District Court,Challenged For Cause (Defendant/Respondent),White ,,3
981,Worth County District Court,Challenged For Cause (Plaintiff/Petitioner),White ,,1
981,Worth County District Court,Court,White ,,16
981,Worth County District Court,Juror,White ,,11
981,Worth County District Court,Juror,White ,Hispanic/Latinx/Spanish Origins,1
981,Worth County District Court,Not Used,White ,,23
981,Worth County District Court,Not Used,White ,Hispanic/Latinx/Spanish Origins,1
981,Worth County District Court,Peremptory Strike (Defendant/Respondent),Unknown ,,1
981,Worth County District Court,Peremptory Strike (Defendant/Respondent),White ,,6
981,Worth County District Court,Peremptory Strike (Plaintiff/Petitioner),White ,,7
991,Wright County District Court,Challenged For Cause (Plaintiff/Petitioner),White ,,1
991,Wright County District Court,Court,White ,,2
991,Wright County District Court,Juror,White ,,13
991,Wright County District Court,Not Used,White ,Hispanic/Latinx/Spanish Origins,5
991,Wright County District Court,Not Used,White ,,23
991,Wright County District Court,Peremptory Strike (Defendant/Respondent),Asian ,,1
991,Wright County District Court,Peremptory Strike (Defendant/Respondent),"Multi Race American Indian/Alaskan Native, White",,1
991,Wright County District Court,Peremptory Strike (Defendant/Respondent),White ,,3
991,Wright County District Court,Peremptory Strike (Plaintiff/Petitioner),White ,,5
