court_number,county_name,dataset,result_status,race,adj_total,jury_count,jury_pct,census_pct,pt_diff
011,Adair,Overall Pool,NULL,Hispanic/Latino/Spanish Origins,715,0,0.00,3.1501340482573728,-3.1501340482573728
011,Adair,Overall Pool,NULL,Black/African American,715,4,0.56,1.5415549597855227,-0.9815549597855227
011,Adair,Overall Pool,NULL,American Indian/Alaskan Native,715,1,0.14,0.17426273458445038,-0.034262734584450366
011,Adair,Overall Pool,NULL,Native Hawaiian/Pacific Islander,715,0,0.00,0.06702412868632708,-0.06702412868632708
011,Adair,Overall Pool,NULL,Asian,715,3,0.42,0.3083109919571046,0.11168900804289539
011,Adair,Overall Pool,NULL,White,715,699,97.76,93.05630026809652,4.703699731903484
021,Adams,Overall Pool,NULL,White,661,643,97.28,94.47818884594147,2.8018111540585267
021,Adams,Overall Pool,NULL,Hispanic/Latino/Spanish Origins,661,1,0.15,1.7393705135284372,-1.5893705135284373
021,Adams,Empanelment,No Result,Asian,107,0,0.00,0,0
021,Adams,Criminal Panel,NULL,White,107,106,99.07,94.47818884594147,4.591811154058519
021,Adams,Criminal Panel,NULL,Asian,107,0,0.00,0,0
021,Adams,Empanelment,No Result,Black/African American,107,0,0.00,0.3036996134732192,-0.3036996134732192
021,Adams,Criminal Panel,NULL,Native Hawaiian/Pacific Islander,107,0,0.00,0,0
021,Adams,Empanelment,No Result,Native Hawaiian/Pacific Islander,107,0,0.00,0,0
021,Adams,Criminal Panel,NULL,Black/African American,107,0,0.00,0.3036996134732192,-0.3036996134732192
021,Adams,Overall Pool,NULL,Asian,661,5,0.76,0,0.76
021,Adams,Empanelment,No Result,White,107,106,99.07,94.47818884594147,4.591811154058519
021,Adams,Criminal Panel,NULL,Hispanic/Latino/Spanish Origins,107,0,0.00,1.7393705135284372,-1.7393705135284372
021,Adams,Criminal Panel,NULL,American Indian/Alaskan Native,107,0,0.00,0.22087244616234128,-0.22087244616234128
021,Adams,Empanelment,No Result,Hispanic/Latino/Spanish Origins,107,0,0.00,1.7393705135284372,-1.7393705135284372
021,Adams,Overall Pool,NULL,Native Hawaiian/Pacific Islander,661,0,0.00,0,0
021,Adams,Empanelment,No Result,American Indian/Alaskan Native,107,0,0.00,0.22087244616234128,-0.22087244616234128
021,Adams,Overall Pool,NULL,American Indian/Alaskan Native,661,0,0.00,0.22087244616234128,-0.22087244616234128
021,Adams,Overall Pool,NULL,Black/African American,661,2,0.30,0.3036996134732192,-0.003699613473219232
031,Allamakee,Empanelment,Juror,White,27,27,100.00,86.52426908884473,13.475730911155267
031,Allamakee,Criminal Panel,NULL,Black/African American,144,0,0.00,1.823729775759296,-1.823729775759296
031,Allamakee,Criminal Panel,NULL,Native Hawaiian/Pacific Islander,144,0,0.00,0,0
031,Allamakee,Empanelment,Peremptory Strike (Defendant/Respondent),Native Hawaiian/Pacific Islander,41,0,0.00,0,0
031,Allamakee,Overall Pool,NULL,Black/African American,994,5,0.50,1.823729775759296,-1.323729775759296
031,Allamakee,Overall Pool,NULL,American Indian/Alaskan Native,994,5,0.50,0.8799318762418393,-0.37993187624183933
031,Allamakee,Empanelment,Not Used,Hispanic/Latino/Spanish Origins,26,0,0.00,9.147033778030087,-9.147033778030087
031,Allamakee,Empanelment,Not Used,Native Hawaiian/Pacific Islander,26,0,0.00,0,0
031,Allamakee,Empanelment,Not Used,White,26,26,100.00,86.52426908884473,13.475730911155267
031,Allamakee,Empanelment,Not Used,Black/African American,26,0,0.00,1.823729775759296,-1.823729775759296
031,Allamakee,Overall Pool,NULL,Asian,994,6,0.60,0.40448481407891,0.19551518592108996
031,Allamakee,Empanelment,Juror,American Indian/Alaskan Native,27,0,0.00,0.8799318762418393,-0.8799318762418393
031,Allamakee,Empanelment,Not Used,American Indian/Alaskan Native,26,0,0.00,0.8799318762418393,-0.8799318762418393
031,Allamakee,Empanelment,Peremptory Strike (Defendant/Respondent),Hispanic/Latino/Spanish Origins,41,0,0.00,9.147033778030087,-9.147033778030087
031,Allamakee,Criminal Panel,NULL,White,144,142,98.61,86.52426908884473,12.085730911155267
031,Allamakee,Empanelment,Court,American Indian/Alaskan Native,16,0,0.00,0.8799318762418393,-0.8799318762418393
031,Allamakee,Overall Pool,NULL,White,994,953,95.88,86.52426908884473,9.355730911155263
031,Allamakee,Criminal Panel,NULL,American Indian/Alaskan Native,144,0,0.00,0.8799318762418393,-0.8799318762418393
031,Allamakee,Empanelment,Court,Hispanic/Latino/Spanish Origins,16,0,0.00,9.147033778030087,-9.147033778030087
031,Allamakee,Empanelment,Peremptory Strike (Plaintiff/Petitioner),Hispanic/Latino/Spanish Origins,34,0,0.00,9.147033778030087,-9.147033778030087
031,Allamakee,Empanelment,Peremptory Strike (Plaintiff/Petitioner),American Indian/Alaskan Native,34,0,0.00,0.8799318762418393,-0.8799318762418393
031,Allamakee,Empanelment,Peremptory Strike (Defendant/Respondent),White,41,40,97.56,86.52426908884473,11.03573091115527
031,Allamakee,Criminal Panel,NULL,Hispanic/Latino/Spanish Origins,144,0,0.00,9.147033778030087,-9.147033778030087
031,Allamakee,Empanelment,Court,White,16,16,100.00,86.52426908884473,13.475730911155267
031,Allamakee,Empanelment,Juror,Native Hawaiian/Pacific Islander,27,0,0.00,0,0
031,Allamakee,Empanelment,Court,Native Hawaiian/Pacific Islander,16,0,0.00,0,0
031,Allamakee,Empanelment,Juror,Black/African American,27,0,0.00,1.823729775759296,-1.823729775759296
031,Allamakee,Overall Pool,NULL,Hispanic/Latino/Spanish Origins,994,1,0.10,9.147033778030087,-9.047033778030087
031,Allamakee,Empanelment,Juror,Asian,27,0,0.00,0.40448481407891,-0.40448481407891
031,Allamakee,Empanelment,Not Used,Asian,26,0,0.00,0.40448481407891,-0.40448481407891
031,Allamakee,Empanelment,Court,Asian,16,0,0.00,0.40448481407891,-0.40448481407891
031,Allamakee,Empanelment,Peremptory Strike (Plaintiff/Petitioner),Asian,34,0,0.00,0.40448481407891,-0.40448481407891
031,Allamakee,Empanelment,Peremptory Strike (Defendant/Respondent),Asian,41,0,0.00,0.40448481407891,-0.40448481407891
031,Allamakee,Overall Pool,NULL,Native Hawaiian/Pacific Islander,994,0,0.00,0,0
031,Allamakee,Empanelment,Peremptory Strike (Plaintiff/Petitioner),White,34,33,97.06,86.52426908884473,10.53573091115527
031,Allamakee,Empanelment,Court,Black/African American,16,0,0.00,1.823729775759296,-1.823729775759296
031,Allamakee,Empanelment,Peremptory Strike (Plaintiff/Petitioner),Black/African American,34,0,0.00,1.823729775759296,-1.823729775759296
031,Allamakee,Empanelment,Peremptory Strike (Plaintiff/Petitioner),Native Hawaiian/Pacific Islander,34,0,0.00,0,0
031,Allamakee,Criminal Panel,NULL,Asian,144,0,0.00,0.40448481407891,-0.40448481407891
031,Allamakee,Empanelment,Peremptory Strike (Defendant/Respondent),American Indian/Alaskan Native,41,0,0.00,0.8799318762418393,-0.8799318762418393
031,Allamakee,Empanelment,Juror,Hispanic/Latino/Spanish Origins,27,0,0.00,9.147033778030087,-9.147033778030087
031,Allamakee,Empanelment,Peremptory Strike (Defendant/Respondent),Black/African American,41,0,0.00,1.823729775759296,-1.823729775759296
041,Appanoose,Empanelment,Juror,Native Hawaiian/Pacific Islander,13,0,0.00,0,0
041,Appanoose,Empanelment,Peremptory Strike (Plaintiff/Petitioner),Native Hawaiian/Pacific Islander,11,0,0.00,0,0
041,Appanoose,Empanelment,Not Used,Native Hawaiian/Pacific Islander,17,0,0.00,0,0
041,Appanoose,Empanelment,Court,Native Hawaiian/Pacific Islander,8,0,0.00,0,0
041,Appanoose,Empanelment,Alternate,Native Hawaiian/Pacific Islander,1,0,0.00,0,0
041,Appanoose,Criminal Panel,NULL,Native Hawaiian/Pacific Islander,70,0,0.00,0,0
041,Appanoose,Empanelment,Challenged For Cause (Plaintiff/Petitioner),Black/African American,9,0,0.00,0.8207485226526593,-0.8207485226526593
041,Appanoose,Empanelment,Juror,Black/African American,13,0,0.00,0.8207485226526593,-0.8207485226526593
041,Appanoose,Overall Pool,NULL,Hispanic/Latino/Spanish Origins,836,0,0.00,2.0436638214051213,-2.0436638214051213
041,Appanoose,Empanelment,Juror,Hispanic/Latino/Spanish Origins,13,0,0.00,2.0436638214051213,-2.0436638214051213
041,Appanoose,Empanelment,Peremptory Strike (Defendant/Respondent),Black/African American,11,1,9.09,0.8207485226526593,8.269251477347341
041,Appanoose,Overall Pool,NULL,American Indian/Alaskan Native,836,4,0.48,0.024622455679579776,0.4553775443204202
041,Appanoose,Criminal Panel,NULL,American Indian/Alaskan Native,70,1,1.43,0.024622455679579776,1.4053775443204202
041,Appanoose,Criminal Panel,NULL,Hispanic/Latino/Spanish Origins,70,0,0.00,2.0436638214051213,-2.0436638214051213
041,Appanoose,Overall Pool,NULL,Native Hawaiian/Pacific Islander,836,0,0.00,0,0
041,Appanoose,Overall Pool,NULL,White,836,812,97.13,93.75410374261325,3.375896257386742
041,Appanoose,Empanelment,Peremptory Strike (Defendant/Respondent),Asian,11,1,9.09,0.9110308601444517,8.178969139855548
041,Appanoose,Empanelment,Juror,Asian,13,0,0.00,0.9110308601444517,-0.9110308601444517
041,Appanoose,Empanelment,Challenged For Cause (Plaintiff/Petitioner),Asian,9,0,0.00,0.9110308601444517,-0.9110308601444517
041,Appanoose,Empanelment,Peremptory Strike (Plaintiff/Petitioner),Asian,11,0,0.00,0.9110308601444517,-0.9110308601444517
041,Appanoose,Empanelment,Not Used,Asian,17,0,0.00,0.9110308601444517,-0.9110308601444517
041,Appanoose,Empanelment,Court,Asian,8,0,0.00,0.9110308601444517,-0.9110308601444517
041,Appanoose,Empanelment,Alternate,Asian,1,0,0.00,0.9110308601444517,-0.9110308601444517
041,Appanoose,Criminal Panel,NULL,Asian,70,1,1.43,0.9110308601444517,0.5189691398555483
041,Appanoose,Criminal Panel,NULL,White,70,66,94.29,93.75410374261325,0.535896257386753
041,Appanoose,Overall Pool,NULL,Black/African American,836,5,0.60,0.8207485226526593,-0.22074852265265932
041,Appanoose,Empanelment,Alternate,Hispanic/Latino/Spanish Origins,1,0,0.00,2.0436638214051213,-2.0436638214051213
041,Appanoose,Empanelment,Court,Hispanic/Latino/Spanish Origins,8,0,0.00,2.0436638214051213,-2.0436638214051213
041,Appanoose,Empanelment,Alternate,Black/African American,1,0,0.00,0.8207485226526593,-0.8207485226526593
041,Appanoose,Empanelment,Court,Black/African American,8,0,0.00,0.8207485226526593,-0.8207485226526593
041,Appanoose,Empanelment,Not Used,Black/African American,17,0,0.00,0.8207485226526593,-0.8207485226526593
041,Appanoose,Empanelment,Peremptory Strike (Plaintiff/Petitioner),Black/African American,11,0,0.00,0.8207485226526593,-0.8207485226526593
041,Appanoose,Empanelment,Alternate,American Indian/Alaskan Native,1,0,0.00,0.024622455679579776,-0.024622455679579776
041,Appanoose,Empanelment,Court,American Indian/Alaskan Native,8,0,0.00,0.024622455679579776,-0.024622455679579776
041,Appanoose,Empanelment,Not Used,American Indian/Alaskan Native,17,0,0.00,0.024622455679579776,-0.024622455679579776
041,Appanoose,Empanelment,Peremptory Strike (Plaintiff/Petitioner),American Indian/Alaskan Native,11,0,0.00,0.024622455679579776,-0.024622455679579776
041,Appanoose,Empanelment,Challenged For Cause (Plaintiff/Petitioner),American Indian/Alaskan Native,9,0,0.00,0.024622455679579776,-0.024622455679579776
041,Appanoose,Empanelment,Juror,American Indian/Alaskan Native,13,0,0.00,0.024622455679579776,-0.024622455679579776
041,Appanoose,Empanelment,Peremptory Strike (Defendant/Respondent),American Indian/Alaskan Native,11,0,0.00,0.024622455679579776,-0.024622455679579776
041,Appanoose,Empanelment,Peremptory Strike (Defendant/Respondent),Hispanic/Latino/Spanish Origins,11,0,0.00,2.0436638214051213,-2.0436638214051213
041,Appanoose,Overall Pool,NULL,Asian,836,8,0.96,0.9110308601444517,0.048969139855548294
041,Appanoose,Empanelment,Not Used,Hispanic/Latino/Spanish Origins,17,0,0.00,2.0436638214051213,-2.0436638214051213
041,Appanoose,Empanelment,Peremptory Strike (Plaintiff/Petitioner),Hispanic/Latino/Spanish Origins,11,0,0.00,2.0436638214051213,-2.0436638214051213
041,Appanoose,Empanelment,Challenged For Cause (Plaintiff/Petitioner),Hispanic/Latino/Spanish Origins,9,0,0.00,2.0436638214051213,-2.0436638214051213
041,Appanoose,Empanelment,Peremptory Strike (Defendant/Respondent),White,11,9,81.82,93.75410374261325,-11.93410374261326
041,Appanoose,Empanelment,Juror,White,13,13,100.00,93.75410374261325,6.245896257386747
041,Appanoose,Empanelment,Challenged For Cause (Plaintiff/Petitioner),White,9,8,88.89,93.75410374261325,-4.864103742613253
041,Appanoose,Empanelment,Peremptory Strike (Plaintiff/Petitioner),White,11,10,90.91,93.75410374261325,-2.8441037426132567
041,Appanoose,Empanelment,Not Used,White,17,17,100.00,93.75410374261325,6.245896257386747
041,Appanoose,Empanelment,Court,White,8,8,100.00,93.75410374261325,6.245896257386747
041,Appanoose,Criminal Panel,NULL,Black/African American,70,1,1.43,0.8207485226526593,0.6092514773473406
041,Appanoose,Empanelment,Alternate,White,1,1,100.00,93.75410374261325,6.245896257386747
041,Appanoose,Empanelment,Peremptory Strike (Defendant/Respondent),Native Hawaiian/Pacific Islander,11,0,0.00,0,0
041,Appanoose,Empanelment,Challenged For Cause (Plaintiff/Petitioner),Native Hawaiian/Pacific Islander,9,0,0.00,0,0
051,Audubon,Overall Pool,NULL,Native Hawaiian/Pacific Islander,976,0,0.00,0.2500446508305055,-0.2500446508305055
051,Audubon,Overall Pool,NULL,Asian,976,3,0.31,0.05358099660653688,0.25641900339346313
051,Audubon,Overall Pool,NULL,Black/African American,976,6,0.61,0.500089301661011,0.10991069833898903
051,Audubon,Overall Pool,NULL,American Indian/Alaskan Native,976,3,0.31,0.1786033220217896,0.1313966779782104
051,Audubon,Overall Pool,NULL,Hispanic/Latino/Spanish Origins,976,2,0.20,2.5004465083050547,-2.3004465083050545
051,Audubon,Overall Pool,NULL,White,976,952,97.54,93.83818539024827,3.701814609751736
061,Benton,Empanelment,Peremptory Strike (Defendant/Respondent),American Indian/Alaskan Native,24,0,0.00,0.10107292800497589,-0.10107292800497589
061,Benton,Empanelment,Court,American Indian/Alaskan Native,8,0,0.00,0.10107292800497589,-0.10107292800497589
061,Benton,Empanelment,Not Used,American Indian/Alaskan Native,42,0,0.00,0.10107292800497589,-0.10107292800497589
061,Benton,Empanelment,No Result,American Indian/Alaskan Native,40,0,0.00,0.10107292800497589,-0.10107292800497589
061,Benton,Empanelment,Juror,American Indian/Alaskan Native,52,0,0.00,0.10107292800497589,-0.10107292800497589
061,Benton,Empanelment,Challenged For Cause (Plaintiff/Petitioner),American Indian/Alaskan Native,1,0,0.00,0.10107292800497589,-0.10107292800497589
061,Benton,Empanelment,Peremptory Strike (Plaintiff/Petitioner),American Indian/Alaskan Native,24,0,0.00,0.10107292800497589,-0.10107292800497589
061,Benton,Empanelment,No Result,Hispanic/Latino/Spanish Origins,40,0,0.00,1.97092209609703,-1.97092209609703
061,Benton,Empanelment,Juror,Hispanic/Latino/Spanish Origins,52,0,0.00,1.97092209609703,-1.97092209609703
061,Benton,Empanelment,Challenged For Cause (Plaintiff/Petitioner),Hispanic/Latino/Spanish Origins,1,0,0.00,1.97092209609703,-1.97092209609703
061,Benton,Empanelment,Peremptory Strike (Plaintiff/Petitioner),Hispanic/Latino/Spanish Origins,24,0,0.00,1.97092209609703,-1.97092209609703
061,Benton,Empanelment,Peremptory Strike (Defendant/Respondent),Hispanic/Latino/Spanish Origins,24,0,0.00,1.97092209609703,-1.97092209609703
061,Benton,Empanelment,Juror,Black/African American,52,0,0.00,0.4159539729435547,-0.4159539729435547
061,Benton,Empanelment,No Result,Black/African American,40,0,0.00,0.4159539729435547,-0.4159539729435547
061,Benton,Empanelment,Not Used,Black/African American,42,0,0.00,0.4159539729435547,-0.4159539729435547
061,Benton,Empanelment,Not Used,White,42,41,97.62,94.43710153941845,3.182898460581555
061,Benton,Empanelment,Court,White,8,8,100.00,94.43710153941845,5.56289846058155
061,Benton,Empanelment,Peremptory Strike (Plaintiff/Petitioner),White,24,23,95.83,94.43710153941845,1.3928984605815486
061,Benton,Criminal Panel,NULL,Native Hawaiian/Pacific Islander,191,0,0.00,0,0
061,Benton,Criminal Panel,NULL,White,191,188,98.43,94.43710153941845,3.992898460581557
061,Benton,Empanelment,Court,Black/African American,8,0,0.00,0.4159539729435547,-0.4159539729435547
061,Benton,Criminal Panel,NULL,Asian,191,0,0.00,0.2332452184730213,-0.2332452184730213
061,Benton,Overall Pool,NULL,American Indian/Alaskan Native,1761,5,0.28,0.10107292800497589,0.17892707199502414
061,Benton,Overall Pool,NULL,Native Hawaiian/Pacific Islander,1761,1,0.06,0,0.06
061,Benton,Empanelment,Peremptory Strike (Defendant/Respondent),Asian,24,0,0.00,0.2332452184730213,-0.2332452184730213
061,Benton,Empanelment,Court,Asian,8,0,0.00,0.2332452184730213,-0.2332452184730213
061,Benton,Empanelment,Not Used,Asian,42,0,0.00,0.2332452184730213,-0.2332452184730213
061,Benton,Empanelment,No Result,Asian,40,0,0.00,0.2332452184730213,-0.2332452184730213
061,Benton,Empanelment,Peremptory Strike (Defendant/Respondent),Black/African American,24,0,0.00,0.4159539729435547,-0.4159539729435547
061,Benton,Empanelment,Juror,Asian,52,0,0.00,0.2332452184730213,-0.2332452184730213
061,Benton,Empanelment,Challenged For Cause (Plaintiff/Petitioner),Asian,1,0,0.00,0.2332452184730213,-0.2332452184730213
061,Benton,Empanelment,Peremptory Strike (Plaintiff/Petitioner),Asian,24,0,0.00,0.2332452184730213,-0.2332452184730213
061,Benton,Empanelment,Peremptory Strike (Defendant/Respondent),White,24,23,95.83,94.43710153941845,1.3928984605815486
061,Benton,Overall Pool,NULL,Black/African American,1761,5,0.28,0.4159539729435547,-0.13595397294355466
061,Benton,Overall Pool,NULL,Asian,1761,3,0.17,0.2332452184730213,-0.06324521847302128
061,Benton,Overall Pool,NULL,White,1761,1716,97.44,94.43710153941845,3.002898460581548
061,Benton,Empanelment,Peremptory Strike (Plaintiff/Petitioner),Native Hawaiian/Pacific Islander,24,0,0.00,0,0
061,Benton,Empanelment,Challenged For Cause (Plaintiff/Petitioner),Native Hawaiian/Pacific Islander,1,0,0.00,0,0
061,Benton,Empanelment,Juror,Native Hawaiian/Pacific Islander,52,0,0.00,0,0
061,Benton,Empanelment,No Result,Native Hawaiian/Pacific Islander,40,0,0.00,0,0
061,Benton,Empanelment,Not Used,Native Hawaiian/Pacific Islander,42,0,0.00,0,0
061,Benton,Empanelment,Not Used,Hispanic/Latino/Spanish Origins,42,0,0.00,1.97092209609703,-1.97092209609703
061,Benton,Empanelment,Court,Hispanic/Latino/Spanish Origins,8,0,0.00,1.97092209609703,-1.97092209609703
061,Benton,Criminal Panel,NULL,Hispanic/Latino/Spanish Origins,191,0,0.00,1.97092209609703,-1.97092209609703
061,Benton,Criminal Panel,NULL,American Indian/Alaskan Native,191,1,0.52,0.10107292800497589,0.4189270719950241
061,Benton,Empanelment,Peremptory Strike (Plaintiff/Petitioner),Black/African American,24,0,0.00,0.4159539729435547,-0.4159539729435547
061,Benton,Empanelment,Challenged For Cause (Plaintiff/Petitioner),Black/African American,1,0,0.00,0.4159539729435547,-0.4159539729435547
061,Benton,Empanelment,Court,Native Hawaiian/Pacific Islander,8,0,0.00,0,0
061,Benton,Overall Pool,NULL,Hispanic/Latino/Spanish Origins,1761,1,0.06,1.97092209609703,-1.91092209609703
061,Benton,Criminal Panel,NULL,Black/African American,191,0,0.00,0.4159539729435547,-0.4159539729435547
061,Benton,Empanelment,No Result,White,40,40,100.00,94.43710153941845,5.56289846058155
061,Benton,Empanelment,Juror,White,52,52,100.00,94.43710153941845,5.56289846058155
061,Benton,Empanelment,Challenged For Cause (Plaintiff/Petitioner),White,1,1,100.00,94.43710153941845,5.56289846058155
061,Benton,Empanelment,Peremptory Strike (Defendant/Respondent),Native Hawaiian/Pacific Islander,24,0,0.00,0,0
071,Black Hawk,Overall Pool,NULL,American Indian/Alaskan Native,16467,41,0.25,0.2914940213202695,-0.041494021320269525
071,Black Hawk,Overall Pool,NULL,Asian,16467,412,2.50,2.7203565078711014,-0.2203565078711014
071,Black Hawk,Criminal Panel,NULL,Native Hawaiian/Pacific Islander,2780,3,0.11,0.7356027134888476,-0.6256027134888477
071,Black Hawk,Criminal Panel,NULL,American Indian/Alaskan Native,2780,6,0.22,0.2914940213202695,-0.07149402132026952
071,Black Hawk,Empanelment,Peremptory Strike (Plaintiff/Petitioner),Asian,290,4,1.38,2.7203565078711014,-1.3403565078711015
071,Black Hawk,Empanelment,Alternate,Asian,40,1,2.50,2.7203565078711014,-0.2203565078711014
071,Black Hawk,Empanelment,Peremptory Strike (Defendant/Respondent),Asian,291,3,1.03,2.7203565078711014,-1.6903565078711014
071,Black Hawk,Empanelment,No Result,Asian,510,8,1.57,2.7203565078711014,-1.1503565078711013
071,Black Hawk,Empanelment,Juror,Asian,529,5,0.95,2.7203565078711014,-1.7703565078711014
071,Black Hawk,Empanelment,Court,Asian,197,1,0.51,2.7203565078711014,-2.2103565078711016
071,Black Hawk,Empanelment,Not Used,Asian,924,15,1.62,2.7203565078711014,-1.1003565078711013
071,Black Hawk,Criminal Panel,NULL,Asian,2780,37,1.33,2.7203565078711014,-1.3903565078711013
071,Black Hawk,Overall Pool,NULL,Black/African American,16467,1586,9.63,9.259895153721127,0.3701048462788741
071,Black Hawk,Empanelment,Not Used,Hispanic/Latino/Spanish Origins,924,0,0.00,5.235446283451228,-5.235446283451228
071,Black Hawk,Empanelment,Court,Hispanic/Latino/Spanish Origins,197,0,0.00,5.235446283451228,-5.235446283451228
071,Black Hawk,Empanelment,Juror,Hispanic/Latino/Spanish Origins,529,0,0.00,5.235446283451228,-5.235446283451228
071,Black Hawk,Empanelment,No Result,Hispanic/Latino/Spanish Origins,510,0,0.00,5.235446283451228,-5.235446283451228
071,Black Hawk,Empanelment,Peremptory Strike (Defendant/Respondent),Hispanic/Latino/Spanish Origins,291,0,0.00,5.235446283451228,-5.235446283451228
071,Black Hawk,Empanelment,Alternate,Hispanic/Latino/Spanish Origins,40,0,0.00,5.235446283451228,-5.235446283451228
071,Black Hawk,Empanelment,Peremptory Strike (Plaintiff/Petitioner),Hispanic/Latino/Spanish Origins,290,0,0.00,5.235446283451228,-5.235446283451228
071,Black Hawk,Empanelment,Not Used,American Indian/Alaskan Native,924,0,0.00,0.2914940213202695,-0.2914940213202695
071,Black Hawk,Empanelment,Peremptory Strike (Plaintiff/Petitioner),White,290,254,87.59,78.06011491884715,9.529885081152855
071,Black Hawk,Empanelment,Alternate,White,40,31,77.50,78.06011491884715,-0.5601149188471481
071,Black Hawk,Empanelment,Court,American Indian/Alaskan Native,197,0,0.00,0.2914940213202695,-0.2914940213202695
071,Black Hawk,Empanelment,Peremptory Strike (Defendant/Respondent),White,291,274,94.16,78.06011491884715,16.09988508115285
071,Black Hawk,Empanelment,No Result,White,510,440,86.27,78.06011491884715,8.209885081152848
071,Black Hawk,Empanelment,Juror,White,529,463,87.52,78.06011491884715,9.459885081152848
071,Black Hawk,Empanelment,Peremptory Strike (Plaintiff/Petitioner),Native Hawaiian/Pacific Islander,290,0,0.00,0.7356027134888476,-0.7356027134888476
071,Black Hawk,Empanelment,Alternate,Native Hawaiian/Pacific Islander,40,0,0.00,0.7356027134888476,-0.7356027134888476
071,Black Hawk,Empanelment,Peremptory Strike (Defendant/Respondent),Native Hawaiian/Pacific Islander,291,0,0.00,0.7356027134888476,-0.7356027134888476
071,Black Hawk,Empanelment,No Result,Native Hawaiian/Pacific Islander,510,0,0.00,0.7356027134888476,-0.7356027134888476
071,Black Hawk,Empanelment,Juror,Native Hawaiian/Pacific Islander,529,1,0.19,0.7356027134888476,-0.5456027134888477
071,Black Hawk,Empanelment,Court,Native Hawaiian/Pacific Islander,197,0,0.00,0.7356027134888476,-0.7356027134888476
071,Black Hawk,Empanelment,Not Used,Native Hawaiian/Pacific Islander,924,2,0.22,0.7356027134888476,-0.5156027134888477
071,Black Hawk,Empanelment,Juror,American Indian/Alaskan Native,529,0,0.00,0.2914940213202695,-0.2914940213202695
071,Black Hawk,Empanelment,No Result,American Indian/Alaskan Native,510,0,0.00,0.2914940213202695,-0.2914940213202695
071,Black Hawk,Empanelment,Peremptory Strike (Defendant/Respondent),American Indian/Alaskan Native,291,0,0.00,0.2914940213202695,-0.2914940213202695
071,Black Hawk,Empanelment,Alternate,American Indian/Alaskan Native,40,0,0.00,0.2914940213202695,-0.2914940213202695
071,Black Hawk,Empanelment,Peremptory Strike (Plaintiff/Petitioner),American Indian/Alaskan Native,290,0,0.00,0.2914940213202695,-0.2914940213202695
071,Black Hawk,Overall Pool,NULL,Hispanic/Latino/Spanish Origins,16467,35,0.21,5.235446283451228,-5.025446283451228
071,Black Hawk,Empanelment,Court,White,197,158,80.20,78.06011491884715,2.1398850811528547
071,Black Hawk,Empanelment,Not Used,Black/African American,924,60,6.49,9.259895153721127,-2.7698951537211265
071,Black Hawk,Empanelment,Court,Black/African American,197,26,13.20,9.259895153721127,3.9401048462788726
071,Black Hawk,Empanelment,Juror,Black/African American,529,40,7.56,9.259895153721127,-1.699895153721127
071,Black Hawk,Empanelment,No Result,Black/African American,510,39,7.65,9.259895153721127,-1.6098951537211263
071,Black Hawk,Empanelment,Peremptory Strike (Defendant/Respondent),Black/African American,291,8,2.75,9.259895153721127,-6.509895153721127
071,Black Hawk,Criminal Panel,NULL,Hispanic/Latino/Spanish Origins,2780,0,0.00,5.235446283451228,-5.235446283451228
071,Black Hawk,Empanelment,Not Used,White,924,804,87.01,78.06011491884715,8.949885081152857
071,Black Hawk,Empanelment,Alternate,Black/African American,40,6,15.00,9.259895153721127,5.740104846278873
071,Black Hawk,Empanelment,Peremptory Strike (Plaintiff/Petitioner),Black/African American,290,21,7.24,9.259895153721127,-2.0198951537211265
071,Black Hawk,Criminal Panel,NULL,Black/African American,2780,200,7.19,9.259895153721127,-2.0698951537211263
071,Black Hawk,Criminal Panel,NULL,White,2780,2424,87.19,78.06011491884715,9.12988508115285
071,Black Hawk,Overall Pool,NULL,White,16467,13613,82.67,78.06011491884715,4.609885081152854
071,Black Hawk,Overall Pool,NULL,Native Hawaiian/Pacific Islander,16467,54,0.33,0.7356027134888476,-0.40560271348884763
081,Boone,Empanelment,Not Used,Asian,241,1,0.41,0.19874006299685018,0.2112599370031498
081,Boone,Empanelment,No Result,American Indian/Alaskan Native,32,0,0.00,0.041247937603119844,-0.041247937603119844
081,Boone,Empanelment,No Result,Native Hawaiian/Pacific Islander,32,0,0.00,0,0
081,Boone,Empanelment,Peremptory Strike (Defendant/Respondent),Native Hawaiian/Pacific Islander,61,0,0.00,0,0
081,Boone,Empanelment,Juror,Native Hawaiian/Pacific Islander,144,0,0.00,0,0
081,Boone,Empanelment,Peremptory Strike (Plaintiff/Petitioner),Asian,60,1,1.67,0.19874006299685018,1.4712599370031498
081,Boone,Empanelment,Alternate,Asian,8,0,0.00,0.19874006299685018,-0.19874006299685018
081,Boone,Empanelment,No Result,Black/African American,32,0,0.00,1.1511924403779812,-1.1511924403779812
081,Boone,Empanelment,Peremptory Strike (Defendant/Respondent),Black/African American,61,0,0.00,1.1511924403779812,-1.1511924403779812
081,Boone,Empanelment,Juror,Black/African American,144,1,0.69,1.1511924403779812,-0.46119244037798124
081,Boone,Empanelment,Not Used,Black/African American,241,1,0.41,1.1511924403779812,-0.7411924403779813
081,Boone,Empanelment,Peremptory Strike (Plaintiff/Petitioner),Black/African American,60,0,0.00,1.1511924403779812,-1.1511924403779812
081,Boone,Empanelment,Alternate,Black/African American,8,0,0.00,1.1511924403779812,-1.1511924403779812
081,Boone,Criminal Panel,NULL,Black/African American,546,2,0.37,1.1511924403779812,-0.7811924403779812
081,Boone,Criminal Panel,NULL,American Indian/Alaskan Native,546,2,0.37,0.041247937603119844,0.32875206239688015
081,Boone,Empanelment,Not Used,Native Hawaiian/Pacific Islander,241,0,0.00,0,0
081,Boone,Empanelment,Peremptory Strike (Plaintiff/Petitioner),Native Hawaiian/Pacific Islander,60,0,0.00,0,0
081,Boone,Empanelment,Alternate,Native Hawaiian/Pacific Islander,8,0,0.00,0,0
081,Boone,Empanelment,Alternate,Hispanic/Latino/Spanish Origins,8,0,0.00,2.9361031948402583,-2.9361031948402583
081,Boone,Overall Pool,NULL,White,5730,5522,96.37,92.88660566971652,3.483394330283488
081,Boone,Empanelment,Peremptory Strike (Plaintiff/Petitioner),Hispanic/Latino/Spanish Origins,60,0,0.00,2.9361031948402583,-2.9361031948402583
081,Boone,Criminal Panel,NULL,White,546,531,97.25,92.88660566971652,4.363394330283484
081,Boone,Criminal Panel,NULL,Native Hawaiian/Pacific Islander,546,0,0.00,0,0
081,Boone,Empanelment,Not Used,Hispanic/Latino/Spanish Origins,241,0,0.00,2.9361031948402583,-2.9361031948402583
081,Boone,Empanelment,Juror,Hispanic/Latino/Spanish Origins,144,0,0.00,2.9361031948402583,-2.9361031948402583
081,Boone,Empanelment,Peremptory Strike (Defendant/Respondent),Hispanic/Latino/Spanish Origins,61,0,0.00,2.9361031948402583,-2.9361031948402583
081,Boone,Empanelment,No Result,Hispanic/Latino/Spanish Origins,32,0,0.00,2.9361031948402583,-2.9361031948402583
081,Boone,Empanelment,No Result,White,32,32,100.00,92.88660566971652,7.113394330283484
081,Boone,Overall Pool,NULL,Black/African American,5730,37,0.65,1.1511924403779812,-0.5011924403779812
081,Boone,Empanelment,Peremptory Strike (Defendant/Respondent),White,61,61,100.00,92.88660566971652,7.113394330283484
081,Boone,Empanelment,Juror,White,144,139,96.53,92.88660566971652,3.643394330283485
081,Boone,Empanelment,Not Used,White,241,232,96.27,92.88660566971652,3.3833943302834797
081,Boone,Empanelment,Peremptory Strike (Plaintiff/Petitioner),White,60,59,98.33,92.88660566971652,5.443394330283482
081,Boone,Empanelment,Alternate,White,8,8,100.00,92.88660566971652,7.113394330283484
081,Boone,Overall Pool,NULL,Asian,5730,18,0.31,0.19874006299685018,0.11125993700314982
081,Boone,Overall Pool,NULL,Native Hawaiian/Pacific Islander,5730,0,0.00,0,0
081,Boone,Overall Pool,NULL,American Indian/Alaskan Native,5730,12,0.21,0.041247937603119844,0.16875206239688015
081,Boone,Criminal Panel,NULL,Asian,546,2,0.37,0.19874006299685018,0.17125993700314981
081,Boone,Empanelment,No Result,Asian,32,0,0.00,0.19874006299685018,-0.19874006299685018
081,Boone,Empanelment,Peremptory Strike (Defendant/Respondent),Asian,61,0,0.00,0.19874006299685018,-0.19874006299685018
081,Boone,Empanelment,Juror,Asian,144,0,0.00,0.19874006299685018,-0.19874006299685018
081,Boone,Criminal Panel,NULL,Hispanic/Latino/Spanish Origins,546,0,0.00,2.9361031948402583,-2.9361031948402583
081,Boone,Empanelment,Peremptory Strike (Defendant/Respondent),American Indian/Alaskan Native,61,0,0.00,0.041247937603119844,-0.041247937603119844
081,Boone,Empanelment,Juror,American Indian/Alaskan Native,144,0,0.00,0.041247937603119844,-0.041247937603119844
081,Boone,Empanelment,Not Used,American Indian/Alaskan Native,241,0,0.00,0.041247937603119844,-0.041247937603119844
081,Boone,Empanelment,Peremptory Strike (Plaintiff/Petitioner),American Indian/Alaskan Native,60,0,0.00,0.041247937603119844,-0.041247937603119844
081,Boone,Empanelment,Alternate,American Indian/Alaskan Native,8,0,0.00,0.041247937603119844,-0.041247937603119844
081,Boone,Overall Pool,NULL,Hispanic/Latino/Spanish Origins,5730,4,0.07,2.9361031948402583,-2.8661031948402584
091,Bremer,Empanelment,Juror,Hispanic/Latino/Spanish Origins,37,0,0.00,2.0949055705443578,-2.0949055705443578
091,Bremer,Empanelment,Challenged For Cause (Plaintiff/Petitioner),Native Hawaiian/Pacific Islander,1,0,0.00,0.03174099349309633,-0.03174099349309633
091,Bremer,Empanelment,Court,Native Hawaiian/Pacific Islander,4,0,0.00,0.03174099349309633,-0.03174099349309633
091,Bremer,Empanelment,Alternate,Native Hawaiian/Pacific Islander,3,0,0.00,0.03174099349309633,-0.03174099349309633
091,Bremer,Empanelment,Not Used,Native Hawaiian/Pacific Islander,232,0,0.00,0.03174099349309633,-0.03174099349309633
091,Bremer,Empanelment,Peremptory Strike (Defendant/Respondent),Native Hawaiian/Pacific Islander,16,0,0.00,0.03174099349309633,-0.03174099349309633
091,Bremer,Overall Pool,NULL,Black/African American,1018,11,1.08,1.146643389938105,-0.06664338993810492
091,Bremer,Empanelment,Peremptory Strike (Plaintiff/Petitioner),Hispanic/Latino/Spanish Origins,14,0,0.00,2.0949055705443578,-2.0949055705443578
091,Bremer,Empanelment,Challenged For Cause (Defendant/Respondent),Hispanic/Latino/Spanish Origins,1,0,0.00,2.0949055705443578,-2.0949055705443578
091,Bremer,Empanelment,Challenged For Cause (Defendant/Respondent),Native Hawaiian/Pacific Islander,1,0,0.00,0.03174099349309633,-0.03174099349309633
091,Bremer,Empanelment,Peremptory Strike (Plaintiff/Petitioner),Native Hawaiian/Pacific Islander,14,0,0.00,0.03174099349309633,-0.03174099349309633
091,Bremer,Empanelment,Juror,Native Hawaiian/Pacific Islander,37,0,0.00,0.03174099349309633,-0.03174099349309633
091,Bremer,Overall Pool,NULL,Hispanic/Latino/Spanish Origins,1018,0,0.00,2.0949055705443578,-2.0949055705443578
091,Bremer,Empanelment,Peremptory Strike (Defendant/Respondent),Hispanic/Latino/Spanish Origins,16,0,0.00,2.0949055705443578,-2.0949055705443578
091,Bremer,Empanelment,Not Used,Hispanic/Latino/Spanish Origins,232,0,0.00,2.0949055705443578,-2.0949055705443578
091,Bremer,Empanelment,Alternate,Hispanic/Latino/Spanish Origins,3,0,0.00,2.0949055705443578,-2.0949055705443578
091,Bremer,Empanelment,Court,Hispanic/Latino/Spanish Origins,4,0,0.00,2.0949055705443578,-2.0949055705443578
091,Bremer,Empanelment,Challenged For Cause (Plaintiff/Petitioner),Hispanic/Latino/Spanish Origins,1,0,0.00,2.0949055705443578,-2.0949055705443578
091,Bremer,Overall Pool,NULL,Asian,1018,6,0.59,0.8966830661799714,-0.30668306617997143
091,Bremer,Overall Pool,NULL,American Indian/Alaskan Native,1018,1,0.10,0.047611490239644505,0.0523885097603555
091,Bremer,Overall Pool,NULL,Native Hawaiian/Pacific Islander,1018,0,0.00,0.03174099349309633,-0.03174099349309633
091,Bremer,Criminal Panel,NULL,White,308,300,97.40,92.27106808443104,5.12893191556897
091,Bremer,Empanelment,Challenged For Cause (Plaintiff/Petitioner),Black/African American,1,0,0.00,1.146643389938105,-1.146643389938105
091,Bremer,Criminal Panel,NULL,Black/African American,308,2,0.65,1.146643389938105,-0.496643389938105
091,Bremer,Empanelment,Court,Black/African American,4,0,0.00,1.146643389938105,-1.146643389938105
091,Bremer,Empanelment,Alternate,Black/African American,3,0,0.00,1.146643389938105,-1.146643389938105
091,Bremer,Empanelment,Not Used,Black/African American,232,1,0.43,1.146643389938105,-0.7166433899381051
091,Bremer,Empanelment,Peremptory Strike (Defendant/Respondent),Black/African American,16,1,6.25,1.146643389938105,5.103356610061895
091,Bremer,Empanelment,Challenged For Cause (Defendant/Respondent),Black/African American,1,0,0.00,1.146643389938105,-1.146643389938105
091,Bremer,Empanelment,Peremptory Strike (Plaintiff/Petitioner),Black/African American,14,0,0.00,1.146643389938105,-1.146643389938105
091,Bremer,Empanelment,Juror,Black/African American,37,0,0.00,1.146643389938105,-1.146643389938105
091,Bremer,Empanelment,Challenged For Cause (Plaintiff/Petitioner),American Indian/Alaskan Native,1,0,0.00,0.047611490239644505,-0.047611490239644505
091,Bremer,Empanelment,Court,American Indian/Alaskan Native,4,0,0.00,0.047611490239644505,-0.047611490239644505
091,Bremer,Empanelment,Alternate,American Indian/Alaskan Native,3,0,0.00,0.047611490239644505,-0.047611490239644505
091,Bremer,Empanelment,Not Used,American Indian/Alaskan Native,232,0,0.00,0.047611490239644505,-0.047611490239644505
091,Bremer,Empanelment,Peremptory Strike (Defendant/Respondent),American Indian/Alaskan Native,16,0,0.00,0.047611490239644505,-0.047611490239644505
091,Bremer,Empanelment,Challenged For Cause (Defendant/Respondent),American Indian/Alaskan Native,1,0,0.00,0.047611490239644505,-0.047611490239644505
091,Bremer,Overall Pool,NULL,White,1018,987,96.95,92.27106808443104,4.678931915568967
091,Bremer,Empanelment,Peremptory Strike (Plaintiff/Petitioner),American Indian/Alaskan Native,14,0,0.00,0.047611490239644505,-0.047611490239644505
091,Bremer,Empanelment,Juror,American Indian/Alaskan Native,37,0,0.00,0.047611490239644505,-0.047611490239644505
091,Bremer,Criminal Panel,NULL,Hispanic/Latino/Spanish Origins,308,0,0.00,2.0949055705443578,-2.0949055705443578
091,Bremer,Criminal Panel,NULL,Asian,308,1,0.32,0.8966830661799714,-0.5766830661799713
091,Bremer,Empanelment,Juror,Asian,37,0,0.00,0.8966830661799714,-0.8966830661799714
091,Bremer,Empanelment,Peremptory Strike (Plaintiff/Petitioner),Asian,14,0,0.00,0.8966830661799714,-0.8966830661799714
091,Bremer,Empanelment,Challenged For Cause (Defendant/Respondent),Asian,1,0,0.00,0.8966830661799714,-0.8966830661799714
091,Bremer,Empanelment,Peremptory Strike (Defendant/Respondent),Asian,16,0,0.00,0.8966830661799714,-0.8966830661799714
091,Bremer,Empanelment,Not Used,Asian,232,1,0.43,0.8966830661799714,-0.4666830661799714
091,Bremer,Empanelment,Alternate,Asian,3,0,0.00,0.8966830661799714,-0.8966830661799714
091,Bremer,Empanelment,Court,Asian,4,0,0.00,0.8966830661799714,-0.8966830661799714
091,Bremer,Criminal Panel,NULL,American Indian/Alaskan Native,308,0,0.00,0.047611490239644505,-0.047611490239644505
091,Bremer,Empanelment,Challenged For Cause (Plaintiff/Petitioner),Asian,1,0,0.00,0.8966830661799714,-0.8966830661799714
091,Bremer,Criminal Panel,NULL,Native Hawaiian/Pacific Islander,308,0,0.00,0.03174099349309633,-0.03174099349309633
091,Bremer,Empanelment,Juror,White,37,35,94.59,92.27106808443104,2.3189319155689674
091,Bremer,Empanelment,Peremptory Strike (Plaintiff/Petitioner),White,14,14,100.00,92.27106808443104,7.728931915568964
091,Bremer,Empanelment,Challenged For Cause (Defendant/Respondent),White,1,1,100.00,92.27106808443104,7.728931915568964
091,Bremer,Empanelment,Peremptory Strike (Defendant/Respondent),White,16,15,93.75,92.27106808443104,1.478931915568964
091,Bremer,Empanelment,Not Used,White,232,227,97.84,92.27106808443104,5.568931915568967
091,Bremer,Empanelment,Alternate,White,3,3,100.00,92.27106808443104,7.728931915568964
091,Bremer,Empanelment,Court,White,4,4,100.00,92.27106808443104,7.728931915568964
091,Bremer,Empanelment,Challenged For Cause (Plaintiff/Petitioner),White,1,1,100.00,92.27106808443104,7.728931915568964
101,Buchanan,Empanelment,Peremptory Strike (Defendant/Respondent),Black/African American,41,0,0.00,0.599207499758384,-0.599207499758384
101,Buchanan,Criminal Panel,NULL,White,380,375,98.68,94.95022711897168,3.7297728810283246
101,Buchanan,Empanelment,Peremptory Strike (Defendant/Respondent),American Indian/Alaskan Native,41,0,0.00,0.2802744756934377,-0.2802744756934377
101,Buchanan,Empanelment,Peremptory Strike (Plaintiff/Petitioner),Native Hawaiian/Pacific Islander,42,0,0.00,0.06282014110370156,-0.06282014110370156
101,Buchanan,Empanelment,Not Used,Black/African American,114,0,0.00,0.599207499758384,-0.599207499758384
101,Buchanan,Empanelment,No Result,Black/African American,88,0,0.00,0.599207499758384,-0.599207499758384
101,Buchanan,Empanelment,Court,Black/African American,25,0,0.00,0.599207499758384,-0.599207499758384
101,Buchanan,Empanelment,Juror,Black/African American,71,0,0.00,0.599207499758384,-0.599207499758384
101,Buchanan,Empanelment,Alternate,Black/African American,1,0,0.00,0.599207499758384,-0.599207499758384
101,Buchanan,Empanelment,Peremptory Strike (Plaintiff/Petitioner),Black/African American,42,0,0.00,0.599207499758384,-0.599207499758384
101,Buchanan,Empanelment,Not Used,American Indian/Alaskan Native,114,0,0.00,0.2802744756934377,-0.2802744756934377
101,Buchanan,Empanelment,Not Used,Asian,114,1,0.88,0.19329274185754325,0.6867072581424567
101,Buchanan,Criminal Panel,NULL,Asian,380,2,0.53,0.19329274185754325,0.3367072581424568
101,Buchanan,Overall Pool,NULL,American Indian/Alaskan Native,1546,2,0.13,0.2802744756934377,-0.15027447569343771
101,Buchanan,Empanelment,Peremptory Strike (Defendant/Respondent),White,41,41,100.00,94.95022711897168,5.049772881028318
101,Buchanan,Empanelment,Not Used,White,114,111,97.37,94.95022711897168,2.4197728810283223
101,Buchanan,Empanelment,Alternate,Asian,1,0,0.00,0.19329274185754325,-0.19329274185754325
101,Buchanan,Overall Pool,NULL,Hispanic/Latino/Spanish Origins,1546,0,0.00,1.9329274185754326,-1.9329274185754326
101,Buchanan,Empanelment,Alternate,Native Hawaiian/Pacific Islander,1,0,0.00,0.06282014110370156,-0.06282014110370156
101,Buchanan,Empanelment,Juror,Native Hawaiian/Pacific Islander,71,0,0.00,0.06282014110370156,-0.06282014110370156
101,Buchanan,Empanelment,No Result,American Indian/Alaskan Native,88,0,0.00,0.2802744756934377,-0.2802744756934377
101,Buchanan,Empanelment,Court,Native Hawaiian/Pacific Islander,25,0,0.00,0.06282014110370156,-0.06282014110370156
101,Buchanan,Empanelment,No Result,Native Hawaiian/Pacific Islander,88,0,0.00,0.06282014110370156,-0.06282014110370156
101,Buchanan,Empanelment,Not Used,Native Hawaiian/Pacific Islander,114,0,0.00,0.06282014110370156,-0.06282014110370156
101,Buchanan,Empanelment,Peremptory Strike (Defendant/Respondent),Native Hawaiian/Pacific Islander,41,0,0.00,0.06282014110370156,-0.06282014110370156
101,Buchanan,Overall Pool,NULL,Black/African American,1546,8,0.52,0.599207499758384,-0.07920749975838404
101,Buchanan,Overall Pool,NULL,White,1546,1506,97.41,94.95022711897168,2.4597728810283144
101,Buchanan,Empanelment,Court,American Indian/Alaskan Native,25,0,0.00,0.2802744756934377,-0.2802744756934377
101,Buchanan,Empanelment,Juror,Asian,71,0,0.00,0.19329274185754325,-0.19329274185754325
101,Buchanan,Empanelment,No Result,White,88,87,98.86,94.95022711897168,3.909772881028317
101,Buchanan,Empanelment,Peremptory Strike (Defendant/Respondent),Asian,41,0,0.00,0.19329274185754325,-0.19329274185754325
101,Buchanan,Empanelment,Court,Asian,25,0,0.00,0.19329274185754325,-0.19329274185754325
101,Buchanan,Empanelment,Juror,American Indian/Alaskan Native,71,0,0.00,0.2802744756934377,-0.2802744756934377
101,Buchanan,Empanelment,Alternate,American Indian/Alaskan Native,1,0,0.00,0.2802744756934377,-0.2802744756934377
101,Buchanan,Empanelment,Peremptory Strike (Plaintiff/Petitioner),American Indian/Alaskan Native,42,0,0.00,0.2802744756934377,-0.2802744756934377
101,Buchanan,Empanelment,No Result,Asian,88,0,0.00,0.19329274185754325,-0.19329274185754325
101,Buchanan,Criminal Panel,NULL,Native Hawaiian/Pacific Islander,380,0,0.00,0.06282014110370156,-0.06282014110370156
101,Buchanan,Empanelment,Court,White,25,25,100.00,94.95022711897168,5.049772881028318
101,Buchanan,Empanelment,Juror,White,71,70,98.59,94.95022711897168,3.639772881028321
101,Buchanan,Empanelment,Peremptory Strike (Defendant/Respondent),Hispanic/Latino/Spanish Origins,41,0,0.00,1.9329274185754326,-1.9329274185754326
101,Buchanan,Empanelment,Not Used,Hispanic/Latino/Spanish Origins,114,0,0.00,1.9329274185754326,-1.9329274185754326
101,Buchanan,Empanelment,No Result,Hispanic/Latino/Spanish Origins,88,0,0.00,1.9329274185754326,-1.9329274185754326
101,Buchanan,Empanelment,Court,Hispanic/Latino/Spanish Origins,25,0,0.00,1.9329274185754326,-1.9329274185754326
101,Buchanan,Empanelment,Juror,Hispanic/Latino/Spanish Origins,71,0,0.00,1.9329274185754326,-1.9329274185754326
101,Buchanan,Empanelment,Alternate,Hispanic/Latino/Spanish Origins,1,0,0.00,1.9329274185754326,-1.9329274185754326
101,Buchanan,Empanelment,Peremptory Strike (Plaintiff/Petitioner),Hispanic/Latino/Spanish Origins,42,0,0.00,1.9329274185754326,-1.9329274185754326
101,Buchanan,Overall Pool,NULL,Native Hawaiian/Pacific Islander,1546,0,0.00,0.06282014110370156,-0.06282014110370156
101,Buchanan,Empanelment,Alternate,White,1,1,100.00,94.95022711897168,5.049772881028318
101,Buchanan,Empanelment,Peremptory Strike (Plaintiff/Petitioner),Asian,42,1,2.38,0.19329274185754325,2.1867072581424565
101,Buchanan,Criminal Panel,NULL,Black/African American,380,0,0.00,0.599207499758384,-0.599207499758384
101,Buchanan,Criminal Panel,NULL,Hispanic/Latino/Spanish Origins,380,0,0.00,1.9329274185754326,-1.9329274185754326
101,Buchanan,Empanelment,Peremptory Strike (Plaintiff/Petitioner),White,42,40,95.24,94.95022711897168,0.28977288102831267
101,Buchanan,Criminal Panel,NULL,American Indian/Alaskan Native,380,1,0.26,0.2802744756934377,-0.02027447569343771
101,Buchanan,Overall Pool,NULL,Asian,1546,8,0.52,0.19329274185754325,0.32670725814245677
111,Buena Vista,Empanelment,Not Used,Asian,46,3,6.52,9.550426444369489,-3.030426444369489
111,Buena Vista,Overall Pool,NULL,Native Hawaiian/Pacific Islander,1329,21,1.58,2.929696911289934,-1.349696911289934
111,Buena Vista,Criminal Panel,NULL,Hispanic/Latino/Spanish Origins,60,1,1.67,29.364429239146144,-27.694429239146146
111,Buena Vista,Overall Pool,NULL,Hispanic/Latino/Spanish Origins,1329,14,1.05,29.364429239146144,-28.314429239146143
111,Buena Vista,Overall Pool,NULL,Black/African American,1329,14,1.05,3.2718161229701734,-2.221816122970173
111,Buena Vista,Empanelment,Not Used,Native Hawaiian/Pacific Islander,46,0,0.00,2.929696911289934,-2.929696911289934
111,Buena Vista,Empanelment,Juror,American Indian/Alaskan Native,14,0,0.00,0.4095793379270467,-0.4095793379270467
111,Buena Vista,Empanelment,Not Used,American Indian/Alaskan Native,46,0,0.00,0.4095793379270467,-0.4095793379270467
111,Buena Vista,Empanelment,Juror,Hispanic/Latino/Spanish Origins,14,0,0.00,29.364429239146144,-29.364429239146144
111,Buena Vista,Criminal Panel,NULL,Black/African American,60,0,0.00,3.2718161229701734,-3.2718161229701734
111,Buena Vista,Empanelment,Not Used,Hispanic/Latino/Spanish Origins,46,1,2.17,29.364429239146144,-27.194429239146146
111,Buena Vista,Empanelment,Juror,Native Hawaiian/Pacific Islander,14,0,0.00,2.929696911289934,-2.929696911289934
111,Buena Vista,Empanelment,Juror,Black/African American,14,0,0.00,3.2718161229701734,-3.2718161229701734
111,Buena Vista,Empanelment,Not Used,Black/African American,46,0,0.00,3.2718161229701734,-3.2718161229701734
111,Buena Vista,Overall Pool,NULL,American Indian/Alaskan Native,1329,4,0.30,0.4095793379270467,-0.10957933792704672
111,Buena Vista,Overall Pool,NULL,Asian,1329,100,7.52,9.550426444369489,-2.030426444369489
111,Buena Vista,Criminal Panel,NULL,White,60,48,80.00,52.07921746253553,27.92078253746447
111,Buena Vista,Overall Pool,NULL,White,1329,1016,76.45,52.07921746253553,24.37078253746447
111,Buena Vista,Criminal Panel,NULL,American Indian/Alaskan Native,60,0,0.00,0.4095793379270467,-0.4095793379270467
111,Buena Vista,Criminal Panel,NULL,Asian,60,3,5.00,9.550426444369489,-4.550426444369489
111,Buena Vista,Empanelment,Not Used,White,46,35,76.09,52.07921746253553,24.010782537464472
111,Buena Vista,Empanelment,Juror,White,14,13,92.86,52.07921746253553,40.78078253746447
111,Buena Vista,Criminal Panel,NULL,Native Hawaiian/Pacific Islander,60,0,0.00,2.929696911289934,-2.929696911289934
111,Buena Vista,Empanelment,Juror,Asian,14,0,0.00,9.550426444369489,-9.550426444369489
121,Butler,Overall Pool,NULL,Asian,945,2,0.21,1.254555649004766,-1.044555649004766
121,Butler,Criminal Panel,NULL,Hispanic/Latino/Spanish Origins,80,0,0.00,1.7451640033641715,-1.7451640033641715
121,Butler,Criminal Panel,NULL,American Indian/Alaskan Native,80,0,0.00,0.049060835435940565,-0.049060835435940565
121,Butler,Criminal Panel,NULL,Native Hawaiian/Pacific Islander,80,0,0.00,0,0
121,Butler,Criminal Panel,NULL,Asian,80,0,0.00,1.254555649004766,-1.254555649004766
121,Butler,Empanelment,Not Used,White,41,41,100.00,94.56826464816372,5.431735351836281
121,Butler,Empanelment,No Result,White,39,39,100.00,94.56826464816372,5.431735351836281
121,Butler,Empanelment,No Result,Asian,39,0,0.00,1.254555649004766,-1.254555649004766
121,Butler,Empanelment,Not Used,Asian,41,0,0.00,1.254555649004766,-1.254555649004766
121,Butler,Empanelment,No Result,Hispanic/Latino/Spanish Origins,39,0,0.00,1.7451640033641715,-1.7451640033641715
121,Butler,Criminal Panel,NULL,Black/African American,80,0,0.00,0.16820857863751051,-0.16820857863751051
121,Butler,Empanelment,Not Used,American Indian/Alaskan Native,41,0,0.00,0.049060835435940565,-0.049060835435940565
121,Butler,Empanelment,No Result,American Indian/Alaskan Native,39,0,0.00,0.049060835435940565,-0.049060835435940565
121,Butler,Overall Pool,NULL,American Indian/Alaskan Native,945,1,0.11,0.049060835435940565,0.060939164564059435
121,Butler,Empanelment,No Result,Black/African American,39,0,0.00,0.16820857863751051,-0.16820857863751051
121,Butler,Empanelment,Not Used,Black/African American,41,0,0.00,0.16820857863751051,-0.16820857863751051
121,Butler,Criminal Panel,NULL,White,80,80,100.00,94.56826464816372,5.431735351836281
121,Butler,Empanelment,Not Used,Native Hawaiian/Pacific Islander,41,0,0.00,0,0
121,Butler,Empanelment,Not Used,Hispanic/Latino/Spanish Origins,41,0,0.00,1.7451640033641715,-1.7451640033641715
121,Butler,Overall Pool,NULL,Black/African American,945,3,0.32,0.16820857863751051,0.1517914213624895
121,Butler,Overall Pool,NULL,Hispanic/Latino/Spanish Origins,945,0,0.00,1.7451640033641715,-1.7451640033641715
121,Butler,Empanelment,No Result,Native Hawaiian/Pacific Islander,39,0,0.00,0,0
121,Butler,Overall Pool,NULL,Native Hawaiian/Pacific Islander,945,1,0.11,0,0.11
121,Butler,Overall Pool,NULL,White,945,926,97.99,94.56826464816372,3.4217353518362756
131,Calhoun,Overall Pool,NULL,Black/African American,581,6,1.03,1.6117515046414363,-0.5817515046414363
131,Calhoun,Overall Pool,NULL,American Indian/Alaskan Native,581,0,0.00,0.17341630113230644,-0.17341630113230644
131,Calhoun,Overall Pool,NULL,Native Hawaiian/Pacific Islander,581,1,0.17,0,0.17
131,Calhoun,Overall Pool,NULL,Hispanic/Latino/Spanish Origins,581,0,0.00,2.713455064776089,-2.713455064776089
131,Calhoun,Overall Pool,NULL,White,581,560,96.39,91.33938590227481,5.050614097725187
131,Calhoun,Overall Pool,NULL,Asian,581,2,0.34,0.2244210955829848,0.11557890441701524
141,Carroll,Empanelment,Juror,White,18,15,83.33,91.92968825871614,-8.599688258716142
141,Carroll,Overall Pool,NULL,Hispanic/Latino/Spanish Origins,1186,2,0.17,3.4961639312421093,-3.3261639312421094
141,Carroll,Overall Pool,NULL,Black/African American,1186,9,0.76,0.6749538700592406,0.08504612994075944
141,Carroll,Empanelment,Alternate,White,2,2,100.00,91.92968825871614,8.07031174128386
141,Carroll,Empanelment,Peremptory Strike (Defendant/Respondent),White,9,9,100.00,91.92968825871614,8.07031174128386
141,Carroll,Overall Pool,NULL,American Indian/Alaskan Native,1186,1,0.08,0.10682723123239778,-0.026827231232397775
141,Carroll,Empanelment,Not Used,White,25,24,96.00,91.92968825871614,4.070311741283859
141,Carroll,Empanelment,Peremptory Strike (Plaintiff/Petitioner),White,9,9,100.00,91.92968825871614,8.07031174128386
141,Carroll,Criminal Panel,NULL,Native Hawaiian/Pacific Islander,63,0,0.00,0,0
141,Carroll,Overall Pool,NULL,Asian,1186,6,0.51,0.18937554627561426,0.32062445372438575
141,Carroll,Overall Pool,NULL,Native Hawaiian/Pacific Islander,1186,0,0.00,0,0
141,Carroll,Empanelment,Juror,Black/African American,18,1,5.56,0.6749538700592406,4.8850461299407595
141,Carroll,Empanelment,Alternate,Black/African American,2,0,0.00,0.6749538700592406,-0.6749538700592406
141,Carroll,Empanelment,Juror,Asian,18,0,0.00,0.18937554627561426,-0.18937554627561426
141,Carroll,Empanelment,Alternate,Asian,2,0,0.00,0.18937554627561426,-0.18937554627561426
141,Carroll,Empanelment,Peremptory Strike (Defendant/Respondent),Asian,9,0,0.00,0.18937554627561426,-0.18937554627561426
141,Carroll,Empanelment,Not Used,Asian,25,0,0.00,0.18937554627561426,-0.18937554627561426
141,Carroll,Empanelment,Peremptory Strike (Plaintiff/Petitioner),Asian,9,0,0.00,0.18937554627561426,-0.18937554627561426
141,Carroll,Criminal Panel,NULL,American Indian/Alaskan Native,63,0,0.00,0.10682723123239778,-0.10682723123239778
141,Carroll,Empanelment,Juror,Hispanic/Latino/Spanish Origins,18,0,0.00,3.4961639312421093,-3.4961639312421093
141,Carroll,Criminal Panel,NULL,White,63,59,93.65,91.92968825871614,1.720311741283865
141,Carroll,Empanelment,Peremptory Strike (Defendant/Respondent),Black/African American,9,0,0.00,0.6749538700592406,-0.6749538700592406
141,Carroll,Empanelment,Not Used,Black/African American,25,0,0.00,0.6749538700592406,-0.6749538700592406
141,Carroll,Empanelment,Peremptory Strike (Plaintiff/Petitioner),Black/African American,9,0,0.00,0.6749538700592406,-0.6749538700592406
141,Carroll,Empanelment,Juror,Native Hawaiian/Pacific Islander,18,0,0.00,0,0
141,Carroll,Empanelment,Alternate,Native Hawaiian/Pacific Islander,2,0,0.00,0,0
141,Carroll,Empanelment,Alternate,Hispanic/Latino/Spanish Origins,2,0,0.00,3.4961639312421093,-3.4961639312421093
141,Carroll,Empanelment,Peremptory Strike (Defendant/Respondent),Hispanic/Latino/Spanish Origins,9,0,0.00,3.4961639312421093,-3.4961639312421093
141,Carroll,Empanelment,Not Used,Hispanic/Latino/Spanish Origins,25,0,0.00,3.4961639312421093,-3.4961639312421093
141,Carroll,Empanelment,Peremptory Strike (Plaintiff/Petitioner),Hispanic/Latino/Spanish Origins,9,0,0.00,3.4961639312421093,-3.4961639312421093
141,Carroll,Criminal Panel,NULL,Black/African American,63,1,1.59,0.6749538700592406,0.9150461299407595
141,Carroll,Empanelment,Peremptory Strike (Defendant/Respondent),Native Hawaiian/Pacific Islander,9,0,0.00,0,0
141,Carroll,Empanelment,Not Used,Native Hawaiian/Pacific Islander,25,0,0.00,0,0
141,Carroll,Overall Pool,NULL,White,1186,1150,96.96,91.92968825871614,5.030311741283853
141,Carroll,Empanelment,Juror,American Indian/Alaskan Native,18,0,0.00,0.10682723123239778,-0.10682723123239778
141,Carroll,Empanelment,Alternate,American Indian/Alaskan Native,2,0,0.00,0.10682723123239778,-0.10682723123239778
141,Carroll,Empanelment,Peremptory Strike (Defendant/Respondent),American Indian/Alaskan Native,9,0,0.00,0.10682723123239778,-0.10682723123239778
141,Carroll,Empanelment,Not Used,American Indian/Alaskan Native,25,0,0.00,0.10682723123239778,-0.10682723123239778
141,Carroll,Empanelment,Peremptory Strike (Plaintiff/Petitioner),American Indian/Alaskan Native,9,0,0.00,0.10682723123239778,-0.10682723123239778
141,Carroll,Criminal Panel,NULL,Asian,63,0,0.00,0.18937554627561426,-0.18937554627561426
141,Carroll,Criminal Panel,NULL,Hispanic/Latino/Spanish Origins,63,0,0.00,3.4961639312421093,-3.4961639312421093
141,Carroll,Empanelment,Peremptory Strike (Plaintiff/Petitioner),Native Hawaiian/Pacific Islander,9,0,0.00,0,0
151,Cass,Overall Pool,NULL,Asian,1723,7,0.41,0.5192425167990227,-0.1092425167990227
151,Cass,Overall Pool,NULL,American Indian/Alaskan Native,1723,8,0.46,0.32834453268173486,0.13165546731826516
151,Cass,Overall Pool,NULL,Native Hawaiian/Pacific Islander,1723,4,0.23,0.4123396456933414,-0.1823396456933414
151,Cass,Overall Pool,NULL,Black/African American,1723,6,0.35,0.9010384850335981,-0.5510384850335981
151,Cass,Overall Pool,NULL,Hispanic/Latino/Spanish Origins,1723,1,0.06,2.7260232131948685,-2.6660232131948685
151,Cass,Overall Pool,NULL,White,1723,1669,96.87,93.49419670128285,3.375803298717159
161,Cedar,Empanelment,No Result,Hispanic/Latino/Spanish Origins,47,0,0.00,2.76309335658619,-2.76309335658619
161,Cedar,Criminal Panel,NULL,White,47,46,97.87,93.16584010027795,4.7041598997220575
161,Cedar,Overall Pool,NULL,Black/African American,2509,17,0.68,0.43054117390593494,0.2494588260940651
161,Cedar,Empanelment,No Result,Black/African American,47,0,0.00,0.43054117390593494,-0.43054117390593494
161,Cedar,Empanelment,No Result,White,47,46,97.87,93.16584010027795,4.7041598997220575
161,Cedar,Criminal Panel,NULL,American Indian/Alaskan Native,47,0,0.00,0.0708485476047741,-0.0708485476047741
161,Cedar,Overall Pool,NULL,Native Hawaiian/Pacific Islander,2509,2,0.08,0.05449888277290315,0.025501117227096852
161,Cedar,Criminal Panel,NULL,Hispanic/Latino/Spanish Origins,47,0,0.00,2.76309335658619,-2.76309335658619
161,Cedar,Criminal Panel,NULL,Native Hawaiian/Pacific Islander,47,0,0.00,0.05449888277290315,-0.05449888277290315
161,Cedar,Overall Pool,NULL,American Indian/Alaskan Native,2509,9,0.36,0.0708485476047741,0.2891514523952259
161,Cedar,Criminal Panel,NULL,Black/African American,47,0,0.00,0.43054117390593494,-0.43054117390593494
161,Cedar,Overall Pool,NULL,White,2509,2422,96.53,93.16584010027795,3.364159899722054
161,Cedar,Empanelment,No Result,Native Hawaiian/Pacific Islander,47,0,0.00,0.05449888277290315,-0.05449888277290315
161,Cedar,Overall Pool,NULL,Hispanic/Latino/Spanish Origins,2509,2,0.08,2.76309335658619,-2.68309335658619
161,Cedar,Overall Pool,NULL,Asian,2509,12,0.48,0.5231892746198703,-0.04318927461987032
161,Cedar,Empanelment,No Result,American Indian/Alaskan Native,47,0,0.00,0.0708485476047741,-0.0708485476047741
161,Cedar,Criminal Panel,NULL,Asian,47,1,2.13,0.5231892746198703,1.6068107253801296
161,Cedar,Empanelment,No Result,Asian,47,1,2.13,0.5231892746198703,1.6068107253801296
171,Cerro Gordo,Empanelment,Court,Asian,24,0,0.00,1.1704822668418091,-1.1704822668418091
171,Cerro Gordo,Empanelment,Alternate,Asian,8,0,0.00,1.1704822668418091,-1.1704822668418091
171,Cerro Gordo,Empanelment,Peremptory Strike (Defendant/Respondent),Asian,34,0,0.00,1.1704822668418091,-1.1704822668418091
171,Cerro Gordo,Empanelment,Peremptory Strike (Plaintiff/Petitioner),Asian,34,0,0.00,1.1704822668418091,-1.1704822668418091
171,Cerro Gordo,Empanelment,Alternate,American Indian/Alaskan Native,8,0,0.00,0.18061550009382624,-0.18061550009382624
171,Cerro Gordo,Empanelment,Court,American Indian/Alaskan Native,24,0,0.00,0.18061550009382624,-0.18061550009382624
171,Cerro Gordo,Empanelment,Juror,Hispanic/Latino/Spanish Origins,72,0,0.00,5.622537061362357,-5.622537061362357
171,Cerro Gordo,Empanelment,Not Used,Hispanic/Latino/Spanish Origins,150,0,0.00,5.622537061362357,-5.622537061362357
171,Cerro Gordo,Empanelment,No Result,Hispanic/Latino/Spanish Origins,44,0,0.00,5.622537061362357,-5.622537061362357
171,Cerro Gordo,Empanelment,Court,Hispanic/Latino/Spanish Origins,24,0,0.00,5.622537061362357,-5.622537061362357
171,Cerro Gordo,Empanelment,Alternate,Hispanic/Latino/Spanish Origins,8,0,0.00,5.622537061362357,-5.622537061362357
171,Cerro Gordo,Empanelment,Peremptory Strike (Defendant/Respondent),Hispanic/Latino/Spanish Origins,34,0,0.00,5.622537061362357,-5.622537061362357
171,Cerro Gordo,Empanelment,Juror,Black/African American,72,0,0.00,2.3151623193844997,-2.3151623193844997
171,Cerro Gordo,Empanelment,Not Used,Black/African American,150,3,2.00,2.3151623193844997,-0.3151623193844997
171,Cerro Gordo,Empanelment,No Result,Black/African American,44,0,0.00,2.3151623193844997,-2.3151623193844997
171,Cerro Gordo,Empanelment,Court,Black/African American,24,0,0.00,2.3151623193844997,-2.3151623193844997
171,Cerro Gordo,Empanelment,Alternate,Black/African American,8,0,0.00,2.3151623193844997,-2.3151623193844997
171,Cerro Gordo,Empanelment,Peremptory Strike (Defendant/Respondent),Black/African American,34,0,0.00,2.3151623193844997,-2.3151623193844997
171,Cerro Gordo,Empanelment,Peremptory Strike (Plaintiff/Petitioner),Black/African American,34,1,2.94,2.3151623193844997,0.6248376806155003
171,Cerro Gordo,Empanelment,Challenged For Cause (Plaintiff/Petitioner),Black/African American,14,0,0.00,2.3151623193844997,-2.3151623193844997
171,Cerro Gordo,Empanelment,Challenged For Cause (Defendant/Respondent),Black/African American,1,0,0.00,2.3151623193844997,-2.3151623193844997
171,Cerro Gordo,Empanelment,No Result,American Indian/Alaskan Native,44,0,0.00,0.18061550009382624,-0.18061550009382624
171,Cerro Gordo,Empanelment,Peremptory Strike (Plaintiff/Petitioner),Hispanic/Latino/Spanish Origins,34,0,0.00,5.622537061362357,-5.622537061362357
171,Cerro Gordo,Empanelment,Not Used,American Indian/Alaskan Native,150,0,0.00,0.18061550009382624,-0.18061550009382624
171,Cerro Gordo,Empanelment,Challenged For Cause (Plaintiff/Petitioner),Asian,14,0,0.00,1.1704822668418091,-1.1704822668418091
171,Cerro Gordo,Empanelment,Challenged For Cause (Defendant/Respondent),Asian,1,0,0.00,1.1704822668418091,-1.1704822668418091
171,Cerro Gordo,Empanelment,Juror,White,72,71,98.61,88.2412272471383,10.368772752861702
171,Cerro Gordo,Empanelment,Not Used,White,150,140,93.33,88.2412272471383,5.088772752861701
171,Cerro Gordo,Empanelment,Court,White,24,20,83.33,88.2412272471383,-4.911227247138299
171,Cerro Gordo,Empanelment,Alternate,White,8,8,100.00,88.2412272471383,11.758772752861702
171,Cerro Gordo,Empanelment,Peremptory Strike (Defendant/Respondent),White,34,33,97.06,88.2412272471383,8.818772752861705
171,Cerro Gordo,Empanelment,Peremptory Strike (Plaintiff/Petitioner),White,34,32,94.12,88.2412272471383,5.878772752861707
171,Cerro Gordo,Criminal Panel,NULL,Native Hawaiian/Pacific Islander,379,0,0.00,0.6262901107149559,-0.6262901107149559
171,Cerro Gordo,Overall Pool,NULL,Black/African American,2820,43,1.52,2.3151623193844997,-0.7951623193844997
171,Cerro Gordo,Overall Pool,NULL,White,2820,2652,94.04,88.2412272471383,5.798772752861709
171,Cerro Gordo,Empanelment,No Result,White,44,41,93.18,88.2412272471383,4.938772752861709
171,Cerro Gordo,Empanelment,Challenged For Cause (Plaintiff/Petitioner),Hispanic/Latino/Spanish Origins,14,0,0.00,5.622537061362357,-5.622537061362357
171,Cerro Gordo,Criminal Panel,NULL,Asian,379,3,0.79,1.1704822668418091,-0.3804822668418091
171,Cerro Gordo,Empanelment,Challenged For Cause (Defendant/Respondent),Native Hawaiian/Pacific Islander,1,0,0.00,0.6262901107149559,-0.6262901107149559
171,Cerro Gordo,Empanelment,Challenged For Cause (Plaintiff/Petitioner),Native Hawaiian/Pacific Islander,14,0,0.00,0.6262901107149559,-0.6262901107149559
171,Cerro Gordo,Overall Pool,NULL,Native Hawaiian/Pacific Islander,2820,10,0.35,0.6262901107149559,-0.2762901107149559
171,Cerro Gordo,Empanelment,Challenged For Cause (Defendant/Respondent),Hispanic/Latino/Spanish Origins,1,0,0.00,5.622537061362357,-5.622537061362357
171,Cerro Gordo,Empanelment,Peremptory Strike (Plaintiff/Petitioner),Native Hawaiian/Pacific Islander,34,0,0.00,0.6262901107149559,-0.6262901107149559
171,Cerro Gordo,Empanelment,Challenged For Cause (Defendant/Respondent),American Indian/Alaskan Native,1,0,0.00,0.18061550009382624,-0.18061550009382624
171,Cerro Gordo,Empanelment,Juror,Native Hawaiian/Pacific Islander,72,0,0.00,0.6262901107149559,-0.6262901107149559
171,Cerro Gordo,Empanelment,Peremptory Strike (Defendant/Respondent),Native Hawaiian/Pacific Islander,34,0,0.00,0.6262901107149559,-0.6262901107149559
171,Cerro Gordo,Empanelment,Challenged For Cause (Plaintiff/Petitioner),American Indian/Alaskan Native,14,0,0.00,0.18061550009382624,-0.18061550009382624
171,Cerro Gordo,Overall Pool,NULL,American Indian/Alaskan Native,2820,6,0.21,0.18061550009382624,0.029384499906173756
171,Cerro Gordo,Empanelment,Alternate,Native Hawaiian/Pacific Islander,8,0,0.00,0.6262901107149559,-0.6262901107149559
171,Cerro Gordo,Criminal Panel,NULL,White,379,359,94.72,88.2412272471383,6.478772752861701
171,Cerro Gordo,Empanelment,Peremptory Strike (Plaintiff/Petitioner),American Indian/Alaskan Native,34,0,0.00,0.18061550009382624,-0.18061550009382624
171,Cerro Gordo,Empanelment,Court,Native Hawaiian/Pacific Islander,24,0,0.00,0.6262901107149559,-0.6262901107149559
171,Cerro Gordo,Empanelment,No Result,Native Hawaiian/Pacific Islander,44,0,0.00,0.6262901107149559,-0.6262901107149559
171,Cerro Gordo,Empanelment,Not Used,Native Hawaiian/Pacific Islander,150,0,0.00,0.6262901107149559,-0.6262901107149559
171,Cerro Gordo,Empanelment,Peremptory Strike (Defendant/Respondent),American Indian/Alaskan Native,34,0,0.00,0.18061550009382624,-0.18061550009382624
171,Cerro Gordo,Overall Pool,NULL,Asian,2820,27,0.96,1.1704822668418091,-0.21048226684180915
171,Cerro Gordo,Empanelment,Juror,Asian,72,0,0.00,1.1704822668418091,-1.1704822668418091
171,Cerro Gordo,Empanelment,Not Used,Asian,150,3,2.00,1.1704822668418091,0.8295177331581909
171,Cerro Gordo,Empanelment,No Result,Asian,44,0,0.00,1.1704822668418091,-1.1704822668418091
171,Cerro Gordo,Criminal Panel,NULL,Black/African American,379,4,1.06,2.3151623193844997,-1.2551623193844996
171,Cerro Gordo,Criminal Panel,NULL,American Indian/Alaskan Native,379,1,0.26,0.18061550009382624,0.07938449990617377
171,Cerro Gordo,Empanelment,Challenged For Cause (Plaintiff/Petitioner),White,14,13,92.86,88.2412272471383,4.618772752861702
171,Cerro Gordo,Overall Pool,NULL,Hispanic/Latino/Spanish Origins,2820,6,0.21,5.622537061362357,-5.412537061362357
171,Cerro Gordo,Empanelment,Juror,American Indian/Alaskan Native,72,0,0.00,0.18061550009382624,-0.18061550009382624
171,Cerro Gordo,Empanelment,Challenged For Cause (Defendant/Respondent),White,1,1,100.00,88.2412272471383,11.758772752861702
171,Cerro Gordo,Criminal Panel,NULL,Hispanic/Latino/Spanish Origins,379,0,0.00,5.622537061362357,-5.622537061362357
181,Cherokee,Overall Pool,NULL,Black/African American,964,9,0.93,1.7413793103448274,-0.8113793103448274
181,Cherokee,Overall Pool,NULL,Asian,964,3,0.31,0.3706896551724138,-0.060689655172413814
181,Cherokee,Overall Pool,NULL,White,964,930,96.47,88.62068965517241,7.849310344827586
181,Cherokee,Overall Pool,NULL,Native Hawaiian/Pacific Islander,964,0,0.00,0,0
181,Cherokee,Overall Pool,NULL,American Indian/Alaskan Native,964,1,0.10,0,0.1
181,Cherokee,Overall Pool,NULL,Hispanic/Latino/Spanish Origins,964,0,0.00,5.3534482758620685,-5.3534482758620685
191,Chickasaw,Empanelment,Not Used,Hispanic/Latino/Spanish Origins,17,0,0.00,4.615905818582197,-4.615905818582197
191,Chickasaw,Empanelment,Challenged For Cause (Defendant/Respondent),Hispanic/Latino/Spanish Origins,2,0,0.00,4.615905818582197,-4.615905818582197
191,Chickasaw,Empanelment,Court,Hispanic/Latino/Spanish Origins,1,0,0.00,4.615905818582197,-4.615905818582197
191,Chickasaw,Empanelment,Peremptory Strike (Plaintiff/Petitioner),Hispanic/Latino/Spanish Origins,4,0,0.00,4.615905818582197,-4.615905818582197
191,Chickasaw,Overall Pool,NULL,Native Hawaiian/Pacific Islander,1038,2,0.19,0.01693910392140256,0.17306089607859745
191,Chickasaw,Empanelment,Not Used,Asian,17,0,0.00,0.01693910392140256,-0.01693910392140256
191,Chickasaw,Empanelment,Challenged For Cause (Defendant/Respondent),Asian,2,0,0.00,0.01693910392140256,-0.01693910392140256
191,Chickasaw,Empanelment,Court,Asian,1,0,0.00,0.01693910392140256,-0.01693910392140256
191,Chickasaw,Empanelment,Peremptory Strike (Plaintiff/Petitioner),Asian,4,0,0.00,0.01693910392140256,-0.01693910392140256
191,Chickasaw,Empanelment,Juror,Black/African American,12,0,0.00,0.5420513254848819,-0.5420513254848819
191,Chickasaw,Empanelment,Peremptory Strike (Defendant/Respondent),Black/African American,4,0,0.00,0.5420513254848819,-0.5420513254848819
191,Chickasaw,Empanelment,Not Used,Black/African American,17,0,0.00,0.5420513254848819,-0.5420513254848819
191,Chickasaw,Empanelment,Challenged For Cause (Defendant/Respondent),Black/African American,2,0,0.00,0.5420513254848819,-0.5420513254848819
191,Chickasaw,Empanelment,Court,Black/African American,1,0,0.00,0.5420513254848819,-0.5420513254848819
191,Chickasaw,Empanelment,Peremptory Strike (Plaintiff/Petitioner),Black/African American,4,0,0.00,0.5420513254848819,-0.5420513254848819
191,Chickasaw,Empanelment,Juror,White,12,12,100.00,92.57220293046498,7.427797069535018
191,Chickasaw,Empanelment,Peremptory Strike (Defendant/Respondent),White,4,4,100.00,92.57220293046498,7.427797069535018
191,Chickasaw,Empanelment,Not Used,White,17,17,100.00,92.57220293046498,7.427797069535018
191,Chickasaw,Overall Pool,NULL,White,1038,1005,96.82,92.57220293046498,4.247797069535011
191,Chickasaw,Criminal Panel,NULL,Native Hawaiian/Pacific Islander,40,0,0.00,0.01693910392140256,-0.01693910392140256
191,Chickasaw,Empanelment,Peremptory Strike (Defendant/Respondent),Hispanic/Latino/Spanish Origins,4,0,0.00,4.615905818582197,-4.615905818582197
191,Chickasaw,Criminal Panel,NULL,American Indian/Alaskan Native,40,0,0.00,0.3895993901922588,-0.3895993901922588
191,Chickasaw,Empanelment,Juror,Native Hawaiian/Pacific Islander,12,0,0.00,0.01693910392140256,-0.01693910392140256
191,Chickasaw,Empanelment,Peremptory Strike (Defendant/Respondent),Native Hawaiian/Pacific Islander,4,0,0.00,0.01693910392140256,-0.01693910392140256
191,Chickasaw,Empanelment,Not Used,Native Hawaiian/Pacific Islander,17,0,0.00,0.01693910392140256,-0.01693910392140256
191,Chickasaw,Empanelment,Challenged For Cause (Defendant/Respondent),Native Hawaiian/Pacific Islander,2,0,0.00,0.01693910392140256,-0.01693910392140256
191,Chickasaw,Empanelment,Court,Native Hawaiian/Pacific Islander,1,0,0.00,0.01693910392140256,-0.01693910392140256
191,Chickasaw,Empanelment,Peremptory Strike (Plaintiff/Petitioner),Native Hawaiian/Pacific Islander,4,0,0.00,0.01693910392140256,-0.01693910392140256
191,Chickasaw,Overall Pool,NULL,American Indian/Alaskan Native,1038,2,0.19,0.3895993901922588,-0.1995993901922588
191,Chickasaw,Criminal Panel,NULL,White,40,40,100.00,92.57220293046498,7.427797069535018
191,Chickasaw,Criminal Panel,NULL,Asian,40,0,0.00,0.01693910392140256,-0.01693910392140256
191,Chickasaw,Empanelment,Juror,Hispanic/Latino/Spanish Origins,12,0,0.00,4.615905818582197,-4.615905818582197
191,Chickasaw,Empanelment,Challenged For Cause (Defendant/Respondent),White,2,2,100.00,92.57220293046498,7.427797069535018
191,Chickasaw,Empanelment,Court,White,1,1,100.00,92.57220293046498,7.427797069535018
191,Chickasaw,Empanelment,Juror,American Indian/Alaskan Native,12,0,0.00,0.3895993901922588,-0.3895993901922588
191,Chickasaw,Empanelment,Peremptory Strike (Defendant/Respondent),American Indian/Alaskan Native,4,0,0.00,0.3895993901922588,-0.3895993901922588
191,Chickasaw,Empanelment,Not Used,American Indian/Alaskan Native,17,0,0.00,0.3895993901922588,-0.3895993901922588
191,Chickasaw,Empanelment,Challenged For Cause (Defendant/Respondent),American Indian/Alaskan Native,2,0,0.00,0.3895993901922588,-0.3895993901922588
191,Chickasaw,Empanelment,Court,American Indian/Alaskan Native,1,0,0.00,0.3895993901922588,-0.3895993901922588
191,Chickasaw,Empanelment,Peremptory Strike (Plaintiff/Petitioner),American Indian/Alaskan Native,4,0,0.00,0.3895993901922588,-0.3895993901922588
191,Chickasaw,Overall Pool,NULL,Hispanic/Latino/Spanish Origins,1038,4,0.39,4.615905818582197,-4.225905818582198
191,Chickasaw,Criminal Panel,NULL,Black/African American,40,0,0.00,0.5420513254848819,-0.5420513254848819
191,Chickasaw,Criminal Panel,NULL,Hispanic/Latino/Spanish Origins,40,0,0.00,4.615905818582197,-4.615905818582197
191,Chickasaw,Empanelment,Peremptory Strike (Plaintiff/Petitioner),White,4,4,100.00,92.57220293046498,7.427797069535018
191,Chickasaw,Overall Pool,NULL,Black/African American,1038,5,0.48,0.5420513254848819,-0.0620513254848819
191,Chickasaw,Empanelment,Juror,Asian,12,0,0.00,0.01693910392140256,-0.01693910392140256
191,Chickasaw,Empanelment,Peremptory Strike (Defendant/Respondent),Asian,4,0,0.00,0.01693910392140256,-0.01693910392140256
191,Chickasaw,Overall Pool,NULL,Asian,1038,2,0.19,0.01693910392140256,0.17306089607859745
201,Clarke,Empanelment,Juror,Hispanic/Latino/Spanish Origins,35,0,0.00,16.808114262057543,-16.808114262057543
201,Clarke,Empanelment,Alternate,Hispanic/Latino/Spanish Origins,3,0,0.00,16.808114262057543,-16.808114262057543
201,Clarke,Empanelment,Not Used,Hispanic/Latino/Spanish Origins,90,0,0.00,16.808114262057543,-16.808114262057543
201,Clarke,Empanelment,Not Used,Native Hawaiian/Pacific Islander,90,0,0.00,0,0
201,Clarke,Empanelment,Not Used,White,90,86,95.56,77.49948250879734,18.06051749120266
201,Clarke,Empanelment,Not Used,American Indian/Alaskan Native,90,0,0.00,1.0039329331401365,-1.0039329331401365
201,Clarke,Empanelment,Alternate,American Indian/Alaskan Native,3,0,0.00,1.0039329331401365,-1.0039329331401365
201,Clarke,Empanelment,Juror,American Indian/Alaskan Native,35,0,0.00,1.0039329331401365,-1.0039329331401365
201,Clarke,Empanelment,Peremptory Strike (Defendant/Respondent),American Indian/Alaskan Native,15,0,0.00,1.0039329331401365,-1.0039329331401365
201,Clarke,Empanelment,Court,American Indian/Alaskan Native,13,0,0.00,1.0039329331401365,-1.0039329331401365
201,Clarke,Empanelment,Peremptory Strike (Plaintiff/Petitioner),American Indian/Alaskan Native,13,0,0.00,1.0039329331401365,-1.0039329331401365
201,Clarke,Empanelment,Not Used,Black/African American,90,0,0.00,0.05174912026495549,-0.05174912026495549
201,Clarke,Empanelment,Peremptory Strike (Defendant/Respondent),White,15,14,93.33,77.49948250879734,15.830517491202656
201,Clarke,Overall Pool,NULL,American Indian/Alaskan Native,794,5,0.63,1.0039329331401365,-0.37393293314013654
201,Clarke,Criminal Panel,NULL,American Indian/Alaskan Native,169,2,1.18,1.0039329331401365,0.1760670668598634
201,Clarke,Criminal Panel,NULL,Black/African American,169,0,0.00,0.05174912026495549,-0.05174912026495549
201,Clarke,Criminal Panel,NULL,Native Hawaiian/Pacific Islander,169,0,0.00,0,0
201,Clarke,Overall Pool,NULL,White,794,700,88.16,77.49948250879734,10.660517491202654
201,Clarke,Empanelment,Peremptory Strike (Plaintiff/Petitioner),White,13,12,92.31,77.49948250879734,14.81051749120266
201,Clarke,Empanelment,Peremptory Strike (Plaintiff/Petitioner),Black/African American,13,0,0.00,0.05174912026495549,-0.05174912026495549
201,Clarke,Empanelment,Court,Black/African American,13,0,0.00,0.05174912026495549,-0.05174912026495549
201,Clarke,Overall Pool,NULL,Native Hawaiian/Pacific Islander,794,3,0.38,0,0.38
201,Clarke,Empanelment,Court,White,13,13,100.00,77.49948250879734,22.500517491202658
201,Clarke,Criminal Panel,NULL,Hispanic/Latino/Spanish Origins,169,0,0.00,16.808114262057543,-16.808114262057543
201,Clarke,Overall Pool,NULL,Hispanic/Latino/Spanish Origins,794,21,2.64,16.808114262057543,-14.168114262057543
201,Clarke,Overall Pool,NULL,Black/African American,794,7,0.88,0.05174912026495549,0.8282508797350445
201,Clarke,Empanelment,Peremptory Strike (Defendant/Respondent),Black/African American,15,0,0.00,0.05174912026495549,-0.05174912026495549
201,Clarke,Empanelment,Alternate,White,3,2,66.67,77.49948250879734,-10.82948250879734
201,Clarke,Empanelment,Juror,White,35,35,100.00,77.49948250879734,22.500517491202658
201,Clarke,Empanelment,Not Used,Asian,90,0,0.00,0.5588904988615193,-0.5588904988615193
201,Clarke,Empanelment,Alternate,Asian,3,0,0.00,0.5588904988615193,-0.5588904988615193
201,Clarke,Empanelment,Juror,Asian,35,0,0.00,0.5588904988615193,-0.5588904988615193
201,Clarke,Empanelment,Peremptory Strike (Defendant/Respondent),Asian,15,0,0.00,0.5588904988615193,-0.5588904988615193
201,Clarke,Empanelment,Court,Asian,13,0,0.00,0.5588904988615193,-0.5588904988615193
201,Clarke,Empanelment,Peremptory Strike (Plaintiff/Petitioner),Asian,13,0,0.00,0.5588904988615193,-0.5588904988615193
201,Clarke,Overall Pool,NULL,Asian,794,7,0.88,0.5588904988615193,0.3211095011384807
201,Clarke,Criminal Panel,NULL,White,169,162,95.86,77.49948250879734,18.360517491202657
201,Clarke,Criminal Panel,NULL,Asian,169,0,0.00,0.5588904988615193,-0.5588904988615193
201,Clarke,Empanelment,Peremptory Strike (Plaintiff/Petitioner),Native Hawaiian/Pacific Islander,13,0,0.00,0,0
201,Clarke,Empanelment,Court,Native Hawaiian/Pacific Islander,13,0,0.00,0,0
201,Clarke,Empanelment,Juror,Black/African American,35,0,0.00,0.05174912026495549,-0.05174912026495549
201,Clarke,Empanelment,Peremptory Strike (Defendant/Respondent),Native Hawaiian/Pacific Islander,15,0,0.00,0,0
201,Clarke,Empanelment,Juror,Native Hawaiian/Pacific Islander,35,0,0.00,0,0
201,Clarke,Empanelment,Alternate,Native Hawaiian/Pacific Islander,3,0,0.00,0,0
201,Clarke,Empanelment,Alternate,Black/African American,3,0,0.00,0.05174912026495549,-0.05174912026495549
201,Clarke,Empanelment,Peremptory Strike (Plaintiff/Petitioner),Hispanic/Latino/Spanish Origins,13,0,0.00,16.808114262057543,-16.808114262057543
201,Clarke,Empanelment,Court,Hispanic/Latino/Spanish Origins,13,0,0.00,16.808114262057543,-16.808114262057543
201,Clarke,Empanelment,Peremptory Strike (Defendant/Respondent),Hispanic/Latino/Spanish Origins,15,0,0.00,16.808114262057543,-16.808114262057543
211,Clay,Empanelment,Peremptory Strike (Defendant/Respondent),White,20,20,100.00,91.0880262438491,8.9119737561509
211,Clay,Overall Pool,NULL,Black/African American,1688,10,0.59,0.2733734281027884,0.31662657189721155
211,Clay,Empanelment,Challenged For Cause (Plaintiff/Petitioner),Black/African American,12,0,0.00,0.2733734281027884,-0.2733734281027884
211,Clay,Empanelment,Peremptory Strike (Plaintiff/Petitioner),Hispanic/Latino/Spanish Origins,20,0,0.00,4.744547718850617,-4.744547718850617
211,Clay,Empanelment,Not Used,Black/African American,106,1,0.94,0.2733734281027884,0.6666265718972115
211,Clay,Empanelment,Challenged For Cause (Plaintiff/Petitioner),White,12,12,100.00,91.0880262438491,8.9119737561509
211,Clay,Empanelment,Peremptory Strike (Defendant/Respondent),Asian,20,0,0.00,0.7532956685499058,-0.7532956685499058
211,Clay,Empanelment,Peremptory Strike (Plaintiff/Petitioner),Native Hawaiian/Pacific Islander,20,0,0.00,0,0
211,Clay,Overall Pool,NULL,Hispanic/Latino/Spanish Origins,1688,0,0.00,4.744547718850617,-4.744547718850617
211,Clay,Empanelment,Challenged For Cause (Defendant/Respondent),Native Hawaiian/Pacific Islander,7,0,0.00,0,0
211,Clay,Empanelment,Peremptory Strike (Defendant/Respondent),Native Hawaiian/Pacific Islander,20,0,0.00,0,0
211,Clay,Criminal Panel,NULL,Black/African American,193,1,0.52,0.2733734281027884,0.2466265718972116
211,Clay,Empanelment,Challenged For Cause (Plaintiff/Petitioner),Hispanic/Latino/Spanish Origins,12,0,0.00,4.744547718850617,-4.744547718850617
211,Clay,Empanelment,Not Used,Hispanic/Latino/Spanish Origins,106,0,0.00,4.744547718850617,-4.744547718850617
211,Clay,Empanelment,Challenged For Cause (Defendant/Respondent),Hispanic/Latino/Spanish Origins,7,0,0.00,4.744547718850617,-4.744547718850617
211,Clay,Overall Pool,NULL,White,1688,1615,95.68,91.0880262438491,4.591973756150907
211,Clay,Empanelment,Juror,Asian,28,0,0.00,0.7532956685499058,-0.7532956685499058
211,Clay,Empanelment,Juror,Hispanic/Latino/Spanish Origins,28,0,0.00,4.744547718850617,-4.744547718850617
211,Clay,Empanelment,Challenged For Cause (Defendant/Respondent),White,7,7,100.00,91.0880262438491,8.9119737561509
211,Clay,Empanelment,Not Used,White,106,101,95.28,91.0880262438491,4.191973756150901
211,Clay,Empanelment,Peremptory Strike (Defendant/Respondent),Hispanic/Latino/Spanish Origins,20,0,0.00,4.744547718850617,-4.744547718850617
211,Clay,Criminal Panel,NULL,American Indian/Alaskan Native,193,1,0.52,0.15794909179272218,0.3620509082072778
211,Clay,Empanelment,Peremptory Strike (Plaintiff/Petitioner),Asian,20,1,5.00,0.7532956685499058,4.246704331450094
211,Clay,Empanelment,Juror,Black/African American,28,0,0.00,0.2733734281027884,-0.2733734281027884
211,Clay,Criminal Panel,NULL,Asian,193,2,1.04,0.7532956685499058,0.2867043314500942
211,Clay,Empanelment,Juror,Native Hawaiian/Pacific Islander,28,0,0.00,0,0
211,Clay,Empanelment,Challenged For Cause (Defendant/Respondent),American Indian/Alaskan Native,7,0,0.00,0.15794909179272218,-0.15794909179272218
211,Clay,Empanelment,Not Used,American Indian/Alaskan Native,106,0,0.00,0.15794909179272218,-0.15794909179272218
211,Clay,Empanelment,Challenged For Cause (Plaintiff/Petitioner),American Indian/Alaskan Native,12,0,0.00,0.15794909179272218,-0.15794909179272218
211,Clay,Empanelment,Peremptory Strike (Defendant/Respondent),American Indian/Alaskan Native,20,0,0.00,0.15794909179272218,-0.15794909179272218
211,Clay,Empanelment,Juror,American Indian/Alaskan Native,28,0,0.00,0.15794909179272218,-0.15794909179272218
211,Clay,Empanelment,Peremptory Strike (Plaintiff/Petitioner),American Indian/Alaskan Native,20,0,0.00,0.15794909179272218,-0.15794909179272218
211,Clay,Empanelment,Challenged For Cause (Plaintiff/Petitioner),Asian,12,0,0.00,0.7532956685499058,-0.7532956685499058
211,Clay,Empanelment,Challenged For Cause (Defendant/Respondent),Asian,7,0,0.00,0.7532956685499058,-0.7532956685499058
211,Clay,Empanelment,Not Used,Asian,106,1,0.94,0.7532956685499058,0.18670433145009413
211,Clay,Empanelment,Challenged For Cause (Plaintiff/Petitioner),Native Hawaiian/Pacific Islander,12,0,0.00,0,0
211,Clay,Overall Pool,NULL,Native Hawaiian/Pacific Islander,1688,0,0.00,0,0
211,Clay,Empanelment,Juror,White,28,28,100.00,91.0880262438491,8.9119737561509
211,Clay,Empanelment,Peremptory Strike (Defendant/Respondent),Black/African American,20,0,0.00,0.2733734281027884,-0.2733734281027884
211,Clay,Empanelment,Peremptory Strike (Plaintiff/Petitioner),Black/African American,20,0,0.00,0.2733734281027884,-0.2733734281027884
211,Clay,Criminal Panel,NULL,White,193,186,96.37,91.0880262438491,5.281973756150904
211,Clay,Empanelment,Not Used,Native Hawaiian/Pacific Islander,106,0,0.00,0,0
211,Clay,Empanelment,Peremptory Strike (Plaintiff/Petitioner),White,20,18,90.00,91.0880262438491,-1.0880262438491002
211,Clay,Criminal Panel,NULL,Hispanic/Latino/Spanish Origins,193,0,0.00,4.744547718850617,-4.744547718850617
211,Clay,Criminal Panel,NULL,Native Hawaiian/Pacific Islander,193,0,0.00,0,0
211,Clay,Overall Pool,NULL,Asian,1688,14,0.83,0.7532956685499058,0.07670433145009414
211,Clay,Overall Pool,NULL,American Indian/Alaskan Native,1688,3,0.18,0.15794909179272218,0.022050908207277814
211,Clay,Empanelment,Challenged For Cause (Defendant/Respondent),Black/African American,7,0,0.00,0.2733734281027884,-0.2733734281027884
221,Clayton,Empanelment,Not Used,White,27,27,100.00,94.95091988479399,5.04908011520601
221,Clayton,Empanelment,Not Used,Black/African American,27,0,0.00,0.6583201081525892,-0.6583201081525892
221,Clayton,Empanelment,Peremptory Strike (Defendant/Respondent),Black/African American,11,0,0.00,0.6583201081525892,-0.6583201081525892
221,Clayton,Empanelment,Court,Black/African American,3,0,0.00,0.6583201081525892,-0.6583201081525892
221,Clayton,Empanelment,Challenged For Cause (Defendant/Respondent),Black/African American,3,0,0.00,0.6583201081525892,-0.6583201081525892
221,Clayton,Empanelment,Challenged For Cause (Plaintiff/Petitioner),Black/African American,7,0,0.00,0.6583201081525892,-0.6583201081525892
221,Clayton,Overall Pool,NULL,American Indian/Alaskan Native,972,0,0.00,0.058778581085052614,-0.058778581085052614
221,Clayton,Overall Pool,NULL,Asian,972,3,0.31,0.3291600540762946,-0.01916005407629462
221,Clayton,Empanelment,Peremptory Strike (Defendant/Respondent),Hispanic/Latino/Spanish Origins,11,0,0.00,2.3158760947510726,-2.3158760947510726
221,Clayton,Empanelment,Not Used,Hispanic/Latino/Spanish Origins,27,0,0.00,2.3158760947510726,-2.3158760947510726
221,Clayton,Overall Pool,NULL,Hispanic/Latino/Spanish Origins,972,0,0.00,2.3158760947510726,-2.3158760947510726
221,Clayton,Criminal Panel,NULL,Asian,81,0,0.00,0.3291600540762946,-0.3291600540762946
221,Clayton,Empanelment,Peremptory Strike (Plaintiff/Petitioner),Black/African American,11,0,0.00,0.6583201081525892,-0.6583201081525892
221,Clayton,Criminal Panel,NULL,Black/African American,81,0,0.00,0.6583201081525892,-0.6583201081525892
221,Clayton,Empanelment,Court,Hispanic/Latino/Spanish Origins,3,0,0.00,2.3158760947510726,-2.3158760947510726
221,Clayton,Empanelment,Peremptory Strike (Defendant/Respondent),Native Hawaiian/Pacific Islander,11,0,0.00,0,0
221,Clayton,Criminal Panel,NULL,American Indian/Alaskan Native,81,0,0.00,0.058778581085052614,-0.058778581085052614
221,Clayton,Empanelment,Juror,Black/African American,19,0,0.00,0.6583201081525892,-0.6583201081525892
221,Clayton,Criminal Panel,NULL,Native Hawaiian/Pacific Islander,81,0,0.00,0,0
221,Clayton,Empanelment,Not Used,Asian,27,0,0.00,0.3291600540762946,-0.3291600540762946
221,Clayton,Overall Pool,NULL,White,972,953,98.05,94.95091988479399,3.0990801152060072
221,Clayton,Empanelment,Juror,White,19,18,94.74,94.95091988479399,-0.21091988479399504
221,Clayton,Empanelment,Peremptory Strike (Plaintiff/Petitioner),White,11,11,100.00,94.95091988479399,5.04908011520601
221,Clayton,Empanelment,Challenged For Cause (Plaintiff/Petitioner),White,7,7,100.00,94.95091988479399,5.04908011520601
221,Clayton,Empanelment,Challenged For Cause (Defendant/Respondent),White,3,3,100.00,94.95091988479399,5.04908011520601
221,Clayton,Empanelment,Court,White,3,3,100.00,94.95091988479399,5.04908011520601
221,Clayton,Empanelment,Peremptory Strike (Defendant/Respondent),White,11,11,100.00,94.95091988479399,5.04908011520601
221,Clayton,Empanelment,Peremptory Strike (Defendant/Respondent),Asian,11,0,0.00,0.3291600540762946,-0.3291600540762946
221,Clayton,Empanelment,Court,Asian,3,0,0.00,0.3291600540762946,-0.3291600540762946
221,Clayton,Empanelment,Challenged For Cause (Defendant/Respondent),Asian,3,0,0.00,0.3291600540762946,-0.3291600540762946
221,Clayton,Empanelment,Not Used,Native Hawaiian/Pacific Islander,27,0,0.00,0,0
221,Clayton,Overall Pool,NULL,Black/African American,972,2,0.21,0.6583201081525892,-0.44832010815258927
221,Clayton,Empanelment,Challenged For Cause (Plaintiff/Petitioner),Asian,7,0,0.00,0.3291600540762946,-0.3291600540762946
221,Clayton,Empanelment,Challenged For Cause (Defendant/Respondent),Native Hawaiian/Pacific Islander,3,0,0.00,0,0
221,Clayton,Empanelment,Peremptory Strike (Plaintiff/Petitioner),Native Hawaiian/Pacific Islander,11,0,0.00,0,0
221,Clayton,Criminal Panel,NULL,White,81,80,98.77,94.95091988479399,3.819080115206006
221,Clayton,Empanelment,Peremptory Strike (Plaintiff/Petitioner),Asian,11,0,0.00,0.3291600540762946,-0.3291600540762946
221,Clayton,Overall Pool,NULL,Native Hawaiian/Pacific Islander,972,0,0.00,0,0
221,Clayton,Criminal Panel,NULL,Hispanic/Latino/Spanish Origins,81,0,0.00,2.3158760947510726,-2.3158760947510726
221,Clayton,Empanelment,Challenged For Cause (Plaintiff/Petitioner),Native Hawaiian/Pacific Islander,7,0,0.00,0,0
221,Clayton,Empanelment,Juror,Native Hawaiian/Pacific Islander,19,0,0.00,0,0
221,Clayton,Empanelment,Juror,Hispanic/Latino/Spanish Origins,19,0,0.00,2.3158760947510726,-2.3158760947510726
221,Clayton,Empanelment,Peremptory Strike (Plaintiff/Petitioner),Hispanic/Latino/Spanish Origins,11,0,0.00,2.3158760947510726,-2.3158760947510726
221,Clayton,Empanelment,Challenged For Cause (Plaintiff/Petitioner),Hispanic/Latino/Spanish Origins,7,0,0.00,2.3158760947510726,-2.3158760947510726
221,Clayton,Empanelment,Challenged For Cause (Defendant/Respondent),Hispanic/Latino/Spanish Origins,3,0,0.00,2.3158760947510726,-2.3158760947510726
221,Clayton,Empanelment,Not Used,American Indian/Alaskan Native,27,0,0.00,0.058778581085052614,-0.058778581085052614
221,Clayton,Empanelment,Peremptory Strike (Defendant/Respondent),American Indian/Alaskan Native,11,0,0.00,0.058778581085052614,-0.058778581085052614
221,Clayton,Empanelment,Court,American Indian/Alaskan Native,3,0,0.00,0.058778581085052614,-0.058778581085052614
221,Clayton,Empanelment,Challenged For Cause (Defendant/Respondent),American Indian/Alaskan Native,3,0,0.00,0.058778581085052614,-0.058778581085052614
221,Clayton,Empanelment,Challenged For Cause (Plaintiff/Petitioner),American Indian/Alaskan Native,7,0,0.00,0.058778581085052614,-0.058778581085052614
221,Clayton,Empanelment,Peremptory Strike (Plaintiff/Petitioner),American Indian/Alaskan Native,11,0,0.00,0.058778581085052614,-0.058778581085052614
221,Clayton,Empanelment,Juror,American Indian/Alaskan Native,19,0,0.00,0.058778581085052614,-0.058778581085052614
221,Clayton,Empanelment,Juror,Asian,19,0,0.00,0.3291600540762946,-0.3291600540762946
221,Clayton,Empanelment,Court,Native Hawaiian/Pacific Islander,3,0,0.00,0,0
231,Clinton,Empanelment,Challenged For Cause (Defendant/Respondent),Hispanic/Latino/Spanish Origins,5,0,0.00,3.6050834269905767,-3.6050834269905767
231,Clinton,Empanelment,Peremptory Strike (Defendant/Respondent),Hispanic/Latino/Spanish Origins,62,0,0.00,3.6050834269905767,-3.6050834269905767
231,Clinton,Empanelment,Challenged For Cause (Plaintiff/Petitioner),Hispanic/Latino/Spanish Origins,16,0,0.00,3.6050834269905767,-3.6050834269905767
231,Clinton,Empanelment,Challenged For Cause (Plaintiff/Petitioner),Native Hawaiian/Pacific Islander,16,0,0.00,0,0
231,Clinton,Empanelment,Peremptory Strike (Defendant/Respondent),Native Hawaiian/Pacific Islander,62,0,0.00,0,0
231,Clinton,Empanelment,Alternate,Native Hawaiian/Pacific Islander,10,0,0.00,0,0
231,Clinton,Overall Pool,NULL,American Indian/Alaskan Native,8395,24,0.29,0.2723264459237486,0.017673554076251374
231,Clinton,Empanelment,Challenged For Cause (Plaintiff/Petitioner),Black/African American,16,0,0.00,3.099334313132186,-3.099334313132186
231,Clinton,Empanelment,Peremptory Strike (Defendant/Respondent),Black/African American,62,0,0.00,3.099334313132186,-3.099334313132186
231,Clinton,Empanelment,Alternate,Black/African American,10,0,0.00,3.099334313132186,-3.099334313132186
231,Clinton,Empanelment,Challenged For Cause (Defendant/Respondent),Black/African American,5,0,0.00,3.099334313132186,-3.099334313132186
231,Clinton,Empanelment,Peremptory Strike (Plaintiff/Petitioner),Black/African American,59,1,1.69,3.099334313132186,-1.4093343131321863
231,Clinton,Empanelment,No Result,Black/African American,108,2,1.85,3.099334313132186,-1.2493343131321861
231,Clinton,Empanelment,Not Used,Black/African American,144,3,2.08,3.099334313132186,-1.0193343131321861
231,Clinton,Empanelment,Juror,Black/African American,114,3,2.63,3.099334313132186,-0.4693343131321863
231,Clinton,Empanelment,Court,Black/African American,31,0,0.00,3.099334313132186,-3.099334313132186
231,Clinton,Overall Pool,NULL,Native Hawaiian/Pacific Islander,8395,12,0.14,0,0.14
231,Clinton,Overall Pool,NULL,White,8395,7846,93.46,89.02048932307426,4.439510676925735
231,Clinton,Criminal Panel,NULL,White,549,514,93.62,89.02048932307426,4.599510676925746
231,Clinton,Empanelment,Challenged For Cause (Plaintiff/Petitioner),American Indian/Alaskan Native,16,0,0.00,0.2723264459237486,-0.2723264459237486
231,Clinton,Empanelment,Peremptory Strike (Defendant/Respondent),American Indian/Alaskan Native,62,0,0.00,0.2723264459237486,-0.2723264459237486
231,Clinton,Empanelment,Alternate,American Indian/Alaskan Native,10,0,0.00,0.2723264459237486,-0.2723264459237486
231,Clinton,Empanelment,Challenged For Cause (Defendant/Respondent),American Indian/Alaskan Native,5,0,0.00,0.2723264459237486,-0.2723264459237486
231,Clinton,Empanelment,Peremptory Strike (Plaintiff/Petitioner),American Indian/Alaskan Native,59,0,0.00,0.2723264459237486,-0.2723264459237486
231,Clinton,Empanelment,No Result,American Indian/Alaskan Native,108,0,0.00,0.2723264459237486,-0.2723264459237486
231,Clinton,Empanelment,Not Used,American Indian/Alaskan Native,144,0,0.00,0.2723264459237486,-0.2723264459237486
231,Clinton,Empanelment,Juror,American Indian/Alaskan Native,114,0,0.00,0.2723264459237486,-0.2723264459237486
231,Clinton,Empanelment,Court,American Indian/Alaskan Native,31,0,0.00,0.2723264459237486,-0.2723264459237486
231,Clinton,Criminal Panel,NULL,Black/African American,549,9,1.64,3.099334313132186,-1.4593343131321863
231,Clinton,Empanelment,Court,White,31,28,90.32,89.02048932307426,1.2995106769257347
231,Clinton,Empanelment,Juror,White,114,107,93.86,89.02048932307426,4.839510676925741
231,Clinton,Empanelment,Not Used,White,144,136,94.44,89.02048932307426,5.419510676925739
231,Clinton,Empanelment,No Result,White,108,97,89.81,89.02048932307426,0.7895106769257438
231,Clinton,Empanelment,Peremptory Strike (Plaintiff/Petitioner),White,59,55,93.22,89.02048932307426,4.19951067692574
231,Clinton,Empanelment,Challenged For Cause (Defendant/Respondent),White,5,5,100.00,89.02048932307426,10.979510676925742
231,Clinton,Empanelment,Alternate,White,10,10,100.00,89.02048932307426,10.979510676925742
231,Clinton,Empanelment,Peremptory Strike (Defendant/Respondent),White,62,60,96.77,89.02048932307426,7.749510676925738
231,Clinton,Overall Pool,NULL,Hispanic/Latino/Spanish Origins,8395,11,0.13,3.6050834269905767,-3.475083426990577
231,Clinton,Empanelment,Challenged For Cause (Plaintiff/Petitioner),White,16,16,100.00,89.02048932307426,10.979510676925742
231,Clinton,Criminal Panel,NULL,Hispanic/Latino/Spanish Origins,549,0,0.00,3.6050834269905767,-3.6050834269905767
231,Clinton,Overall Pool,NULL,Black/African American,8395,221,2.63,3.099334313132186,-0.4693343131321863
231,Clinton,Criminal Panel,NULL,Asian,549,2,0.36,0.6700095098123973,-0.3100095098123973
231,Clinton,Criminal Panel,NULL,American Indian/Alaskan Native,549,1,0.18,0.2723264459237486,-0.09232644592374861
231,Clinton,Empanelment,Court,Asian,31,0,0.00,0.6700095098123973,-0.6700095098123973
231,Clinton,Criminal Panel,NULL,Native Hawaiian/Pacific Islander,549,3,0.55,0,0.55
231,Clinton,Empanelment,Juror,Asian,114,1,0.88,0.6700095098123973,0.20999049018760274
231,Clinton,Empanelment,Not Used,Asian,144,0,0.00,0.6700095098123973,-0.6700095098123973
231,Clinton,Empanelment,No Result,Asian,108,1,0.93,0.6700095098123973,0.2599904901876028
231,Clinton,Empanelment,Peremptory Strike (Plaintiff/Petitioner),Asian,59,0,0.00,0.6700095098123973,-0.6700095098123973
231,Clinton,Empanelment,Challenged For Cause (Defendant/Respondent),Asian,5,0,0.00,0.6700095098123973,-0.6700095098123973
231,Clinton,Empanelment,Alternate,Asian,10,0,0.00,0.6700095098123973,-0.6700095098123973
231,Clinton,Empanelment,Peremptory Strike (Defendant/Respondent),Asian,62,0,0.00,0.6700095098123973,-0.6700095098123973
231,Clinton,Empanelment,Challenged For Cause (Plaintiff/Petitioner),Asian,16,0,0.00,0.6700095098123973,-0.6700095098123973
231,Clinton,Empanelment,Court,Native Hawaiian/Pacific Islander,31,2,6.45,0,6.45
231,Clinton,Empanelment,Challenged For Cause (Defendant/Respondent),Native Hawaiian/Pacific Islander,5,0,0.00,0,0
231,Clinton,Empanelment,Peremptory Strike (Plaintiff/Petitioner),Native Hawaiian/Pacific Islander,59,0,0.00,0,0
231,Clinton,Empanelment,No Result,Native Hawaiian/Pacific Islander,108,1,0.93,0,0.93
231,Clinton,Empanelment,Juror,Native Hawaiian/Pacific Islander,114,0,0.00,0,0
231,Clinton,Empanelment,Not Used,Native Hawaiian/Pacific Islander,144,0,0.00,0,0
231,Clinton,Overall Pool,NULL,Asian,8395,47,0.56,0.6700095098123973,-0.11000950981239721
231,Clinton,Empanelment,Court,Hispanic/Latino/Spanish Origins,31,0,0.00,3.6050834269905767,-3.6050834269905767
231,Clinton,Empanelment,Juror,Hispanic/Latino/Spanish Origins,114,0,0.00,3.6050834269905767,-3.6050834269905767
231,Clinton,Empanelment,Not Used,Hispanic/Latino/Spanish Origins,144,0,0.00,3.6050834269905767,-3.6050834269905767
231,Clinton,Empanelment,No Result,Hispanic/Latino/Spanish Origins,108,0,0.00,3.6050834269905767,-3.6050834269905767
231,Clinton,Empanelment,Peremptory Strike (Plaintiff/Petitioner),Hispanic/Latino/Spanish Origins,59,0,0.00,3.6050834269905767,-3.6050834269905767
231,Clinton,Empanelment,Alternate,Hispanic/Latino/Spanish Origins,10,0,0.00,3.6050834269905767,-3.6050834269905767
241,Crawford,Empanelment,Juror,Hispanic/Latino/Spanish Origins,12,0,0.00,30.8349204398845,-30.8349204398845
241,Crawford,Empanelment,Challenged For Cause (Plaintiff/Petitioner),Hispanic/Latino/Spanish Origins,5,0,0.00,30.8349204398845,-30.8349204398845
241,Crawford,Empanelment,Not Used,Native Hawaiian/Pacific Islander,29,0,0.00,0,0
241,Crawford,Empanelment,Peremptory Strike (Plaintiff/Petitioner),American Indian/Alaskan Native,7,0,0.00,0.7188056767217547,-0.7188056767217547
241,Crawford,Empanelment,Alternate,American Indian/Alaskan Native,1,0,0.00,0.7188056767217547,-0.7188056767217547
241,Crawford,Empanelment,Not Used,American Indian/Alaskan Native,29,0,0.00,0.7188056767217547,-0.7188056767217547
241,Crawford,Empanelment,Alternate,Native Hawaiian/Pacific Islander,1,0,0.00,0,0
241,Crawford,Empanelment,Peremptory Strike (Plaintiff/Petitioner),Hispanic/Latino/Spanish Origins,7,0,0.00,30.8349204398845,-30.8349204398845
241,Crawford,Empanelment,Peremptory Strike (Defendant/Respondent),Hispanic/Latino/Spanish Origins,7,0,0.00,30.8349204398845,-30.8349204398845
241,Crawford,Overall Pool,NULL,Asian,2177,35,1.61,2.1932788597407384,-0.5832788597407383
241,Crawford,Criminal Panel,NULL,Native Hawaiian/Pacific Islander,61,0,0.00,0,0
241,Crawford,Overall Pool,NULL,Black/African American,2177,29,1.33,0.9338330159120232,0.3961669840879769
241,Crawford,Empanelment,Not Used,Hispanic/Latino/Spanish Origins,29,0,0.00,30.8349204398845,-30.8349204398845
241,Crawford,Empanelment,Not Used,Asian,29,0,0.00,2.1932788597407384,-2.1932788597407384
241,Crawford,Empanelment,Peremptory Strike (Defendant/Respondent),Asian,7,0,0.00,2.1932788597407384,-2.1932788597407384
241,Crawford,Empanelment,Peremptory Strike (Plaintiff/Petitioner),Native Hawaiian/Pacific Islander,7,0,0.00,0,0
241,Crawford,Empanelment,Peremptory Strike (Defendant/Respondent),White,7,7,100.00,62.08760828162438,37.91239171837562
241,Crawford,Criminal Panel,NULL,American Indian/Alaskan Native,61,0,0.00,0.7188056767217547,-0.7188056767217547
241,Crawford,Empanelment,Juror,Native Hawaiian/Pacific Islander,12,0,0.00,0,0
241,Crawford,Empanelment,Alternate,Hispanic/Latino/Spanish Origins,1,0,0.00,30.8349204398845,-30.8349204398845
241,Crawford,Criminal Panel,NULL,Asian,61,0,0.00,2.1932788597407384,-2.1932788597407384
241,Crawford,Empanelment,Challenged For Cause (Plaintiff/Petitioner),White,5,5,100.00,62.08760828162438,37.91239171837562
241,Crawford,Empanelment,Juror,White,12,11,91.67,62.08760828162438,29.582391718375625
241,Crawford,Empanelment,Peremptory Strike (Plaintiff/Petitioner),White,7,7,100.00,62.08760828162438,37.91239171837562
241,Crawford,Empanelment,Alternate,White,1,1,100.00,62.08760828162438,37.91239171837562
241,Crawford,Empanelment,Not Used,White,29,28,96.55,62.08760828162438,34.46239171837562
241,Crawford,Empanelment,Alternate,Asian,1,0,0.00,2.1932788597407384,-2.1932788597407384
241,Crawford,Criminal Panel,NULL,Hispanic/Latino/Spanish Origins,61,0,0.00,30.8349204398845,-30.8349204398845
241,Crawford,Empanelment,Not Used,Black/African American,29,0,0.00,0.9338330159120232,-0.9338330159120232
241,Crawford,Empanelment,Challenged For Cause (Plaintiff/Petitioner),Native Hawaiian/Pacific Islander,5,0,0.00,0,0
241,Crawford,Empanelment,Alternate,Black/African American,1,0,0.00,0.9338330159120232,-0.9338330159120232
241,Crawford,Empanelment,Peremptory Strike (Plaintiff/Petitioner),Black/African American,7,0,0.00,0.9338330159120232,-0.9338330159120232
241,Crawford,Empanelment,Juror,Black/African American,12,0,0.00,0.9338330159120232,-0.9338330159120232
241,Crawford,Empanelment,Challenged For Cause (Plaintiff/Petitioner),Black/African American,5,0,0.00,0.9338330159120232,-0.9338330159120232
241,Crawford,Empanelment,Peremptory Strike (Defendant/Respondent),Black/African American,7,0,0.00,0.9338330159120232,-0.9338330159120232
241,Crawford,Empanelment,Peremptory Strike (Plaintiff/Petitioner),Asian,7,0,0.00,2.1932788597407384,-2.1932788597407384
241,Crawford,Criminal Panel,NULL,Black/African American,61,0,0.00,0.9338330159120232,-0.9338330159120232
241,Crawford,Empanelment,Peremptory Strike (Defendant/Respondent),American Indian/Alaskan Native,7,0,0.00,0.7188056767217547,-0.7188056767217547
241,Crawford,Empanelment,Challenged For Cause (Plaintiff/Petitioner),American Indian/Alaskan Native,5,0,0.00,0.7188056767217547,-0.7188056767217547
241,Crawford,Empanelment,Juror,American Indian/Alaskan Native,12,0,0.00,0.7188056767217547,-0.7188056767217547
241,Crawford,Overall Pool,NULL,Native Hawaiian/Pacific Islander,2177,1,0.05,0,0.05
241,Crawford,Empanelment,Peremptory Strike (Defendant/Respondent),Native Hawaiian/Pacific Islander,7,0,0.00,0,0
241,Crawford,Overall Pool,NULL,American Indian/Alaskan Native,2177,5,0.23,0.7188056767217547,-0.4888056767217547
241,Crawford,Empanelment,Juror,Asian,12,0,0.00,2.1932788597407384,-2.1932788597407384
241,Crawford,Overall Pool,NULL,Hispanic/Latino/Spanish Origins,2177,155,7.12,30.8349204398845,-23.714920439884498
241,Crawford,Overall Pool,NULL,White,2177,1764,81.03,62.08760828162438,18.942391718375625
241,Crawford,Empanelment,Challenged For Cause (Plaintiff/Petitioner),Asian,5,0,0.00,2.1932788597407384,-2.1932788597407384
241,Crawford,Criminal Panel,NULL,White,61,59,96.72,62.08760828162438,34.63239171837562
251,Dallas,Empanelment,Juror,Hispanic/Latino/Spanish Origins,233,0,0.00,6.90297125074096,-6.90297125074096
251,Dallas,Empanelment,No Result,Asian,100,1,1.00,4.874592471843509,-3.874592471843509
251,Dallas,Empanelment,Juror,Asian,233,7,3.00,4.874592471843509,-1.874592471843509
251,Dallas,Empanelment,Peremptory Strike (Plaintiff/Petitioner),Asian,99,4,4.04,4.874592471843509,-0.8345924718435089
251,Dallas,Empanelment,Challenged For Cause (Plaintiff/Petitioner),Asian,6,0,0.00,4.874592471843509,-4.874592471843509
251,Dallas,Empanelment,Not Used,Asian,202,6,2.97,4.874592471843509,-1.9045924718435088
251,Dallas,Criminal Panel,NULL,Native Hawaiian/Pacific Islander,785,2,0.25,0.02963841138114997,0.22036158861885002
251,Dallas,Empanelment,No Result,Hispanic/Latino/Spanish Origins,100,0,0.00,6.90297125074096,-6.90297125074096
251,Dallas,Overall Pool,NULL,Asian,4308,174,4.04,4.874592471843509,-0.8345924718435089
251,Dallas,Empanelment,Peremptory Strike (Defendant/Respondent),Hispanic/Latino/Spanish Origins,99,0,0.00,6.90297125074096,-6.90297125074096
251,Dallas,Empanelment,Alternate,Hispanic/Latino/Spanish Origins,4,0,0.00,6.90297125074096,-6.90297125074096
251,Dallas,Empanelment,Challenged For Cause (Defendant/Respondent),Hispanic/Latino/Spanish Origins,1,0,0.00,6.90297125074096,-6.90297125074096
251,Dallas,Empanelment,Court,Hispanic/Latino/Spanish Origins,41,0,0.00,6.90297125074096,-6.90297125074096
251,Dallas,Criminal Panel,NULL,Black/African American,785,17,2.17,2.9536529342027267,-0.7836529342027267
251,Dallas,Overall Pool,NULL,American Indian/Alaskan Native,4308,9,0.21,0.1722732661529342,0.03772673384706579
251,Dallas,Criminal Panel,NULL,White,785,714,90.96,80.88137225844694,10.07862774155305
251,Dallas,Empanelment,Not Used,American Indian/Alaskan Native,202,0,0.00,0.1722732661529342,-0.1722732661529342
251,Dallas,Empanelment,Challenged For Cause (Plaintiff/Petitioner),American Indian/Alaskan Native,6,0,0.00,0.1722732661529342,-0.1722732661529342
251,Dallas,Empanelment,Peremptory Strike (Plaintiff/Petitioner),American Indian/Alaskan Native,99,0,0.00,0.1722732661529342,-0.1722732661529342
251,Dallas,Empanelment,Juror,American Indian/Alaskan Native,233,0,0.00,0.1722732661529342,-0.1722732661529342
251,Dallas,Empanelment,No Result,American Indian/Alaskan Native,100,0,0.00,0.1722732661529342,-0.1722732661529342
251,Dallas,Empanelment,Peremptory Strike (Defendant/Respondent),American Indian/Alaskan Native,99,0,0.00,0.1722732661529342,-0.1722732661529342
251,Dallas,Empanelment,Alternate,American Indian/Alaskan Native,4,0,0.00,0.1722732661529342,-0.1722732661529342
251,Dallas,Empanelment,Challenged For Cause (Defendant/Respondent),American Indian/Alaskan Native,1,0,0.00,0.1722732661529342,-0.1722732661529342
251,Dallas,Empanelment,Court,American Indian/Alaskan Native,41,0,0.00,0.1722732661529342,-0.1722732661529342
251,Dallas,Empanelment,Court,White,41,36,87.80,80.88137225844694,6.918627741553053
251,Dallas,Empanelment,Challenged For Cause (Defendant/Respondent),White,1,1,100.00,80.88137225844694,19.118627741553055
251,Dallas,Empanelment,Not Used,White,202,184,91.09,80.88137225844694,10.208627741553059
251,Dallas,Empanelment,Challenged For Cause (Plaintiff/Petitioner),White,6,4,66.67,80.88137225844694,-14.211372258446943
251,Dallas,Overall Pool,NULL,Hispanic/Latino/Spanish Origins,4308,20,0.46,6.90297125074096,-6.44297125074096
251,Dallas,Empanelment,Peremptory Strike (Plaintiff/Petitioner),White,99,87,87.88,80.88137225844694,6.998627741553051
251,Dallas,Empanelment,Challenged For Cause (Plaintiff/Petitioner),Hispanic/Latino/Spanish Origins,6,0,0.00,6.90297125074096,-6.90297125074096
251,Dallas,Criminal Panel,NULL,Asian,785,19,2.42,4.874592471843509,-2.454592471843509
251,Dallas,Empanelment,Not Used,Hispanic/Latino/Spanish Origins,202,0,0.00,6.90297125074096,-6.90297125074096
251,Dallas,Criminal Panel,NULL,American Indian/Alaskan Native,785,2,0.25,0.1722732661529342,0.0777267338470658
251,Dallas,Criminal Panel,NULL,Hispanic/Latino/Spanish Origins,785,0,0.00,6.90297125074096,-6.90297125074096
251,Dallas,Empanelment,Alternate,White,4,3,75.00,80.88137225844694,-5.881372258446945
251,Dallas,Empanelment,Peremptory Strike (Defendant/Respondent),White,99,95,95.96,80.88137225844694,15.07862774155305
251,Dallas,Empanelment,Juror,White,233,211,90.56,80.88137225844694,9.678627741553058
251,Dallas,Empanelment,Not Used,Native Hawaiian/Pacific Islander,202,1,0.50,0.02963841138114997,0.47036158861885
251,Dallas,Empanelment,Challenged For Cause (Plaintiff/Petitioner),Native Hawaiian/Pacific Islander,6,0,0.00,0.02963841138114997,-0.02963841138114997
251,Dallas,Empanelment,Peremptory Strike (Plaintiff/Petitioner),Native Hawaiian/Pacific Islander,99,1,1.01,0.02963841138114997,0.98036158861885
251,Dallas,Empanelment,Juror,Native Hawaiian/Pacific Islander,233,0,0.00,0.02963841138114997,-0.02963841138114997
251,Dallas,Empanelment,No Result,Native Hawaiian/Pacific Islander,100,0,0.00,0.02963841138114997,-0.02963841138114997
251,Dallas,Empanelment,Peremptory Strike (Defendant/Respondent),Native Hawaiian/Pacific Islander,99,0,0.00,0.02963841138114997,-0.02963841138114997
251,Dallas,Empanelment,Alternate,Native Hawaiian/Pacific Islander,4,0,0.00,0.02963841138114997,-0.02963841138114997
251,Dallas,Empanelment,Challenged For Cause (Defendant/Respondent),Native Hawaiian/Pacific Islander,1,0,0.00,0.02963841138114997,-0.02963841138114997
251,Dallas,Overall Pool,NULL,White,4308,3815,88.56,80.88137225844694,7.678627741553058
251,Dallas,Empanelment,Court,Asian,41,1,2.44,4.874592471843509,-2.434592471843509
251,Dallas,Empanelment,Challenged For Cause (Defendant/Respondent),Asian,1,0,0.00,4.874592471843509,-4.874592471843509
251,Dallas,Empanelment,Alternate,Asian,4,0,0.00,4.874592471843509,-4.874592471843509
251,Dallas,Empanelment,Peremptory Strike (Defendant/Respondent),Asian,99,0,0.00,4.874592471843509,-4.874592471843509
251,Dallas,Overall Pool,NULL,Native Hawaiian/Pacific Islander,4308,3,0.07,0.02963841138114997,0.04036158861885004
251,Dallas,Empanelment,Not Used,Black/African American,202,5,2.48,2.9536529342027267,-0.4736529342027267
251,Dallas,Empanelment,Challenged For Cause (Plaintiff/Petitioner),Black/African American,6,1,16.67,2.9536529342027267,13.716347065797276
251,Dallas,Empanelment,Peremptory Strike (Plaintiff/Petitioner),Black/African American,99,0,0.00,2.9536529342027267,-2.9536529342027267
251,Dallas,Empanelment,Juror,Black/African American,233,4,1.72,2.9536529342027267,-1.2336529342027267
251,Dallas,Empanelment,No Result,Black/African American,100,5,5.00,2.9536529342027267,2.0463470657972733
251,Dallas,Empanelment,Peremptory Strike (Defendant/Respondent),Black/African American,99,2,2.02,2.9536529342027267,-0.9336529342027267
251,Dallas,Empanelment,Alternate,Black/African American,4,0,0.00,2.9536529342027267,-2.9536529342027267
251,Dallas,Empanelment,Challenged For Cause (Defendant/Respondent),Black/African American,1,0,0.00,2.9536529342027267,-2.9536529342027267
251,Dallas,Empanelment,Court,Black/African American,41,0,0.00,2.9536529342027267,-2.9536529342027267
251,Dallas,Overall Pool,NULL,Black/African American,4308,120,2.79,2.9536529342027267,-0.16365293420272664
251,Dallas,Empanelment,Court,Native Hawaiian/Pacific Islander,41,0,0.00,0.02963841138114997,-0.02963841138114997
251,Dallas,Empanelment,No Result,White,100,93,93.00,80.88137225844694,12.118627741553055
251,Dallas,Empanelment,Peremptory Strike (Plaintiff/Petitioner),Hispanic/Latino/Spanish Origins,99,0,0.00,6.90297125074096,-6.90297125074096
261,Davis,Empanelment,Not Used,White,29,28,96.55,93.82985694004586,2.7201430599541396
261,Davis,Empanelment,Court,Asian,8,0,0.00,0.010920607185759528,-0.010920607185759528
261,Davis,Empanelment,Alternate,Asian,2,0,0.00,0.010920607185759528,-0.010920607185759528
261,Davis,Empanelment,Peremptory Strike (Plaintiff/Petitioner),Asian,7,0,0.00,0.010920607185759528,-0.010920607185759528
261,Davis,Empanelment,Peremptory Strike (Defendant/Respondent),Asian,7,0,0.00,0.010920607185759528,-0.010920607185759528
261,Davis,Empanelment,Not Used,Asian,29,0,0.00,0.010920607185759528,-0.010920607185759528
261,Davis,Criminal Panel,NULL,White,64,62,96.88,93.82985694004586,3.050143059954138
261,Davis,Overall Pool,NULL,Asian,694,3,0.43,0.010920607185759528,0.41907939281424045
261,Davis,Overall Pool,NULL,White,694,676,97.41,93.82985694004586,3.580143059954139
261,Davis,Criminal Panel,NULL,Native Hawaiian/Pacific Islander,64,0,0.00,0,0
261,Davis,Empanelment,Alternate,Native Hawaiian/Pacific Islander,2,0,0.00,0,0
261,Davis,Empanelment,Peremptory Strike (Plaintiff/Petitioner),Native Hawaiian/Pacific Islander,7,0,0.00,0,0
261,Davis,Overall Pool,NULL,American Indian/Alaskan Native,694,3,0.43,0.16380910778639293,0.26619089221360703
261,Davis,Empanelment,Peremptory Strike (Defendant/Respondent),Native Hawaiian/Pacific Islander,7,0,0.00,0,0
261,Davis,Empanelment,Not Used,Native Hawaiian/Pacific Islander,29,0,0.00,0,0
261,Davis,Empanelment,Juror,Asian,12,0,0.00,0.010920607185759528,-0.010920607185759528
261,Davis,Empanelment,Juror,Black/African American,12,0,0.00,0,0
261,Davis,Empanelment,Not Used,Black/African American,29,0,0.00,0,0
261,Davis,Empanelment,Peremptory Strike (Defendant/Respondent),Black/African American,7,0,0.00,0,0
261,Davis,Empanelment,Peremptory Strike (Plaintiff/Petitioner),Black/African American,7,0,0.00,0,0
261,Davis,Overall Pool,NULL,Black/African American,694,3,0.43,0,0.43
261,Davis,Criminal Panel,NULL,Hispanic/Latino/Spanish Origins,64,0,0.00,2.4352954024243747,-2.4352954024243747
261,Davis,Overall Pool,NULL,Hispanic/Latino/Spanish Origins,694,1,0.14,2.4352954024243747,-2.2952954024243746
261,Davis,Empanelment,Court,Native Hawaiian/Pacific Islander,8,0,0.00,0,0
261,Davis,Overall Pool,NULL,Native Hawaiian/Pacific Islander,694,0,0.00,0,0
261,Davis,Empanelment,Not Used,American Indian/Alaskan Native,29,0,0.00,0.16380910778639293,-0.16380910778639293
261,Davis,Empanelment,Peremptory Strike (Defendant/Respondent),American Indian/Alaskan Native,7,0,0.00,0.16380910778639293,-0.16380910778639293
261,Davis,Empanelment,Peremptory Strike (Plaintiff/Petitioner),American Indian/Alaskan Native,7,0,0.00,0.16380910778639293,-0.16380910778639293
261,Davis,Empanelment,Alternate,American Indian/Alaskan Native,2,0,0.00,0.16380910778639293,-0.16380910778639293
261,Davis,Empanelment,Court,American Indian/Alaskan Native,8,0,0.00,0.16380910778639293,-0.16380910778639293
261,Davis,Empanelment,Alternate,White,2,2,100.00,93.82985694004586,6.1701430599541425
261,Davis,Empanelment,Alternate,Black/African American,2,0,0.00,0,0
261,Davis,Empanelment,Juror,American Indian/Alaskan Native,12,0,0.00,0.16380910778639293,-0.16380910778639293
261,Davis,Empanelment,Court,Hispanic/Latino/Spanish Origins,8,0,0.00,2.4352954024243747,-2.4352954024243747
261,Davis,Criminal Panel,NULL,Asian,64,0,0.00,0.010920607185759528,-0.010920607185759528
261,Davis,Criminal Panel,NULL,Black/African American,64,0,0.00,0,0
261,Davis,Empanelment,Juror,White,12,11,91.67,93.82985694004586,-2.159856940045856
261,Davis,Empanelment,Alternate,Hispanic/Latino/Spanish Origins,2,0,0.00,2.4352954024243747,-2.4352954024243747
261,Davis,Criminal Panel,NULL,American Indian/Alaskan Native,64,1,1.56,0.16380910778639293,1.396190892213607
261,Davis,Empanelment,Peremptory Strike (Plaintiff/Petitioner),Hispanic/Latino/Spanish Origins,7,0,0.00,2.4352954024243747,-2.4352954024243747
261,Davis,Empanelment,Peremptory Strike (Defendant/Respondent),Hispanic/Latino/Spanish Origins,7,0,0.00,2.4352954024243747,-2.4352954024243747
261,Davis,Empanelment,Not Used,Hispanic/Latino/Spanish Origins,29,0,0.00,2.4352954024243747,-2.4352954024243747
261,Davis,Empanelment,Court,White,8,7,87.50,93.82985694004586,-6.3298569400458575
261,Davis,Empanelment,Juror,Native Hawaiian/Pacific Islander,12,0,0.00,0,0
261,Davis,Empanelment,Peremptory Strike (Defendant/Respondent),White,7,7,100.00,93.82985694004586,6.1701430599541425
261,Davis,Empanelment,Juror,Hispanic/Latino/Spanish Origins,12,0,0.00,2.4352954024243747,-2.4352954024243747
261,Davis,Empanelment,Peremptory Strike (Plaintiff/Petitioner),White,7,7,100.00,93.82985694004586,6.1701430599541425
261,Davis,Empanelment,Court,Black/African American,8,0,0.00,0,0
271,Decatur,Overall Pool,NULL,White,516,497,96.32,90.17914679726769,6.140853202732302
271,Decatur,Overall Pool,NULL,Black/African American,516,4,0.78,1.3146023972161363,-0.5346023972161362
271,Decatur,Overall Pool,NULL,Asian,516,4,0.78,0.7217424925892512,0.058257507410748866
271,Decatur,Overall Pool,NULL,American Indian/Alaskan Native,516,1,0.19,0.20621214073978608,-0.01621214073978608
271,Decatur,Overall Pool,NULL,Native Hawaiian/Pacific Islander,516,1,0.19,0.01288825879623663,0.17711174120376338
271,Decatur,Overall Pool,NULL,Hispanic/Latino/Spanish Origins,516,0,0.00,3.5313829101688365,-3.5313829101688365
281,Delaware,Empanelment,Not Used,White,11,11,100.00,94.05399248205946,5.946007517940544
281,Delaware,Overall Pool,NULL,Hispanic/Latino/Spanish Origins,1022,0,0.00,1.7143182594828568,-1.7143182594828568
281,Delaware,Criminal Panel,NULL,Asian,26,0,0.00,0,0
281,Delaware,Criminal Panel,NULL,Black/African American,26,0,0.00,0.0740403234992596,-0.0740403234992596
281,Delaware,Criminal Panel,NULL,White,26,26,100.00,94.05399248205946,5.946007517940544
281,Delaware,Empanelment,Peremptory Strike (Defendant/Respondent),Native Hawaiian/Pacific Islander,4,0,0.00,0,0
281,Delaware,Empanelment,Juror,Native Hawaiian/Pacific Islander,6,0,0.00,0,0
281,Delaware,Empanelment,Not Used,Native Hawaiian/Pacific Islander,11,0,0.00,0,0
281,Delaware,Empanelment,Court,Native Hawaiian/Pacific Islander,1,0,0.00,0,0
281,Delaware,Empanelment,Peremptory Strike (Plaintiff/Petitioner),Native Hawaiian/Pacific Islander,4,0,0.00,0,0
281,Delaware,Empanelment,Peremptory Strike (Plaintiff/Petitioner),American Indian/Alaskan Native,4,0,0.00,1.0707369859892926,-1.0707369859892926
281,Delaware,Empanelment,Court,American Indian/Alaskan Native,1,0,0.00,1.0707369859892926,-1.0707369859892926
281,Delaware,Empanelment,Not Used,American Indian/Alaskan Native,11,0,0.00,1.0707369859892926,-1.0707369859892926
281,Delaware,Empanelment,Juror,American Indian/Alaskan Native,6,0,0.00,1.0707369859892926,-1.0707369859892926
281,Delaware,Empanelment,Peremptory Strike (Defendant/Respondent),American Indian/Alaskan Native,4,0,0.00,1.0707369859892926,-1.0707369859892926
281,Delaware,Criminal Panel,NULL,American Indian/Alaskan Native,26,0,0.00,1.0707369859892926,-1.0707369859892926
281,Delaware,Overall Pool,NULL,White,1022,996,97.46,94.05399248205946,3.4060075179405374
281,Delaware,Overall Pool,NULL,Native Hawaiian/Pacific Islander,1022,0,0.00,0,0
281,Delaware,Empanelment,Peremptory Strike (Plaintiff/Petitioner),Black/African American,4,0,0.00,0.0740403234992596,-0.0740403234992596
281,Delaware,Empanelment,Court,Black/African American,1,0,0.00,0.0740403234992596,-0.0740403234992596
281,Delaware,Empanelment,Not Used,Black/African American,11,0,0.00,0.0740403234992596,-0.0740403234992596
281,Delaware,Empanelment,Juror,Black/African American,6,0,0.00,0.0740403234992596,-0.0740403234992596
281,Delaware,Empanelment,Peremptory Strike (Defendant/Respondent),Black/African American,4,0,0.00,0.0740403234992596,-0.0740403234992596
281,Delaware,Criminal Panel,NULL,Native Hawaiian/Pacific Islander,26,0,0.00,0,0
281,Delaware,Overall Pool,NULL,Asian,1022,5,0.49,0,0.49
281,Delaware,Empanelment,Peremptory Strike (Plaintiff/Petitioner),Asian,4,0,0.00,0,0
281,Delaware,Empanelment,Court,Asian,1,0,0.00,0,0
281,Delaware,Empanelment,Not Used,Asian,11,0,0.00,0,0
281,Delaware,Empanelment,Juror,Asian,6,0,0.00,0,0
281,Delaware,Empanelment,Peremptory Strike (Defendant/Respondent),Asian,4,0,0.00,0,0
281,Delaware,Empanelment,Peremptory Strike (Defendant/Respondent),White,4,4,100.00,94.05399248205946,5.946007517940544
281,Delaware,Empanelment,Juror,White,6,6,100.00,94.05399248205946,5.946007517940544
281,Delaware,Empanelment,Court,White,1,1,100.00,94.05399248205946,5.946007517940544
281,Delaware,Empanelment,Peremptory Strike (Plaintiff/Petitioner),White,4,4,100.00,94.05399248205946,5.946007517940544
281,Delaware,Overall Pool,NULL,American Indian/Alaskan Native,1022,1,0.10,1.0707369859892926,-0.9707369859892926
281,Delaware,Empanelment,Peremptory Strike (Defendant/Respondent),Hispanic/Latino/Spanish Origins,4,0,0.00,1.7143182594828568,-1.7143182594828568
281,Delaware,Empanelment,Juror,Hispanic/Latino/Spanish Origins,6,0,0.00,1.7143182594828568,-1.7143182594828568
281,Delaware,Empanelment,Not Used,Hispanic/Latino/Spanish Origins,11,0,0.00,1.7143182594828568,-1.7143182594828568
281,Delaware,Empanelment,Court,Hispanic/Latino/Spanish Origins,1,0,0.00,1.7143182594828568,-1.7143182594828568
281,Delaware,Empanelment,Peremptory Strike (Plaintiff/Petitioner),Hispanic/Latino/Spanish Origins,4,0,0.00,1.7143182594828568,-1.7143182594828568
281,Delaware,Overall Pool,NULL,Black/African American,1022,8,0.78,0.0740403234992596,0.7059596765007404
281,Delaware,Criminal Panel,NULL,Hispanic/Latino/Spanish Origins,26,0,0.00,1.7143182594828568,-1.7143182594828568
291,Des Moines,Criminal Panel,NULL,White,855,800,93.57,84.50385844570894,9.06614155429105
291,Des Moines,Empanelment,Not Used,Native Hawaiian/Pacific Islander,247,0,0.00,0.0025982799386805935,-0.0025982799386805935
291,Des Moines,Empanelment,Peremptory Strike (Plaintiff/Petitioner),Native Hawaiian/Pacific Islander,104,0,0.00,0.0025982799386805935,-0.0025982799386805935
291,Des Moines,Empanelment,Alternate,Native Hawaiian/Pacific Islander,18,0,0.00,0.0025982799386805935,-0.0025982799386805935
291,Des Moines,Empanelment,Juror,Black/African American,204,4,1.96,4.754852287785486,-2.794852287785486
291,Des Moines,Empanelment,Peremptory Strike (Plaintiff/Petitioner),Asian,104,2,1.92,1.2056018915477953,0.7143981084522046
291,Des Moines,Empanelment,Alternate,Asian,18,0,0.00,1.2056018915477953,-1.2056018915477953
291,Des Moines,Empanelment,Juror,Asian,204,0,0.00,1.2056018915477953,-1.2056018915477953
291,Des Moines,Criminal Panel,NULL,Native Hawaiian/Pacific Islander,855,1,0.12,0.0025982799386805935,0.11740172006131941
291,Des Moines,Overall Pool,NULL,Black/African American,4324,203,4.69,4.754852287785486,-0.06485228778548535
291,Des Moines,Empanelment,Alternate,White,18,17,94.44,84.50385844570894,9.936141554291055
291,Des Moines,Criminal Panel,NULL,Hispanic/Latino/Spanish Origins,855,0,0.00,3.6765661132330396,-3.6765661132330396
291,Des Moines,Criminal Panel,NULL,Asian,855,4,0.47,1.2056018915477953,-0.7356018915477953
291,Des Moines,Empanelment,Peremptory Strike (Plaintiff/Petitioner),White,104,95,91.35,84.50385844570894,6.8461415542910515
291,Des Moines,Overall Pool,NULL,White,4324,3921,90.68,84.50385844570894,6.176141554291064
291,Des Moines,Criminal Panel,NULL,Black/African American,855,25,2.92,4.754852287785486,-1.8348522877854858
291,Des Moines,Empanelment,Not Used,White,247,221,89.47,84.50385844570894,4.966141554291056
291,Des Moines,Empanelment,Peremptory Strike (Defendant/Respondent),White,104,101,97.12,84.50385844570894,12.616141554291062
291,Des Moines,Empanelment,No Result,White,183,171,93.44,84.50385844570894,8.936141554291055
291,Des Moines,Empanelment,Peremptory Strike (Defendant/Respondent),Asian,104,0,0.00,1.2056018915477953,-1.2056018915477953
291,Des Moines,Empanelment,Peremptory Strike (Defendant/Respondent),Black/African American,104,0,0.00,4.754852287785486,-4.754852287785486
291,Des Moines,Empanelment,Alternate,Black/African American,18,1,5.56,4.754852287785486,0.8051477122145139
291,Des Moines,Empanelment,Not Used,Asian,247,2,0.81,1.2056018915477953,-0.39560189154779524
291,Des Moines,Empanelment,Not Used,Black/African American,247,8,3.24,4.754852287785486,-1.5148522877854855
291,Des Moines,Empanelment,Peremptory Strike (Plaintiff/Petitioner),Black/African American,104,4,3.85,4.754852287785486,-0.9048522877854857
291,Des Moines,Criminal Panel,NULL,American Indian/Alaskan Native,855,3,0.35,0.32738327227375474,0.022616727726245234
291,Des Moines,Empanelment,No Result,Native Hawaiian/Pacific Islander,183,1,0.55,0.0025982799386805935,0.5474017200613195
291,Des Moines,Overall Pool,NULL,American Indian/Alaskan Native,4324,12,0.28,0.32738327227375474,-0.04738327227375472
291,Des Moines,Empanelment,Juror,American Indian/Alaskan Native,204,0,0.00,0.32738327227375474,-0.32738327227375474
291,Des Moines,Empanelment,Alternate,American Indian/Alaskan Native,18,0,0.00,0.32738327227375474,-0.32738327227375474
291,Des Moines,Empanelment,Peremptory Strike (Defendant/Respondent),Native Hawaiian/Pacific Islander,104,0,0.00,0.0025982799386805935,-0.0025982799386805935
291,Des Moines,Empanelment,Peremptory Strike (Plaintiff/Petitioner),American Indian/Alaskan Native,104,0,0.00,0.32738327227375474,-0.32738327227375474
291,Des Moines,Empanelment,Not Used,American Indian/Alaskan Native,247,0,0.00,0.32738327227375474,-0.32738327227375474
291,Des Moines,Empanelment,Peremptory Strike (Defendant/Respondent),American Indian/Alaskan Native,104,0,0.00,0.32738327227375474,-0.32738327227375474
291,Des Moines,Empanelment,No Result,American Indian/Alaskan Native,183,0,0.00,0.32738327227375474,-0.32738327227375474
291,Des Moines,Overall Pool,NULL,Asian,4324,43,0.99,1.2056018915477953,-0.2156018915477953
291,Des Moines,Empanelment,No Result,Black/African American,183,8,4.37,4.754852287785486,-0.38485228778548564
291,Des Moines,Overall Pool,NULL,Native Hawaiian/Pacific Islander,4324,5,0.12,0.0025982799386805935,0.11740172006131941
291,Des Moines,Empanelment,Juror,Native Hawaiian/Pacific Islander,204,0,0.00,0.0025982799386805935,-0.0025982799386805935
291,Des Moines,Empanelment,No Result,Asian,183,0,0.00,1.2056018915477953,-1.2056018915477953
291,Des Moines,Empanelment,Juror,Hispanic/Latino/Spanish Origins,204,0,0.00,3.6765661132330396,-3.6765661132330396
291,Des Moines,Empanelment,Alternate,Hispanic/Latino/Spanish Origins,18,0,0.00,3.6765661132330396,-3.6765661132330396
291,Des Moines,Empanelment,Peremptory Strike (Plaintiff/Petitioner),Hispanic/Latino/Spanish Origins,104,0,0.00,3.6765661132330396,-3.6765661132330396
291,Des Moines,Empanelment,Not Used,Hispanic/Latino/Spanish Origins,247,0,0.00,3.6765661132330396,-3.6765661132330396
291,Des Moines,Empanelment,Peremptory Strike (Defendant/Respondent),Hispanic/Latino/Spanish Origins,104,0,0.00,3.6765661132330396,-3.6765661132330396
291,Des Moines,Empanelment,No Result,Hispanic/Latino/Spanish Origins,183,0,0.00,3.6765661132330396,-3.6765661132330396
291,Des Moines,Empanelment,Juror,White,204,195,95.59,84.50385844570894,11.08614155429106
291,Des Moines,Overall Pool,NULL,Hispanic/Latino/Spanish Origins,4324,9,0.21,3.6765661132330396,-3.4665661132330396
301,Dickinson,Criminal Panel,NULL,Native Hawaiian/Pacific Islander,79,0,0.00,0,0
301,Dickinson,Empanelment,No Result,Asian,79,0,0.00,0.4613674263479711,-0.4613674263479711
301,Dickinson,Overall Pool,NULL,American Indian/Alaskan Native,1715,1,0.06,0.055586436909394105,0.004413563090605893
301,Dickinson,Criminal Panel,NULL,Black/African American,79,0,0.00,0.033351862145636464,-0.033351862145636464
301,Dickinson,Empanelment,No Result,American Indian/Alaskan Native,79,0,0.00,0.055586436909394105,-0.055586436909394105
301,Dickinson,Overall Pool,NULL,Hispanic/Latino/Spanish Origins,1715,0,0.00,2.851584213451918,-2.851584213451918
301,Dickinson,Criminal Panel,NULL,Asian,79,0,0.00,0.4613674263479711,-0.4613674263479711
301,Dickinson,Empanelment,No Result,Black/African American,79,0,0.00,0.033351862145636464,-0.033351862145636464
301,Dickinson,Criminal Panel,NULL,White,79,77,97.47,93.3574207893274,4.1125792106725925
301,Dickinson,Empanelment,No Result,Native Hawaiian/Pacific Islander,79,0,0.00,0,0
301,Dickinson,Criminal Panel,NULL,American Indian/Alaskan Native,79,0,0.00,0.055586436909394105,-0.055586436909394105
301,Dickinson,Empanelment,No Result,White,79,77,97.47,93.3574207893274,4.1125792106725925
301,Dickinson,Empanelment,No Result,Hispanic/Latino/Spanish Origins,79,0,0.00,2.851584213451918,-2.851584213451918
301,Dickinson,Overall Pool,NULL,Asian,1715,9,0.52,0.4613674263479711,0.058632573652028896
301,Dickinson,Criminal Panel,NULL,Hispanic/Latino/Spanish Origins,79,0,0.00,2.851584213451918,-2.851584213451918
301,Dickinson,Overall Pool,NULL,Native Hawaiian/Pacific Islander,1715,2,0.12,0,0.12
301,Dickinson,Overall Pool,NULL,Black/African American,1715,4,0.23,0.033351862145636464,0.19664813785436355
301,Dickinson,Overall Pool,NULL,White,1715,1670,97.38,93.3574207893274,4.022579210672589
311,Dubuque,Empanelment,Juror,Asian,247,3,1.21,1.367262445723518,-0.1572624457235181
311,Dubuque,Empanelment,No Result,American Indian/Alaskan Native,36,0,0.00,0.03938200545289307,-0.03938200545289307
311,Dubuque,Empanelment,Challenged For Cause (Defendant/Respondent),American Indian/Alaskan Native,12,0,0.00,0.03938200545289307,-0.03938200545289307
311,Dubuque,Empanelment,Peremptory Strike (Defendant/Respondent),American Indian/Alaskan Native,122,0,0.00,0.03938200545289307,-0.03938200545289307
311,Dubuque,Empanelment,Not Used,American Indian/Alaskan Native,281,0,0.00,0.03938200545289307,-0.03938200545289307
311,Dubuque,Empanelment,Court,Asian,73,0,0.00,1.367262445723518,-1.367262445723518
311,Dubuque,Empanelment,Peremptory Strike (Plaintiff/Petitioner),Asian,115,1,0.87,1.367262445723518,-0.4972624457235181
311,Dubuque,Empanelment,Challenged For Cause (Plaintiff/Petitioner),Asian,11,0,0.00,1.367262445723518,-1.367262445723518
311,Dubuque,Empanelment,Not Used,Asian,281,4,1.42,1.367262445723518,0.05273755427648186
311,Dubuque,Empanelment,Peremptory Strike (Defendant/Respondent),Asian,122,2,1.64,1.367262445723518,0.27273755427648183
311,Dubuque,Empanelment,Challenged For Cause (Defendant/Respondent),Asian,12,0,0.00,1.367262445723518,-1.367262445723518
311,Dubuque,Empanelment,No Result,Asian,36,0,0.00,1.367262445723518,-1.367262445723518
311,Dubuque,Overall Pool,NULL,Asian,8790,92,1.05,1.367262445723518,-0.317262445723518
311,Dubuque,Empanelment,Challenged For Cause (Plaintiff/Petitioner),American Indian/Alaskan Native,11,0,0.00,0.03938200545289307,-0.03938200545289307
311,Dubuque,Empanelment,Peremptory Strike (Plaintiff/Petitioner),American Indian/Alaskan Native,115,0,0.00,0.03938200545289307,-0.03938200545289307
311,Dubuque,Empanelment,Juror,American Indian/Alaskan Native,247,0,0.00,0.03938200545289307,-0.03938200545289307
311,Dubuque,Empanelment,Court,American Indian/Alaskan Native,73,0,0.00,0.03938200545289307,-0.03938200545289307
311,Dubuque,Empanelment,No Result,White,36,35,97.22,88.25406442492174,8.965935575078262
311,Dubuque,Empanelment,Challenged For Cause (Defendant/Respondent),White,12,12,100.00,88.25406442492174,11.745935575078263
311,Dubuque,Empanelment,Peremptory Strike (Defendant/Respondent),White,122,118,96.72,88.25406442492174,8.465935575078262
311,Dubuque,Empanelment,Not Used,White,281,267,95.02,88.25406442492174,6.7659355750782595
311,Dubuque,Empanelment,Challenged For Cause (Plaintiff/Petitioner),White,11,10,90.91,88.25406442492174,2.65593557507826
311,Dubuque,Empanelment,Peremptory Strike (Plaintiff/Petitioner),White,115,108,93.91,88.25406442492174,5.65593557507826
311,Dubuque,Empanelment,Juror,White,247,240,97.17,88.25406442492174,8.915935575078265
311,Dubuque,Empanelment,Court,White,73,65,89.04,88.25406442492174,0.7859355750782697
311,Dubuque,Empanelment,Court,Native Hawaiian/Pacific Islander,73,0,0.00,0.8098555993133394,-0.8098555993133394
311,Dubuque,Empanelment,Juror,Native Hawaiian/Pacific Islander,247,0,0.00,0.8098555993133394,-0.8098555993133394
311,Dubuque,Empanelment,Peremptory Strike (Plaintiff/Petitioner),Native Hawaiian/Pacific Islander,115,0,0.00,0.8098555993133394,-0.8098555993133394
311,Dubuque,Empanelment,Challenged For Cause (Plaintiff/Petitioner),Native Hawaiian/Pacific Islander,11,0,0.00,0.8098555993133394,-0.8098555993133394
311,Dubuque,Criminal Panel,NULL,American Indian/Alaskan Native,897,0,0.00,0.03938200545289307,-0.03938200545289307
311,Dubuque,Empanelment,Court,Black/African American,73,2,2.74,2.9607189740482682,-0.220718974048268
311,Dubuque,Empanelment,Juror,Black/African American,247,0,0.00,2.9607189740482682,-2.9607189740482682
311,Dubuque,Empanelment,Peremptory Strike (Plaintiff/Petitioner),Black/African American,115,2,1.74,2.9607189740482682,-1.2207189740482682
311,Dubuque,Overall Pool,NULL,American Indian/Alaskan Native,8790,13,0.15,0.03938200545289307,0.11061799454710693
311,Dubuque,Empanelment,Not Used,Native Hawaiian/Pacific Islander,281,1,0.36,0.8098555993133394,-0.4498555993133394
311,Dubuque,Empanelment,No Result,Native Hawaiian/Pacific Islander,36,0,0.00,0.8098555993133394,-0.8098555993133394
311,Dubuque,Empanelment,Challenged For Cause (Defendant/Respondent),Native Hawaiian/Pacific Islander,12,0,0.00,0.8098555993133394,-0.8098555993133394
311,Dubuque,Empanelment,Challenged For Cause (Plaintiff/Petitioner),Black/African American,11,1,9.09,2.9607189740482682,6.129281025951732
311,Dubuque,Empanelment,Not Used,Black/African American,281,6,2.14,2.9607189740482682,-0.8207189740482681
311,Dubuque,Empanelment,Peremptory Strike (Defendant/Respondent),Black/African American,122,1,0.82,2.9607189740482682,-2.1407189740482684
311,Dubuque,Empanelment,Challenged For Cause (Defendant/Respondent),Black/African American,12,0,0.00,2.9607189740482682,-2.9607189740482682
311,Dubuque,Empanelment,No Result,Black/African American,36,1,2.78,2.9607189740482682,-0.18071897404826842
311,Dubuque,Criminal Panel,NULL,White,897,855,95.32,88.25406442492174,7.065935575078257
311,Dubuque,Empanelment,No Result,Hispanic/Latino/Spanish Origins,36,0,0.00,3.2656770675552864,-3.2656770675552864
311,Dubuque,Empanelment,Challenged For Cause (Defendant/Respondent),Hispanic/Latino/Spanish Origins,12,0,0.00,3.2656770675552864,-3.2656770675552864
311,Dubuque,Empanelment,Peremptory Strike (Defendant/Respondent),Hispanic/Latino/Spanish Origins,122,0,0.00,3.2656770675552864,-3.2656770675552864
311,Dubuque,Empanelment,Not Used,Hispanic/Latino/Spanish Origins,281,0,0.00,3.2656770675552864,-3.2656770675552864
311,Dubuque,Empanelment,Challenged For Cause (Plaintiff/Petitioner),Hispanic/Latino/Spanish Origins,11,0,0.00,3.2656770675552864,-3.2656770675552864
311,Dubuque,Empanelment,Peremptory Strike (Plaintiff/Petitioner),Hispanic/Latino/Spanish Origins,115,0,0.00,3.2656770675552864,-3.2656770675552864
311,Dubuque,Empanelment,Juror,Hispanic/Latino/Spanish Origins,247,0,0.00,3.2656770675552864,-3.2656770675552864
311,Dubuque,Empanelment,Court,Hispanic/Latino/Spanish Origins,73,0,0.00,3.2656770675552864,-3.2656770675552864
311,Dubuque,Empanelment,Peremptory Strike (Defendant/Respondent),Native Hawaiian/Pacific Islander,122,0,0.00,0.8098555993133394,-0.8098555993133394
311,Dubuque,Criminal Panel,NULL,Hispanic/Latino/Spanish Origins,897,0,0.00,3.2656770675552864,-3.2656770675552864
311,Dubuque,Overall Pool,NULL,White,8790,8276,94.15,88.25406442492174,5.895935575078269
311,Dubuque,Criminal Panel,NULL,Black/African American,897,13,1.45,2.9607189740482682,-1.5107189740482683
311,Dubuque,Overall Pool,NULL,Hispanic/Latino/Spanish Origins,8790,5,0.06,3.2656770675552864,-3.2056770675552864
311,Dubuque,Criminal Panel,NULL,Asian,897,10,1.11,1.367262445723518,-0.257262445723518
311,Dubuque,Overall Pool,NULL,Black/African American,8790,209,2.38,2.9607189740482682,-0.5807189740482683
311,Dubuque,Criminal Panel,NULL,Native Hawaiian/Pacific Islander,897,1,0.11,0.8098555993133394,-0.6998555993133394
311,Dubuque,Overall Pool,NULL,Native Hawaiian/Pacific Islander,8790,26,0.30,0.8098555993133394,-0.5098555993133393
321,Emmet,Criminal Panel,NULL,Asian,40,0,0.00,0.22673288706542863,-0.22673288706542863
321,Emmet,Overall Pool,NULL,White,1311,1239,94.51,85.21917512416324,9.290824875836762
321,Emmet,Overall Pool,NULL,Asian,1311,7,0.53,0.22673288706542863,0.3032671129345714
321,Emmet,Empanelment,No Result,Asian,40,0,0.00,0.22673288706542863,-0.22673288706542863
321,Emmet,Empanelment,No Result,American Indian/Alaskan Native,40,0,0.00,0.06478082487583675,-0.06478082487583675
321,Emmet,Criminal Panel,NULL,Black/African American,40,0,0.00,1.6411142301878643,-1.6411142301878643
321,Emmet,Overall Pool,NULL,Hispanic/Latino/Spanish Origins,1311,7,0.53,10.170589505506369,-9.64058950550637
321,Emmet,Overall Pool,NULL,Black/African American,1311,7,0.53,1.6411142301878643,-1.1111142301878643
321,Emmet,Criminal Panel,NULL,White,40,37,92.50,85.21917512416324,7.280824875836757
321,Emmet,Criminal Panel,NULL,Hispanic/Latino/Spanish Origins,40,0,0.00,10.170589505506369,-10.170589505506369
321,Emmet,Empanelment,No Result,Hispanic/Latino/Spanish Origins,40,0,0.00,10.170589505506369,-10.170589505506369
321,Emmet,Empanelment,No Result,Black/African American,40,0,0.00,1.6411142301878643,-1.6411142301878643
321,Emmet,Criminal Panel,NULL,Native Hawaiian/Pacific Islander,40,0,0.00,0.05398402072986396,-0.05398402072986396
321,Emmet,Overall Pool,NULL,Native Hawaiian/Pacific Islander,1311,0,0.00,0.05398402072986396,-0.05398402072986396
321,Emmet,Overall Pool,NULL,American Indian/Alaskan Native,1311,3,0.23,0.06478082487583675,0.16521917512416326
321,Emmet,Empanelment,No Result,Native Hawaiian/Pacific Islander,40,0,0.00,0.05398402072986396,-0.05398402072986396
321,Emmet,Criminal Panel,NULL,American Indian/Alaskan Native,40,0,0.00,0.06478082487583675,-0.06478082487583675
321,Emmet,Empanelment,No Result,White,40,37,92.50,85.21917512416324,7.280824875836757
331,Fayette,Overall Pool,NULL,White,1262,1222,96.83,91.01513894649523,5.814861053504771
331,Fayette,Overall Pool,NULL,Asian,1262,4,0.32,0.917669017005392,-0.597669017005392
331,Fayette,Overall Pool,NULL,Hispanic/Latino/Spanish Origins,1262,1,0.08,3.07445043550394,-2.99445043550394
331,Fayette,Overall Pool,NULL,Black/African American,1262,10,0.79,0.7932393197843218,-0.0032393197843217925
331,Fayette,Overall Pool,NULL,Native Hawaiian/Pacific Islander,1262,1,0.08,0.005184570717544587,0.07481542928245541
331,Fayette,Overall Pool,NULL,American Indian/Alaskan Native,1262,1,0.08,0.35773537951057655,-0.27773537951057653
341,Floyd,Empanelment,Juror,White,12,11,91.67,88.68736951983298,2.9826304801670176
341,Floyd,Overall Pool,NULL,Black/African American,1224,22,1.80,1.3765657620041754,0.4234342379958247
341,Floyd,Overall Pool,NULL,Hispanic/Latino/Spanish Origins,1224,0,0.00,3.88178496868476,-3.88178496868476
341,Floyd,Empanelment,Peremptory Strike (Defendant/Respondent),Native Hawaiian/Pacific Islander,5,0,0.00,0.0652400835073069,-0.0652400835073069
341,Floyd,Empanelment,Peremptory Strike (Plaintiff/Petitioner),Native Hawaiian/Pacific Islander,5,0,0.00,0.0652400835073069,-0.0652400835073069
341,Floyd,Empanelment,Court,Native Hawaiian/Pacific Islander,2,0,0.00,0.0652400835073069,-0.0652400835073069
341,Floyd,Empanelment,Challenged For Cause (Plaintiff/Petitioner),Native Hawaiian/Pacific Islander,1,0,0.00,0.0652400835073069,-0.0652400835073069
341,Floyd,Empanelment,Alternate,Native Hawaiian/Pacific Islander,1,0,0.00,0.0652400835073069,-0.0652400835073069
341,Floyd,Empanelment,Not Used,Native Hawaiian/Pacific Islander,28,0,0.00,0.0652400835073069,-0.0652400835073069
341,Floyd,Empanelment,Juror,Native Hawaiian/Pacific Islander,12,0,0.00,0.0652400835073069,-0.0652400835073069
341,Floyd,Overall Pool,NULL,Asian,1224,20,1.63,1.61143006263048,0.01856993736951984
341,Floyd,Overall Pool,NULL,American Indian/Alaskan Native,1224,4,0.33,0.052192066805845504,0.27780793319415453
341,Floyd,Empanelment,Juror,American Indian/Alaskan Native,12,0,0.00,0.052192066805845504,-0.052192066805845504
341,Floyd,Empanelment,Not Used,American Indian/Alaskan Native,28,0,0.00,0.052192066805845504,-0.052192066805845504
341,Floyd,Overall Pool,NULL,Native Hawaiian/Pacific Islander,1224,0,0.00,0.0652400835073069,-0.0652400835073069
341,Floyd,Empanelment,Alternate,American Indian/Alaskan Native,1,0,0.00,0.052192066805845504,-0.052192066805845504
341,Floyd,Empanelment,Challenged For Cause (Plaintiff/Petitioner),American Indian/Alaskan Native,1,0,0.00,0.052192066805845504,-0.052192066805845504
341,Floyd,Empanelment,Court,American Indian/Alaskan Native,2,0,0.00,0.052192066805845504,-0.052192066805845504
341,Floyd,Empanelment,Peremptory Strike (Plaintiff/Petitioner),American Indian/Alaskan Native,5,0,0.00,0.052192066805845504,-0.052192066805845504
341,Floyd,Empanelment,Peremptory Strike (Defendant/Respondent),American Indian/Alaskan Native,5,0,0.00,0.052192066805845504,-0.052192066805845504
341,Floyd,Criminal Panel,NULL,White,54,50,92.59,88.68736951983298,3.9026304801670193
341,Floyd,Criminal Panel,NULL,Black/African American,54,2,3.70,1.3765657620041754,2.3234342379958246
341,Floyd,Criminal Panel,NULL,Hispanic/Latino/Spanish Origins,54,0,0.00,3.88178496868476,-3.88178496868476
341,Floyd,Criminal Panel,NULL,Asian,54,0,0.00,1.61143006263048,-1.61143006263048
341,Floyd,Criminal Panel,NULL,American Indian/Alaskan Native,54,0,0.00,0.052192066805845504,-0.052192066805845504
341,Floyd,Criminal Panel,NULL,Native Hawaiian/Pacific Islander,54,0,0.00,0.0652400835073069,-0.0652400835073069
341,Floyd,Empanelment,Peremptory Strike (Defendant/Respondent),White,5,5,100.00,88.68736951983298,11.312630480167016
341,Floyd,Empanelment,Peremptory Strike (Plaintiff/Petitioner),White,5,3,60.00,88.68736951983298,-28.687369519832984
341,Floyd,Empanelment,Court,White,2,2,100.00,88.68736951983298,11.312630480167016
341,Floyd,Empanelment,Challenged For Cause (Plaintiff/Petitioner),White,1,1,100.00,88.68736951983298,11.312630480167016
341,Floyd,Empanelment,Alternate,White,1,1,100.00,88.68736951983298,11.312630480167016
341,Floyd,Empanelment,Not Used,White,28,27,96.43,88.68736951983298,7.742630480167023
341,Floyd,Empanelment,Juror,Asian,12,0,0.00,1.61143006263048,-1.61143006263048
341,Floyd,Empanelment,Not Used,Asian,28,0,0.00,1.61143006263048,-1.61143006263048
341,Floyd,Empanelment,Alternate,Asian,1,0,0.00,1.61143006263048,-1.61143006263048
341,Floyd,Empanelment,Challenged For Cause (Plaintiff/Petitioner),Asian,1,0,0.00,1.61143006263048,-1.61143006263048
341,Floyd,Empanelment,Court,Asian,2,0,0.00,1.61143006263048,-1.61143006263048
341,Floyd,Empanelment,Peremptory Strike (Plaintiff/Petitioner),Asian,5,0,0.00,1.61143006263048,-1.61143006263048
341,Floyd,Empanelment,Peremptory Strike (Defendant/Respondent),Asian,5,0,0.00,1.61143006263048,-1.61143006263048
341,Floyd,Overall Pool,NULL,White,1224,1150,93.95,88.68736951983298,5.262630480167019
341,Floyd,Empanelment,Peremptory Strike (Defendant/Respondent),Black/African American,5,0,0.00,1.3765657620041754,-1.3765657620041754
341,Floyd,Empanelment,Peremptory Strike (Plaintiff/Petitioner),Black/African American,5,1,20.00,1.3765657620041754,18.623434237995824
341,Floyd,Empanelment,Court,Black/African American,2,0,0.00,1.3765657620041754,-1.3765657620041754
341,Floyd,Empanelment,Challenged For Cause (Plaintiff/Petitioner),Black/African American,1,0,0.00,1.3765657620041754,-1.3765657620041754
341,Floyd,Empanelment,Alternate,Black/African American,1,0,0.00,1.3765657620041754,-1.3765657620041754
341,Floyd,Empanelment,Not Used,Black/African American,28,0,0.00,1.3765657620041754,-1.3765657620041754
341,Floyd,Empanelment,Juror,Black/African American,12,1,8.33,1.3765657620041754,6.9534342379958245
341,Floyd,Empanelment,Juror,Hispanic/Latino/Spanish Origins,12,0,0.00,3.88178496868476,-3.88178496868476
341,Floyd,Empanelment,Not Used,Hispanic/Latino/Spanish Origins,28,0,0.00,3.88178496868476,-3.88178496868476
341,Floyd,Empanelment,Alternate,Hispanic/Latino/Spanish Origins,1,0,0.00,3.88178496868476,-3.88178496868476
341,Floyd,Empanelment,Challenged For Cause (Plaintiff/Petitioner),Hispanic/Latino/Spanish Origins,1,0,0.00,3.88178496868476,-3.88178496868476
341,Floyd,Empanelment,Court,Hispanic/Latino/Spanish Origins,2,0,0.00,3.88178496868476,-3.88178496868476
341,Floyd,Empanelment,Peremptory Strike (Plaintiff/Petitioner),Hispanic/Latino/Spanish Origins,5,0,0.00,3.88178496868476,-3.88178496868476
341,Floyd,Empanelment,Peremptory Strike (Defendant/Respondent),Hispanic/Latino/Spanish Origins,5,0,0.00,3.88178496868476,-3.88178496868476
351,Franklin,Overall Pool,NULL,Hispanic/Latino/Spanish Origins,1153,7,0.61,16.49256729610285,-15.882567296102852
351,Franklin,Overall Pool,NULL,Asian,1153,4,0.35,0.3615910004017678,-0.011591000401767804
351,Franklin,Overall Pool,NULL,White,1153,1090,94.54,80.22298111691443,14.31701888308558
351,Franklin,Overall Pool,NULL,American Indian/Alaskan Native,1153,4,0.35,0.29128163921253514,0.05871836078746484
351,Franklin,Overall Pool,NULL,Native Hawaiian/Pacific Islander,1153,0,0.00,0,0
351,Franklin,Overall Pool,NULL,Black/African American,1153,6,0.52,0.6729610285255123,-0.1529610285255123
361,Fremont,Empanelment,Challenged For Cause (Defendant/Respondent),White,4,4,100.00,91.41848326680994,8.581516733190057
361,Fremont,Empanelment,Peremptory Strike (Defendant/Respondent),White,4,3,75.00,91.41848326680994,-16.418483266809943
361,Fremont,Overall Pool,NULL,White,1758,1698,96.59,91.41848326680994,5.17151673319006
361,Fremont,Criminal Panel,NULL,Hispanic/Latino/Spanish Origins,37,0,0.00,3.361989560945656,-3.361989560945656
361,Fremont,Overall Pool,NULL,Hispanic/Latino/Spanish Origins,1758,0,0.00,3.361989560945656,-3.361989560945656
361,Fremont,Empanelment,Peremptory Strike (Defendant/Respondent),Black/African American,4,0,0.00,0.5987104697574455,-0.5987104697574455
361,Fremont,Empanelment,Peremptory Strike (Plaintiff/Petitioner),Hispanic/Latino/Spanish Origins,4,0,0.00,3.361989560945656,-3.361989560945656
361,Fremont,Criminal Panel,NULL,Asian,37,0,0.00,0.15351550506601166,-0.15351550506601166
361,Fremont,Empanelment,Court,Hispanic/Latino/Spanish Origins,2,0,0.00,3.361989560945656,-3.361989560945656
361,Fremont,Empanelment,Challenged For Cause (Defendant/Respondent),Black/African American,4,0,0.00,0.5987104697574455,-0.5987104697574455
361,Fremont,Empanelment,Peremptory Strike (Defendant/Respondent),Native Hawaiian/Pacific Islander,4,0,0.00,0,0
361,Fremont,Empanelment,Peremptory Strike (Plaintiff/Petitioner),Asian,4,0,0.00,0.15351550506601166,-0.15351550506601166
361,Fremont,Empanelment,Court,Asian,2,0,0.00,0.15351550506601166,-0.15351550506601166
361,Fremont,Empanelment,Juror,Asian,12,0,0.00,0.15351550506601166,-0.15351550506601166
361,Fremont,Empanelment,Not Used,Asian,11,0,0.00,0.15351550506601166,-0.15351550506601166
361,Fremont,Empanelment,Challenged For Cause (Defendant/Respondent),Asian,4,0,0.00,0.15351550506601166,-0.15351550506601166
361,Fremont,Empanelment,Peremptory Strike (Defendant/Respondent),Asian,4,0,0.00,0.15351550506601166,-0.15351550506601166
361,Fremont,Empanelment,Juror,Hispanic/Latino/Spanish Origins,12,0,0.00,3.361989560945656,-3.361989560945656
361,Fremont,Criminal Panel,NULL,Black/African American,37,0,0.00,0.5987104697574455,-0.5987104697574455
361,Fremont,Empanelment,Peremptory Strike (Plaintiff/Petitioner),American Indian/Alaskan Native,4,0,0.00,0.07675775253300583,-0.07675775253300583
361,Fremont,Empanelment,Challenged For Cause (Defendant/Respondent),Native Hawaiian/Pacific Islander,4,0,0.00,0,0
361,Fremont,Overall Pool,NULL,Black/African American,1758,11,0.63,0.5987104697574455,0.03128953024255454
361,Fremont,Empanelment,Not Used,Native Hawaiian/Pacific Islander,11,0,0.00,0,0
361,Fremont,Empanelment,Juror,Native Hawaiian/Pacific Islander,12,0,0.00,0,0
361,Fremont,Empanelment,Court,Native Hawaiian/Pacific Islander,2,0,0.00,0,0
361,Fremont,Criminal Panel,NULL,American Indian/Alaskan Native,37,0,0.00,0.07675775253300583,-0.07675775253300583
361,Fremont,Empanelment,Peremptory Strike (Plaintiff/Petitioner),Native Hawaiian/Pacific Islander,4,0,0.00,0,0
361,Fremont,Empanelment,Not Used,Black/African American,11,0,0.00,0.5987104697574455,-0.5987104697574455
361,Fremont,Empanelment,Juror,Black/African American,12,0,0.00,0.5987104697574455,-0.5987104697574455
361,Fremont,Empanelment,Court,Black/African American,2,0,0.00,0.5987104697574455,-0.5987104697574455
361,Fremont,Criminal Panel,NULL,Native Hawaiian/Pacific Islander,37,0,0.00,0,0
361,Fremont,Empanelment,Not Used,Hispanic/Latino/Spanish Origins,11,0,0.00,3.361989560945656,-3.361989560945656
361,Fremont,Empanelment,Peremptory Strike (Plaintiff/Petitioner),Black/African American,4,0,0.00,0.5987104697574455,-0.5987104697574455
361,Fremont,Empanelment,Challenged For Cause (Defendant/Respondent),Hispanic/Latino/Spanish Origins,4,0,0.00,3.361989560945656,-3.361989560945656
361,Fremont,Overall Pool,NULL,American Indian/Alaskan Native,1758,5,0.28,0.07675775253300583,0.2032422474669942
361,Fremont,Empanelment,Peremptory Strike (Defendant/Respondent),Hispanic/Latino/Spanish Origins,4,0,0.00,3.361989560945656,-3.361989560945656
361,Fremont,Empanelment,Peremptory Strike (Plaintiff/Petitioner),White,4,4,100.00,91.41848326680994,8.581516733190057
361,Fremont,Empanelment,Court,White,2,2,100.00,91.41848326680994,8.581516733190057
361,Fremont,Empanelment,Juror,White,12,10,83.33,91.41848326680994,-8.088483266809945
361,Fremont,Criminal Panel,NULL,White,37,34,91.89,91.41848326680994,0.4715167331900574
361,Fremont,Overall Pool,NULL,Native Hawaiian/Pacific Islander,1758,1,0.06,0,0.06
361,Fremont,Empanelment,Challenged For Cause (Defendant/Respondent),American Indian/Alaskan Native,4,0,0.00,0.07675775253300583,-0.07675775253300583
361,Fremont,Empanelment,Peremptory Strike (Defendant/Respondent),American Indian/Alaskan Native,4,0,0.00,0.07675775253300583,-0.07675775253300583
361,Fremont,Empanelment,Not Used,American Indian/Alaskan Native,11,0,0.00,0.07675775253300583,-0.07675775253300583
361,Fremont,Empanelment,Juror,American Indian/Alaskan Native,12,0,0.00,0.07675775253300583,-0.07675775253300583
361,Fremont,Empanelment,Court,American Indian/Alaskan Native,2,0,0.00,0.07675775253300583,-0.07675775253300583
361,Fremont,Overall Pool,NULL,Asian,1758,8,0.46,0.15351550506601166,0.3064844949339883
361,Fremont,Empanelment,Not Used,White,11,11,100.00,91.41848326680994,8.581516733190057
371,Greene,Empanelment,Alternate,Hispanic/Latino/Spanish Origins,3,0,0.00,3.533609576427256,-3.533609576427256
371,Greene,Empanelment,No Result,White,119,118,99.16,92.29972375690608,6.860276243093921
371,Greene,Empanelment,Court,White,15,15,100.00,92.29972375690608,7.700276243093924
371,Greene,Empanelment,Juror,White,24,24,100.00,92.29972375690608,7.700276243093924
371,Greene,Empanelment,Peremptory Strike (Plaintiff/Petitioner),Black/African American,16,0,0.00,0.11510128913443832,-0.11510128913443832
371,Greene,Empanelment,Not Used,Black/African American,49,0,0.00,0.11510128913443832,-0.11510128913443832
371,Greene,Empanelment,Juror,Black/African American,24,0,0.00,0.11510128913443832,-0.11510128913443832
371,Greene,Empanelment,Court,Black/African American,15,0,0.00,0.11510128913443832,-0.11510128913443832
371,Greene,Empanelment,No Result,Black/African American,119,0,0.00,0.11510128913443832,-0.11510128913443832
371,Greene,Empanelment,Peremptory Strike (Defendant/Respondent),Black/African American,12,0,0.00,0.11510128913443832,-0.11510128913443832
371,Greene,Empanelment,Alternate,Black/African American,3,0,0.00,0.11510128913443832,-0.11510128913443832
371,Greene,Empanelment,Not Used,White,49,46,93.88,92.29972375690608,1.5802762430939197
371,Greene,Criminal Panel,NULL,Native Hawaiian/Pacific Islander,237,0,0.00,0,0
371,Greene,Empanelment,Peremptory Strike (Plaintiff/Petitioner),White,16,16,100.00,92.29972375690608,7.700276243093924
371,Greene,Overall Pool,NULL,Hispanic/Latino/Spanish Origins,1858,0,0.00,3.533609576427256,-3.533609576427256
371,Greene,Overall Pool,NULL,Native Hawaiian/Pacific Islander,1858,3,0.16,0,0.16
371,Greene,Empanelment,Peremptory Strike (Plaintiff/Petitioner),Native Hawaiian/Pacific Islander,16,0,0.00,0,0
371,Greene,Empanelment,Not Used,Native Hawaiian/Pacific Islander,49,0,0.00,0,0
371,Greene,Empanelment,Juror,Native Hawaiian/Pacific Islander,24,0,0.00,0,0
371,Greene,Empanelment,Court,Native Hawaiian/Pacific Islander,15,0,0.00,0,0
371,Greene,Empanelment,No Result,Native Hawaiian/Pacific Islander,119,0,0.00,0,0
371,Greene,Empanelment,Peremptory Strike (Defendant/Respondent),Native Hawaiian/Pacific Islander,12,0,0.00,0,0
371,Greene,Empanelment,Alternate,Native Hawaiian/Pacific Islander,3,0,0.00,0,0
371,Greene,Criminal Panel,NULL,Asian,237,1,0.42,0.6330570902394107,-0.21305709023941072
371,Greene,Criminal Panel,NULL,Hispanic/Latino/Spanish Origins,237,0,0.00,3.533609576427256,-3.533609576427256
371,Greene,Criminal Panel,NULL,White,237,233,98.31,92.29972375690608,6.0102762430939265
371,Greene,Overall Pool,NULL,Asian,1858,9,0.48,0.6330570902394107,-0.15305709023941072
371,Greene,Criminal Panel,NULL,Black/African American,237,0,0.00,0.11510128913443832,-0.11510128913443832
371,Greene,Empanelment,Alternate,Asian,3,0,0.00,0.6330570902394107,-0.6330570902394107
371,Greene,Empanelment,Peremptory Strike (Defendant/Respondent),Asian,12,1,8.33,0.6330570902394107,7.6969429097605895
371,Greene,Empanelment,No Result,Asian,119,0,0.00,0.6330570902394107,-0.6330570902394107
371,Greene,Empanelment,Court,Asian,15,0,0.00,0.6330570902394107,-0.6330570902394107
371,Greene,Empanelment,Juror,Asian,24,0,0.00,0.6330570902394107,-0.6330570902394107
371,Greene,Empanelment,Not Used,Asian,49,0,0.00,0.6330570902394107,-0.6330570902394107
371,Greene,Empanelment,Peremptory Strike (Plaintiff/Petitioner),Asian,16,0,0.00,0.6330570902394107,-0.6330570902394107
371,Greene,Empanelment,Peremptory Strike (Plaintiff/Petitioner),American Indian/Alaskan Native,16,0,0.00,0.2647329650092081,-0.2647329650092081
371,Greene,Overall Pool,NULL,Black/African American,1858,3,0.16,0.11510128913443832,0.044898710865561686
371,Greene,Empanelment,Not Used,American Indian/Alaskan Native,49,0,0.00,0.2647329650092081,-0.2647329650092081
371,Greene,Empanelment,Juror,American Indian/Alaskan Native,24,0,0.00,0.2647329650092081,-0.2647329650092081
371,Greene,Criminal Panel,NULL,American Indian/Alaskan Native,237,1,0.42,0.2647329650092081,0.15526703499079186
371,Greene,Empanelment,Court,American Indian/Alaskan Native,15,0,0.00,0.2647329650092081,-0.2647329650092081
371,Greene,Empanelment,No Result,American Indian/Alaskan Native,119,0,0.00,0.2647329650092081,-0.2647329650092081
371,Greene,Empanelment,Peremptory Strike (Defendant/Respondent),American Indian/Alaskan Native,12,0,0.00,0.2647329650092081,-0.2647329650092081
371,Greene,Empanelment,Alternate,American Indian/Alaskan Native,3,0,0.00,0.2647329650092081,-0.2647329650092081
371,Greene,Overall Pool,NULL,White,1858,1814,97.63,92.29972375690608,5.33027624309392
371,Greene,Overall Pool,NULL,American Indian/Alaskan Native,1858,8,0.43,0.2647329650092081,0.16526703499079187
371,Greene,Empanelment,Alternate,White,3,3,100.00,92.29972375690608,7.700276243093924
371,Greene,Empanelment,Not Used,Hispanic/Latino/Spanish Origins,49,0,0.00,3.533609576427256,-3.533609576427256
371,Greene,Empanelment,Juror,Hispanic/Latino/Spanish Origins,24,0,0.00,3.533609576427256,-3.533609576427256
371,Greene,Empanelment,Court,Hispanic/Latino/Spanish Origins,15,0,0.00,3.533609576427256,-3.533609576427256
371,Greene,Empanelment,No Result,Hispanic/Latino/Spanish Origins,119,0,0.00,3.533609576427256,-3.533609576427256
371,Greene,Empanelment,Peremptory Strike (Defendant/Respondent),Hispanic/Latino/Spanish Origins,12,0,0.00,3.533609576427256,-3.533609576427256
371,Greene,Empanelment,Peremptory Strike (Defendant/Respondent),White,12,11,91.67,92.29972375690608,-0.6297237569060741
371,Greene,Empanelment,Peremptory Strike (Plaintiff/Petitioner),Hispanic/Latino/Spanish Origins,16,0,0.00,3.533609576427256,-3.533609576427256
381,Grundy,Overall Pool,NULL,Black/African American,1109,3,0.27,0.5733204134366925,-0.30332041343669247
381,Grundy,Overall Pool,NULL,American Indian/Alaskan Native,1109,0,0.00,0.4683462532299742,-0.4683462532299742
381,Grundy,Overall Pool,NULL,White,1109,1086,97.93,94.87241602067184,3.0575839793281716
381,Grundy,Overall Pool,NULL,Asian,1109,3,0.27,0.476421188630491,-0.20642118863049097
381,Grundy,Overall Pool,NULL,Native Hawaiian/Pacific Islander,1109,2,0.18,0,0.18
381,Grundy,Overall Pool,NULL,Hispanic/Latino/Spanish Origins,1109,0,0.00,1.7684108527131783,-1.7684108527131783
391,Guthrie,Overall Pool,NULL,American Indian/Alaskan Native,1036,2,0.19,0.1403443113772455,0.04965568862275449
391,Guthrie,Criminal Panel,NULL,Hispanic/Latino/Spanish Origins,221,0,0.00,3.096931137724551,-3.096931137724551
391,Guthrie,Criminal Panel,NULL,Asian,221,2,0.90,0.467814371257485,0.43218562874251504
391,Guthrie,Empanelment,Alternate,White,1,1,100.00,92.44011976047905,7.55988023952095
391,Guthrie,Empanelment,Not Used,White,128,120,93.75,92.44011976047905,1.3098802395209503
391,Guthrie,Empanelment,Juror,White,71,68,95.77,92.44011976047905,3.3298802395209464
391,Guthrie,Overall Pool,NULL,Hispanic/Latino/Spanish Origins,1036,2,0.19,3.096931137724551,-2.906931137724551
391,Guthrie,Empanelment,Juror,Native Hawaiian/Pacific Islander,71,0,0.00,0.2526197604790419,-0.2526197604790419
391,Guthrie,Empanelment,Not Used,Native Hawaiian/Pacific Islander,128,0,0.00,0.2526197604790419,-0.2526197604790419
391,Guthrie,Empanelment,Alternate,Native Hawaiian/Pacific Islander,1,0,0.00,0.2526197604790419,-0.2526197604790419
391,Guthrie,Empanelment,No Result,Native Hawaiian/Pacific Islander,22,0,0.00,0.2526197604790419,-0.2526197604790419
391,Guthrie,Empanelment,Not Used,Asian,128,2,1.56,0.467814371257485,1.0921856287425151
391,Guthrie,Empanelment,Alternate,Asian,1,0,0.00,0.467814371257485,-0.467814371257485
391,Guthrie,Empanelment,No Result,Asian,22,0,0.00,0.467814371257485,-0.467814371257485
391,Guthrie,Empanelment,Juror,Asian,71,0,0.00,0.467814371257485,-0.467814371257485
391,Guthrie,Overall Pool,NULL,Asian,1036,4,0.39,0.467814371257485,-0.07781437125748497
391,Guthrie,Overall Pool,NULL,Black/African American,1036,5,0.48,0.561377245508982,-0.08137724550898207
391,Guthrie,Empanelment,Juror,Hispanic/Latino/Spanish Origins,71,0,0.00,3.096931137724551,-3.096931137724551
391,Guthrie,Empanelment,Not Used,Hispanic/Latino/Spanish Origins,128,0,0.00,3.096931137724551,-3.096931137724551
391,Guthrie,Empanelment,Alternate,Hispanic/Latino/Spanish Origins,1,0,0.00,3.096931137724551,-3.096931137724551
391,Guthrie,Empanelment,No Result,Hispanic/Latino/Spanish Origins,22,0,0.00,3.096931137724551,-3.096931137724551
391,Guthrie,Criminal Panel,NULL,Native Hawaiian/Pacific Islander,221,0,0.00,0.2526197604790419,-0.2526197604790419
391,Guthrie,Empanelment,No Result,Black/African American,22,0,0.00,0.561377245508982,-0.561377245508982
391,Guthrie,Empanelment,Alternate,Black/African American,1,0,0.00,0.561377245508982,-0.561377245508982
391,Guthrie,Empanelment,Not Used,Black/African American,128,1,0.78,0.561377245508982,0.21862275449101798
391,Guthrie,Empanelment,Juror,Black/African American,71,0,0.00,0.561377245508982,-0.561377245508982
391,Guthrie,Overall Pool,NULL,White,1036,998,96.33,92.44011976047905,3.8898802395209486
391,Guthrie,Empanelment,No Result,American Indian/Alaskan Native,22,0,0.00,0.1403443113772455,-0.1403443113772455
391,Guthrie,Empanelment,Alternate,American Indian/Alaskan Native,1,0,0.00,0.1403443113772455,-0.1403443113772455
391,Guthrie,Empanelment,Not Used,American Indian/Alaskan Native,128,0,0.00,0.1403443113772455,-0.1403443113772455
391,Guthrie,Empanelment,Juror,American Indian/Alaskan Native,71,0,0.00,0.1403443113772455,-0.1403443113772455
391,Guthrie,Criminal Panel,NULL,American Indian/Alaskan Native,221,0,0.00,0.1403443113772455,-0.1403443113772455
391,Guthrie,Empanelment,No Result,White,22,21,95.45,92.44011976047905,3.009880239520953
391,Guthrie,Overall Pool,NULL,Native Hawaiian/Pacific Islander,1036,0,0.00,0.2526197604790419,-0.2526197604790419
391,Guthrie,Criminal Panel,NULL,White,221,210,95.02,92.44011976047905,2.5798802395209464
391,Guthrie,Criminal Panel,NULL,Black/African American,221,1,0.45,0.561377245508982,-0.11137724550898204
401,Hamilton,Criminal Panel,NULL,American Indian/Alaskan Native,59,0,0.00,0.3291683460970039,-0.3291683460970039
401,Hamilton,Criminal Panel,NULL,Asian,59,1,1.69,2.270589815934435,-0.5805898159344349
401,Hamilton,Criminal Panel,NULL,Black/African American,59,0,0.00,0.9673518742442563,-0.9673518742442563
401,Hamilton,Empanelment,Not Used,Native Hawaiian/Pacific Islander,59,0,0.00,0.14107214832728737,-0.14107214832728737
401,Hamilton,Criminal Panel,NULL,Native Hawaiian/Pacific Islander,59,0,0.00,0.14107214832728737,-0.14107214832728737
401,Hamilton,Empanelment,Not Used,Black/African American,59,0,0.00,0.9673518742442563,-0.9673518742442563
401,Hamilton,Criminal Panel,NULL,White,59,58,98.31,83.77670294236195,14.533297057638052
401,Hamilton,Overall Pool,NULL,Hispanic/Latino/Spanish Origins,765,2,0.26,10.143759236866854,-9.883759236866855
401,Hamilton,Criminal Panel,NULL,Hispanic/Latino/Spanish Origins,59,0,0.00,10.143759236866854,-10.143759236866854
401,Hamilton,Overall Pool,NULL,Native Hawaiian/Pacific Islander,765,0,0.00,0.14107214832728737,-0.14107214832728737
401,Hamilton,Empanelment,Not Used,Hispanic/Latino/Spanish Origins,59,0,0.00,10.143759236866854,-10.143759236866854
401,Hamilton,Overall Pool,NULL,White,765,719,93.99,83.77670294236195,10.213297057638044
401,Hamilton,Empanelment,Not Used,Asian,59,1,1.69,2.270589815934435,-0.5805898159344349
401,Hamilton,Overall Pool,NULL,Black/African American,765,2,0.26,0.9673518742442563,-0.7073518742442563
401,Hamilton,Overall Pool,NULL,Asian,765,13,1.70,2.270589815934435,-0.5705898159344349
401,Hamilton,Empanelment,Not Used,American Indian/Alaskan Native,59,0,0.00,0.3291683460970039,-0.3291683460970039
401,Hamilton,Empanelment,Not Used,White,59,58,98.31,83.77670294236195,14.533297057638052
401,Hamilton,Overall Pool,NULL,American Indian/Alaskan Native,765,2,0.26,0.3291683460970039,-0.0691683460970039
411,Hancock,Empanelment,Not Used,White,146,142,97.26,90.13213382063536,7.127866179364645
411,Hancock,Overall Pool,NULL,Native Hawaiian/Pacific Islander,981,1,0.10,0,0.1
411,Hancock,Overall Pool,NULL,White,981,946,96.43,90.13213382063536,6.297866179364647
411,Hancock,Criminal Panel,NULL,Asian,277,0,0.00,1.2463686627307657,-1.2463686627307657
411,Hancock,Empanelment,Juror,White,59,57,96.61,90.13213382063536,6.477866179364639
411,Hancock,Empanelment,Juror,Asian,59,0,0.00,1.2463686627307657,-1.2463686627307657
411,Hancock,Empanelment,Not Used,Asian,146,0,0.00,1.2463686627307657,-1.2463686627307657
411,Hancock,Empanelment,Peremptory Strike (Plaintiff/Petitioner),Asian,29,0,0.00,1.2463686627307657,-1.2463686627307657
411,Hancock,Criminal Panel,NULL,American Indian/Alaskan Native,277,1,0.36,0.10308312248149189,0.2569168775185081
411,Hancock,Criminal Panel,NULL,White,277,268,96.75,90.13213382063536,6.61786617936464
411,Hancock,Empanelment,Alternate,Asian,5,0,0.00,1.2463686627307657,-1.2463686627307657
411,Hancock,Empanelment,Peremptory Strike (Defendant/Respondent),Asian,29,0,0.00,1.2463686627307657,-1.2463686627307657
411,Hancock,Criminal Panel,NULL,Hispanic/Latino/Spanish Origins,277,0,0.00,5.9507075250679415,-5.9507075250679415
411,Hancock,Empanelment,Court,Asian,9,0,0.00,1.2463686627307657,-1.2463686627307657
411,Hancock,Overall Pool,NULL,Asian,981,1,0.10,1.2463686627307657,-1.1463686627307657
411,Hancock,Empanelment,Juror,Native Hawaiian/Pacific Islander,59,0,0.00,0,0
411,Hancock,Empanelment,Not Used,Native Hawaiian/Pacific Islander,146,0,0.00,0,0
411,Hancock,Empanelment,Peremptory Strike (Plaintiff/Petitioner),Native Hawaiian/Pacific Islander,29,0,0.00,0,0
411,Hancock,Empanelment,Alternate,Native Hawaiian/Pacific Islander,5,0,0.00,0,0
411,Hancock,Empanelment,Peremptory Strike (Defendant/Respondent),Native Hawaiian/Pacific Islander,29,0,0.00,0,0
411,Hancock,Empanelment,Court,Native Hawaiian/Pacific Islander,9,0,0.00,0,0
411,Hancock,Overall Pool,NULL,Hispanic/Latino/Spanish Origins,981,1,0.10,5.9507075250679415,-5.850707525067942
411,Hancock,Criminal Panel,NULL,Native Hawaiian/Pacific Islander,277,0,0.00,0,0
411,Hancock,Empanelment,Court,White,9,8,88.89,90.13213382063536,-1.2421338206353596
411,Hancock,Empanelment,Court,Black/African American,9,1,11.11,0.44981726173741915,10.66018273826258
411,Hancock,Empanelment,Peremptory Strike (Defendant/Respondent),Black/African American,29,0,0.00,0.44981726173741915,-0.44981726173741915
411,Hancock,Empanelment,Alternate,Black/African American,5,0,0.00,0.44981726173741915,-0.44981726173741915
411,Hancock,Empanelment,Peremptory Strike (Plaintiff/Petitioner),Black/African American,29,1,3.45,0.44981726173741915,3.000182738262581
411,Hancock,Empanelment,Not Used,Black/African American,146,0,0.00,0.44981726173741915,-0.44981726173741915
411,Hancock,Empanelment,Juror,Hispanic/Latino/Spanish Origins,59,0,0.00,5.9507075250679415,-5.9507075250679415
411,Hancock,Empanelment,Juror,Black/African American,59,0,0.00,0.44981726173741915,-0.44981726173741915
411,Hancock,Empanelment,Not Used,Hispanic/Latino/Spanish Origins,146,0,0.00,5.9507075250679415,-5.9507075250679415
411,Hancock,Empanelment,Peremptory Strike (Plaintiff/Petitioner),Hispanic/Latino/Spanish Origins,29,0,0.00,5.9507075250679415,-5.9507075250679415
411,Hancock,Empanelment,Alternate,Hispanic/Latino/Spanish Origins,5,0,0.00,5.9507075250679415,-5.9507075250679415
411,Hancock,Empanelment,Peremptory Strike (Defendant/Respondent),Hispanic/Latino/Spanish Origins,29,0,0.00,5.9507075250679415,-5.9507075250679415
411,Hancock,Overall Pool,NULL,Black/African American,981,2,0.20,0.44981726173741915,-0.24981726173741914
411,Hancock,Empanelment,Court,Hispanic/Latino/Spanish Origins,9,0,0.00,5.9507075250679415,-5.9507075250679415
411,Hancock,Empanelment,Peremptory Strike (Defendant/Respondent),White,29,29,100.00,90.13213382063536,9.86786617936464
411,Hancock,Empanelment,Alternate,White,5,5,100.00,90.13213382063536,9.86786617936464
411,Hancock,Criminal Panel,NULL,Black/African American,277,2,0.72,0.44981726173741915,0.2701827382625808
411,Hancock,Overall Pool,NULL,American Indian/Alaskan Native,981,6,0.61,0.10308312248149189,0.5069168775185081
411,Hancock,Empanelment,Juror,American Indian/Alaskan Native,59,0,0.00,0.10308312248149189,-0.10308312248149189
411,Hancock,Empanelment,Not Used,American Indian/Alaskan Native,146,0,0.00,0.10308312248149189,-0.10308312248149189
411,Hancock,Empanelment,Peremptory Strike (Plaintiff/Petitioner),American Indian/Alaskan Native,29,0,0.00,0.10308312248149189,-0.10308312248149189
411,Hancock,Empanelment,Alternate,American Indian/Alaskan Native,5,0,0.00,0.10308312248149189,-0.10308312248149189
411,Hancock,Empanelment,Peremptory Strike (Defendant/Respondent),American Indian/Alaskan Native,29,0,0.00,0.10308312248149189,-0.10308312248149189
411,Hancock,Empanelment,Court,American Indian/Alaskan Native,9,0,0.00,0.10308312248149189,-0.10308312248149189
411,Hancock,Empanelment,Peremptory Strike (Plaintiff/Petitioner),White,29,27,93.10,90.13213382063536,2.967866179364634
421,Hardin,Empanelment,Peremptory Strike (Plaintiff/Petitioner),White,7,7,100.00,90.0534887913937,9.946511208606296
421,Hardin,Empanelment,Peremptory Strike (Defendant/Respondent),White,7,7,100.00,90.0534887913937,9.946511208606296
421,Hardin,Empanelment,Not Used,White,109,108,99.08,90.0534887913937,9.026511208606294
421,Hardin,Empanelment,Juror,White,12,12,100.00,90.0534887913937,9.946511208606296
421,Hardin,Empanelment,Alternate,White,2,2,100.00,90.0534887913937,9.946511208606296
421,Hardin,Empanelment,Peremptory Strike (Plaintiff/Petitioner),Asian,7,0,0.00,0.8954865076026204,-0.8954865076026204
421,Hardin,Empanelment,Peremptory Strike (Defendant/Respondent),Asian,7,0,0.00,0.8954865076026204,-0.8954865076026204
421,Hardin,Empanelment,Not Used,Asian,109,0,0.00,0.8954865076026204,-0.8954865076026204
421,Hardin,Empanelment,Juror,Asian,12,0,0.00,0.8954865076026204,-0.8954865076026204
421,Hardin,Empanelment,Alternate,Asian,2,0,0.00,0.8954865076026204,-0.8954865076026204
421,Hardin,Criminal Panel,NULL,Native Hawaiian/Pacific Islander,137,0,0.00,0,0
421,Hardin,Criminal Panel,NULL,American Indian/Alaskan Native,137,1,0.73,0.9135164372858946,-0.18351643728589462
421,Hardin,Overall Pool,NULL,White,742,707,95.28,90.0534887913937,5.226511208606297
421,Hardin,Criminal Panel,NULL,Asian,137,0,0.00,0.8954865076026204,-0.8954865076026204
421,Hardin,Empanelment,Alternate,Hispanic/Latino/Spanish Origins,2,0,0.00,5.475088647154276,-5.475088647154276
421,Hardin,Empanelment,Juror,Hispanic/Latino/Spanish Origins,12,0,0.00,5.475088647154276,-5.475088647154276
421,Hardin,Empanelment,Not Used,Hispanic/Latino/Spanish Origins,109,0,0.00,5.475088647154276,-5.475088647154276
421,Hardin,Empanelment,Peremptory Strike (Defendant/Respondent),Hispanic/Latino/Spanish Origins,7,0,0.00,5.475088647154276,-5.475088647154276
421,Hardin,Empanelment,Peremptory Strike (Plaintiff/Petitioner),Hispanic/Latino/Spanish Origins,7,0,0.00,5.475088647154276,-5.475088647154276
421,Hardin,Empanelment,Alternate,Native Hawaiian/Pacific Islander,2,0,0.00,0,0
421,Hardin,Empanelment,Juror,Native Hawaiian/Pacific Islander,12,0,0.00,0,0
421,Hardin,Criminal Panel,NULL,Hispanic/Latino/Spanish Origins,137,0,0.00,5.475088647154276,-5.475088647154276
421,Hardin,Criminal Panel,NULL,Black/African American,137,0,0.00,1.081795780996454,-1.081795780996454
421,Hardin,Criminal Panel,NULL,White,137,136,99.27,90.0534887913937,9.216511208606292
421,Hardin,Overall Pool,NULL,Native Hawaiian/Pacific Islander,742,0,0.00,0,0
421,Hardin,Empanelment,Peremptory Strike (Plaintiff/Petitioner),American Indian/Alaskan Native,7,0,0.00,0.9135164372858946,-0.9135164372858946
421,Hardin,Empanelment,Peremptory Strike (Defendant/Respondent),American Indian/Alaskan Native,7,0,0.00,0.9135164372858946,-0.9135164372858946
421,Hardin,Empanelment,Not Used,American Indian/Alaskan Native,109,0,0.00,0.9135164372858946,-0.9135164372858946
421,Hardin,Empanelment,Juror,American Indian/Alaskan Native,12,0,0.00,0.9135164372858946,-0.9135164372858946
421,Hardin,Empanelment,Alternate,American Indian/Alaskan Native,2,0,0.00,0.9135164372858946,-0.9135164372858946
421,Hardin,Overall Pool,NULL,American Indian/Alaskan Native,742,3,0.40,0.9135164372858946,-0.5135164372858946
421,Hardin,Overall Pool,NULL,Black/African American,742,3,0.40,1.081795780996454,-0.681795780996454
421,Hardin,Empanelment,Peremptory Strike (Plaintiff/Petitioner),Black/African American,7,0,0.00,1.081795780996454,-1.081795780996454
421,Hardin,Empanelment,Peremptory Strike (Defendant/Respondent),Black/African American,7,0,0.00,1.081795780996454,-1.081795780996454
421,Hardin,Empanelment,Not Used,Black/African American,109,0,0.00,1.081795780996454,-1.081795780996454
421,Hardin,Empanelment,Juror,Black/African American,12,0,0.00,1.081795780996454,-1.081795780996454
421,Hardin,Empanelment,Alternate,Black/African American,2,0,0.00,1.081795780996454,-1.081795780996454
421,Hardin,Overall Pool,NULL,Asian,742,8,1.08,0.8954865076026204,0.18451349239737969
421,Hardin,Empanelment,Not Used,Native Hawaiian/Pacific Islander,109,0,0.00,0,0
421,Hardin,Empanelment,Peremptory Strike (Defendant/Respondent),Native Hawaiian/Pacific Islander,7,0,0.00,0,0
421,Hardin,Empanelment,Peremptory Strike (Plaintiff/Petitioner),Native Hawaiian/Pacific Islander,7,0,0.00,0,0
421,Hardin,Overall Pool,NULL,Hispanic/Latino/Spanish Origins,742,2,0.27,5.475088647154276,-5.205088647154277
431,Harrison,Empanelment,No Result,Native Hawaiian/Pacific Islander,1,0,0.00,0,0
431,Harrison,Empanelment,Peremptory Strike (Plaintiff/Petitioner),Native Hawaiian/Pacific Islander,22,0,0.00,0,0
431,Harrison,Empanelment,Challenged For Cause (Plaintiff/Petitioner),Native Hawaiian/Pacific Islander,3,0,0.00,0,0
431,Harrison,Empanelment,Juror,Native Hawaiian/Pacific Islander,36,0,0.00,0,0
431,Harrison,Empanelment,No Result,Asian,1,0,0.00,0.29387643521049756,-0.29387643521049756
431,Harrison,Empanelment,Peremptory Strike (Plaintiff/Petitioner),Asian,22,0,0.00,0.29387643521049756,-0.29387643521049756
431,Harrison,Empanelment,Challenged For Cause (Plaintiff/Petitioner),Asian,3,0,0.00,0.29387643521049756,-0.29387643521049756
431,Harrison,Empanelment,Juror,Asian,36,0,0.00,0.29387643521049756,-0.29387643521049756
431,Harrison,Empanelment,Not Used,White,35,34,97.14,94.40267905959541,2.7373209404045866
431,Harrison,Overall Pool,NULL,Asian,1541,6,0.39,0.29387643521049756,0.09612356478950246
431,Harrison,Empanelment,Alternate,American Indian/Alaskan Native,4,0,0.00,0.06150902132312739,-0.06150902132312739
431,Harrison,Criminal Panel,NULL,White,136,135,99.26,94.40267905959541,4.857320940404591
431,Harrison,Criminal Panel,NULL,Black/African American,136,0,0.00,0.12301804264625478,-0.12301804264625478
431,Harrison,Empanelment,Peremptory Strike (Defendant/Respondent),American Indian/Alaskan Native,21,0,0.00,0.06150902132312739,-0.06150902132312739
431,Harrison,Criminal Panel,NULL,Hispanic/Latino/Spanish Origins,136,0,0.00,2.241662110442865,-2.241662110442865
431,Harrison,Empanelment,Alternate,Native Hawaiian/Pacific Islander,4,0,0.00,0,0
431,Harrison,Empanelment,Juror,White,36,36,100.00,94.40267905959541,5.597320940404586
431,Harrison,Overall Pool,NULL,Hispanic/Latino/Spanish Origins,1541,1,0.06,2.241662110442865,-2.181662110442865
431,Harrison,Overall Pool,NULL,Black/African American,1541,4,0.26,0.12301804264625478,0.13698195735374524
431,Harrison,Empanelment,Court,American Indian/Alaskan Native,13,0,0.00,0.06150902132312739,-0.06150902132312739
431,Harrison,Criminal Panel,NULL,Native Hawaiian/Pacific Islander,136,0,0.00,0,0
431,Harrison,Empanelment,Alternate,Black/African American,4,0,0.00,0.12301804264625478,-0.12301804264625478
431,Harrison,Empanelment,Challenged For Cause (Defendant/Respondent),American Indian/Alaskan Native,1,0,0.00,0.06150902132312739,-0.06150902132312739
431,Harrison,Empanelment,Not Used,American Indian/Alaskan Native,35,0,0.00,0.06150902132312739,-0.06150902132312739
431,Harrison,Empanelment,No Result,American Indian/Alaskan Native,1,0,0.00,0.06150902132312739,-0.06150902132312739
431,Harrison,Empanelment,Peremptory Strike (Plaintiff/Petitioner),Black/African American,22,0,0.00,0.12301804264625478,-0.12301804264625478
431,Harrison,Empanelment,Peremptory Strike (Plaintiff/Petitioner),American Indian/Alaskan Native,22,0,0.00,0.06150902132312739,-0.06150902132312739
431,Harrison,Empanelment,Alternate,White,4,4,100.00,94.40267905959541,5.597320940404586
431,Harrison,Empanelment,Peremptory Strike (Defendant/Respondent),White,21,21,100.00,94.40267905959541,5.597320940404586
431,Harrison,Empanelment,Court,White,13,13,100.00,94.40267905959541,5.597320940404586
431,Harrison,Empanelment,Challenged For Cause (Defendant/Respondent),White,1,1,100.00,94.40267905959541,5.597320940404586
431,Harrison,Empanelment,Juror,Black/African American,36,0,0.00,0.12301804264625478,-0.12301804264625478
431,Harrison,Empanelment,Challenged For Cause (Plaintiff/Petitioner),Black/African American,3,0,0.00,0.12301804264625478,-0.12301804264625478
431,Harrison,Empanelment,Challenged For Cause (Plaintiff/Petitioner),American Indian/Alaskan Native,3,0,0.00,0.06150902132312739,-0.06150902132312739
431,Harrison,Empanelment,Juror,American Indian/Alaskan Native,36,0,0.00,0.06150902132312739,-0.06150902132312739
431,Harrison,Empanelment,No Result,White,1,1,100.00,94.40267905959541,5.597320940404586
431,Harrison,Criminal Panel,NULL,American Indian/Alaskan Native,136,0,0.00,0.06150902132312739,-0.06150902132312739
431,Harrison,Overall Pool,NULL,White,1541,1503,97.53,94.40267905959541,3.127320940404587
431,Harrison,Empanelment,Alternate,Asian,4,0,0.00,0.29387643521049756,-0.29387643521049756
431,Harrison,Empanelment,Peremptory Strike (Defendant/Respondent),Asian,21,0,0.00,0.29387643521049756,-0.29387643521049756
431,Harrison,Empanelment,Court,Asian,13,0,0.00,0.29387643521049756,-0.29387643521049756
431,Harrison,Empanelment,Challenged For Cause (Defendant/Respondent),Asian,1,0,0.00,0.29387643521049756,-0.29387643521049756
431,Harrison,Empanelment,Not Used,Asian,35,1,2.86,0.29387643521049756,2.5661235647895024
431,Harrison,Empanelment,Peremptory Strike (Plaintiff/Petitioner),White,22,22,100.00,94.40267905959541,5.597320940404586
431,Harrison,Empanelment,Peremptory Strike (Defendant/Respondent),Black/African American,21,0,0.00,0.12301804264625478,-0.12301804264625478
431,Harrison,Empanelment,Court,Black/African American,13,0,0.00,0.12301804264625478,-0.12301804264625478
431,Harrison,Empanelment,Challenged For Cause (Defendant/Respondent),Black/African American,1,0,0.00,0.12301804264625478,-0.12301804264625478
431,Harrison,Empanelment,Not Used,Black/African American,35,0,0.00,0.12301804264625478,-0.12301804264625478
431,Harrison,Empanelment,Alternate,Hispanic/Latino/Spanish Origins,4,0,0.00,2.241662110442865,-2.241662110442865
431,Harrison,Empanelment,Peremptory Strike (Defendant/Respondent),Hispanic/Latino/Spanish Origins,21,0,0.00,2.241662110442865,-2.241662110442865
431,Harrison,Empanelment,Court,Hispanic/Latino/Spanish Origins,13,0,0.00,2.241662110442865,-2.241662110442865
431,Harrison,Empanelment,Challenged For Cause (Defendant/Respondent),Hispanic/Latino/Spanish Origins,1,0,0.00,2.241662110442865,-2.241662110442865
431,Harrison,Empanelment,Not Used,Hispanic/Latino/Spanish Origins,35,0,0.00,2.241662110442865,-2.241662110442865
431,Harrison,Empanelment,No Result,Hispanic/Latino/Spanish Origins,1,0,0.00,2.241662110442865,-2.241662110442865
431,Harrison,Empanelment,Peremptory Strike (Plaintiff/Petitioner),Hispanic/Latino/Spanish Origins,22,0,0.00,2.241662110442865,-2.241662110442865
431,Harrison,Empanelment,Challenged For Cause (Plaintiff/Petitioner),Hispanic/Latino/Spanish Origins,3,0,0.00,2.241662110442865,-2.241662110442865
431,Harrison,Empanelment,Juror,Hispanic/Latino/Spanish Origins,36,0,0.00,2.241662110442865,-2.241662110442865
431,Harrison,Empanelment,No Result,Black/African American,1,0,0.00,0.12301804264625478,-0.12301804264625478
431,Harrison,Criminal Panel,NULL,Asian,136,1,0.74,0.29387643521049756,0.44612356478950244
431,Harrison,Empanelment,Challenged For Cause (Plaintiff/Petitioner),White,3,3,100.00,94.40267905959541,5.597320940404586
431,Harrison,Overall Pool,NULL,American Indian/Alaskan Native,1541,6,0.39,0.06150902132312739,0.3284909786768726
431,Harrison,Overall Pool,NULL,Native Hawaiian/Pacific Islander,1541,1,0.06,0,0.06
431,Harrison,Empanelment,Peremptory Strike (Defendant/Respondent),Native Hawaiian/Pacific Islander,21,0,0.00,0,0
431,Harrison,Empanelment,Court,Native Hawaiian/Pacific Islander,13,0,0.00,0,0
431,Harrison,Empanelment,Challenged For Cause (Defendant/Respondent),Native Hawaiian/Pacific Islander,1,0,0.00,0,0
431,Harrison,Empanelment,Not Used,Native Hawaiian/Pacific Islander,35,0,0.00,0,0
441,Henry,Empanelment,Juror,White,6,6,100.00,86.20775844831033,13.79224155168967
441,Henry,Empanelment,Peremptory Strike (Defendant/Respondent),Black/African American,4,0,0.00,2.549490101979604,-2.549490101979604
441,Henry,Empanelment,Not Used,Black/African American,14,0,0.00,2.549490101979604,-2.549490101979604
441,Henry,Empanelment,Peremptory Strike (Plaintiff/Petitioner),Black/African American,4,0,0.00,2.549490101979604,-2.549490101979604
441,Henry,Empanelment,Juror,Black/African American,6,0,0.00,2.549490101979604,-2.549490101979604
441,Henry,Overall Pool,NULL,Hispanic/Latino/Spanish Origins,894,8,0.89,5.543891221755649,-4.653891221755649
441,Henry,Criminal Panel,NULL,Native Hawaiian/Pacific Islander,28,0,0.00,0.03499300139972006,-0.03499300139972006
441,Henry,Empanelment,Peremptory Strike (Defendant/Respondent),Hispanic/Latino/Spanish Origins,4,0,0.00,5.543891221755649,-5.543891221755649
441,Henry,Empanelment,Not Used,Hispanic/Latino/Spanish Origins,14,0,0.00,5.543891221755649,-5.543891221755649
441,Henry,Empanelment,Peremptory Strike (Plaintiff/Petitioner),Hispanic/Latino/Spanish Origins,4,0,0.00,5.543891221755649,-5.543891221755649
441,Henry,Empanelment,Juror,Hispanic/Latino/Spanish Origins,6,0,0.00,5.543891221755649,-5.543891221755649
441,Henry,Criminal Panel,NULL,Asian,28,0,0.00,1.0247950409918016,-1.0247950409918016
441,Henry,Empanelment,Juror,Native Hawaiian/Pacific Islander,6,0,0.00,0.03499300139972006,-0.03499300139972006
441,Henry,Empanelment,Peremptory Strike (Plaintiff/Petitioner),Native Hawaiian/Pacific Islander,4,0,0.00,0.03499300139972006,-0.03499300139972006
441,Henry,Criminal Panel,NULL,Hispanic/Latino/Spanish Origins,28,0,0.00,5.543891221755649,-5.543891221755649
441,Henry,Overall Pool,NULL,Asian,894,11,1.23,1.0247950409918016,0.20520495900819835
441,Henry,Empanelment,Not Used,Native Hawaiian/Pacific Islander,14,0,0.00,0.03499300139972006,-0.03499300139972006
441,Henry,Criminal Panel,NULL,Black/African American,28,0,0.00,2.549490101979604,-2.549490101979604
441,Henry,Empanelment,Peremptory Strike (Defendant/Respondent),Native Hawaiian/Pacific Islander,4,0,0.00,0.03499300139972006,-0.03499300139972006
441,Henry,Criminal Panel,NULL,White,28,26,92.86,86.20775844831033,6.65224155168967
441,Henry,Overall Pool,NULL,Native Hawaiian/Pacific Islander,894,0,0.00,0.03499300139972006,-0.03499300139972006
441,Henry,Empanelment,Juror,Asian,6,0,0.00,1.0247950409918016,-1.0247950409918016
441,Henry,Empanelment,Peremptory Strike (Plaintiff/Petitioner),Asian,4,0,0.00,1.0247950409918016,-1.0247950409918016
441,Henry,Empanelment,Not Used,Asian,14,0,0.00,1.0247950409918016,-1.0247950409918016
441,Henry,Empanelment,Peremptory Strike (Defendant/Respondent),Asian,4,0,0.00,1.0247950409918016,-1.0247950409918016
441,Henry,Overall Pool,NULL,White,894,835,93.40,86.20775844831033,7.192241551689676
441,Henry,Criminal Panel,NULL,American Indian/Alaskan Native,28,0,0.00,0.5298940211957609,-0.5298940211957609
441,Henry,Empanelment,Peremptory Strike (Defendant/Respondent),White,4,4,100.00,86.20775844831033,13.79224155168967
441,Henry,Empanelment,Juror,American Indian/Alaskan Native,6,0,0.00,0.5298940211957609,-0.5298940211957609
441,Henry,Empanelment,Peremptory Strike (Plaintiff/Petitioner),American Indian/Alaskan Native,4,0,0.00,0.5298940211957609,-0.5298940211957609
441,Henry,Empanelment,Not Used,American Indian/Alaskan Native,14,0,0.00,0.5298940211957609,-0.5298940211957609
441,Henry,Empanelment,Peremptory Strike (Defendant/Respondent),American Indian/Alaskan Native,4,0,0.00,0.5298940211957609,-0.5298940211957609
441,Henry,Overall Pool,NULL,American Indian/Alaskan Native,894,3,0.34,0.5298940211957609,-0.18989402119576088
441,Henry,Empanelment,Not Used,White,14,12,85.71,86.20775844831033,-0.49775844831033567
441,Henry,Overall Pool,NULL,Black/African American,894,11,1.23,2.549490101979604,-1.319490101979604
441,Henry,Empanelment,Peremptory Strike (Plaintiff/Petitioner),White,4,4,100.00,86.20775844831033,13.79224155168967
451,Howard,Empanelment,Juror,Asian,13,0,0.00,0.328215987294865,-0.328215987294865
451,Howard,Empanelment,Peremptory Strike (Plaintiff/Petitioner),White,6,5,83.33,92.98041291688725,-9.650412916887248
451,Howard,Empanelment,Juror,White,13,13,100.00,92.98041291688725,7.019587083112754
451,Howard,Empanelment,Peremptory Strike (Defendant/Respondent),White,6,4,66.67,92.98041291688725,-26.310412916887245
451,Howard,Criminal Panel,NULL,Black/African American,55,1,1.82,0.8364213869772366,0.9835786130227635
451,Howard,Empanelment,Court,White,23,23,100.00,92.98041291688725,7.019587083112754
451,Howard,Empanelment,Court,American Indian/Alaskan Native,23,0,0.00,0.24351508734780308,-0.24351508734780308
451,Howard,Empanelment,Not Used,American Indian/Alaskan Native,8,0,0.00,0.24351508734780308,-0.24351508734780308
451,Howard,Empanelment,Peremptory Strike (Defendant/Respondent),American Indian/Alaskan Native,6,0,0.00,0.24351508734780308,-0.24351508734780308
451,Howard,Empanelment,Peremptory Strike (Plaintiff/Petitioner),American Indian/Alaskan Native,6,0,0.00,0.24351508734780308,-0.24351508734780308
451,Howard,Criminal Panel,NULL,American Indian/Alaskan Native,55,0,0.00,0.24351508734780308,-0.24351508734780308
451,Howard,Criminal Panel,NULL,Native Hawaiian/Pacific Islander,55,0,0.00,0,0
451,Howard,Empanelment,Peremptory Strike (Defendant/Respondent),Asian,6,0,0.00,0.328215987294865,-0.328215987294865
451,Howard,Empanelment,Not Used,Asian,8,0,0.00,0.328215987294865,-0.328215987294865
451,Howard,Overall Pool,NULL,Hispanic/Latino/Spanish Origins,1013,1,0.10,3.3033350979354155,-3.2033350979354154
451,Howard,Empanelment,Peremptory Strike (Plaintiff/Petitioner),Black/African American,6,0,0.00,0.8364213869772366,-0.8364213869772366
451,Howard,Empanelment,Juror,American Indian/Alaskan Native,13,0,0.00,0.24351508734780308,-0.24351508734780308
451,Howard,Criminal Panel,NULL,White,55,53,96.36,92.98041291688725,3.379587083112753
451,Howard,Overall Pool,NULL,Asian,1013,8,0.79,0.328215987294865,0.461784012705135
451,Howard,Overall Pool,NULL,Black/African American,1013,6,0.59,0.8364213869772366,-0.2464213869772366
451,Howard,Empanelment,Court,Native Hawaiian/Pacific Islander,23,0,0.00,0,0
451,Howard,Criminal Panel,NULL,Hispanic/Latino/Spanish Origins,55,0,0.00,3.3033350979354155,-3.3033350979354155
451,Howard,Overall Pool,NULL,White,1013,982,96.94,92.98041291688725,3.9595870831127513
451,Howard,Empanelment,Not Used,Native Hawaiian/Pacific Islander,8,0,0.00,0,0
451,Howard,Empanelment,Peremptory Strike (Defendant/Respondent),Native Hawaiian/Pacific Islander,6,0,0.00,0,0
451,Howard,Empanelment,Juror,Native Hawaiian/Pacific Islander,13,0,0.00,0,0
451,Howard,Empanelment,Peremptory Strike (Plaintiff/Petitioner),Native Hawaiian/Pacific Islander,6,0,0.00,0,0
451,Howard,Empanelment,Court,Black/African American,23,0,0.00,0.8364213869772366,-0.8364213869772366
451,Howard,Overall Pool,NULL,Native Hawaiian/Pacific Islander,1013,1,0.10,0,0.1
451,Howard,Overall Pool,NULL,American Indian/Alaskan Native,1013,2,0.20,0.24351508734780308,-0.04351508734780307
451,Howard,Empanelment,Not Used,White,8,8,100.00,92.98041291688725,7.019587083112754
451,Howard,Criminal Panel,NULL,Asian,55,0,0.00,0.328215987294865,-0.328215987294865
451,Howard,Empanelment,Court,Hispanic/Latino/Spanish Origins,23,0,0.00,3.3033350979354155,-3.3033350979354155
451,Howard,Empanelment,Peremptory Strike (Plaintiff/Petitioner),Hispanic/Latino/Spanish Origins,6,0,0.00,3.3033350979354155,-3.3033350979354155
451,Howard,Empanelment,Juror,Hispanic/Latino/Spanish Origins,13,0,0.00,3.3033350979354155,-3.3033350979354155
451,Howard,Empanelment,Peremptory Strike (Defendant/Respondent),Hispanic/Latino/Spanish Origins,6,0,0.00,3.3033350979354155,-3.3033350979354155
451,Howard,Empanelment,Not Used,Hispanic/Latino/Spanish Origins,8,0,0.00,3.3033350979354155,-3.3033350979354155
451,Howard,Empanelment,Not Used,Black/African American,8,0,0.00,0.8364213869772366,-0.8364213869772366
451,Howard,Empanelment,Peremptory Strike (Defendant/Respondent),Black/African American,6,1,16.67,0.8364213869772366,15.833578613022766
451,Howard,Empanelment,Juror,Black/African American,13,0,0.00,0.8364213869772366,-0.8364213869772366
451,Howard,Empanelment,Court,Asian,23,0,0.00,0.328215987294865,-0.328215987294865
451,Howard,Empanelment,Peremptory Strike (Plaintiff/Petitioner),Asian,6,0,0.00,0.328215987294865,-0.328215987294865
461,Humboldt,Overall Pool,NULL,Hispanic/Latino/Spanish Origins,933,0,0.00,5.7449692419977065,-5.7449692419977065
461,Humboldt,Overall Pool,NULL,Asian,933,7,0.75,1.0217912626420602,-0.2717912626420602
461,Humboldt,Overall Pool,NULL,Native Hawaiian/Pacific Islander,933,1,0.11,0.7298509018871859,-0.619850901887186
461,Humboldt,Overall Pool,NULL,Black/African American,933,7,0.75,0.33364612657699927,0.41635387342300073
461,Humboldt,Overall Pool,NULL,White,933,893,95.71,90.36596809508914,5.34403190491085
461,Humboldt,Overall Pool,NULL,American Indian/Alaskan Native,933,0,0.00,0.16682306328849963,-0.16682306328849963
471,Ida,Overall Pool,NULL,White,1010,986,97.62,91.50629431341339,6.113705686586613
471,Ida,Overall Pool,NULL,American Indian/Alaskan Native,1010,1,0.10,0.4630299522500362,-0.3630299522500362
471,Ida,Overall Pool,NULL,Black/African American,1010,1,0.10,0.33280277817971354,-0.23280277817971354
471,Ida,Overall Pool,NULL,Hispanic/Latino/Spanish Origins,1010,1,0.10,4.138330198234699,-4.038330198234699
471,Ida,Overall Pool,NULL,Native Hawaiian/Pacific Islander,1010,1,0.10,0,0.1
471,Ida,Overall Pool,NULL,Asian,1010,0,0.00,0.6656055563594271,-0.6656055563594271
481,Iowa,Overall Pool,NULL,Asian,1479,3,0.20,0.24232143938934997,-0.04232143938934996
481,Iowa,Overall Pool,NULL,Black/African American,1479,8,0.54,0.3271339431756225,0.21286605682437754
481,Iowa,Overall Pool,NULL,Hispanic/Latino/Spanish Origins,1479,1,0.07,3.416732295389835,-3.346732295389835
481,Iowa,Overall Pool,NULL,Native Hawaiian/Pacific Islander,1479,0,0.00,0,0
481,Iowa,Overall Pool,NULL,American Indian/Alaskan Native,1479,5,0.34,0.09087053977100623,0.2491294602289938
481,Iowa,Overall Pool,NULL,White,1479,1429,96.62,92.50620948688434,4.11379051311566
491,Jackson,Empanelment,Peremptory Strike (Plaintiff/Petitioner),American Indian/Alaskan Native,7,0,0.00,0.06704486848891181,-0.06704486848891181
491,Jackson,Empanelment,Alternate,Asian,1,0,0.00,0.11346054667354306,-0.11346054667354306
491,Jackson,Empanelment,Court,Asian,3,0,0.00,0.11346054667354306,-0.11346054667354306
491,Jackson,Empanelment,Not Used,Asian,30,0,0.00,0.11346054667354306,-0.11346054667354306
491,Jackson,Empanelment,Alternate,Hispanic/Latino/Spanish Origins,1,0,0.00,1.5781330582774626,-1.5781330582774626
491,Jackson,Empanelment,Peremptory Strike (Plaintiff/Petitioner),Hispanic/Latino/Spanish Origins,7,0,0.00,1.5781330582774626,-1.5781330582774626
491,Jackson,Empanelment,Juror,Asian,12,0,0.00,0.11346054667354306,-0.11346054667354306
491,Jackson,Empanelment,Peremptory Strike (Defendant/Respondent),Asian,7,0,0.00,0.11346054667354306,-0.11346054667354306
491,Jackson,Criminal Panel,NULL,Native Hawaiian/Pacific Islander,60,1,1.67,0.46415678184631254,1.2058432181536873
491,Jackson,Empanelment,Court,Hispanic/Latino/Spanish Origins,3,0,0.00,1.5781330582774626,-1.5781330582774626
491,Jackson,Empanelment,Peremptory Strike (Plaintiff/Petitioner),Asian,7,0,0.00,0.11346054667354306,-0.11346054667354306
491,Jackson,Criminal Panel,NULL,American Indian/Alaskan Native,60,0,0.00,0.06704486848891181,-0.06704486848891181
491,Jackson,Criminal Panel,NULL,Asian,60,0,0.00,0.11346054667354306,-0.11346054667354306
491,Jackson,Empanelment,Not Used,Hispanic/Latino/Spanish Origins,30,0,0.00,1.5781330582774626,-1.5781330582774626
491,Jackson,Empanelment,Juror,Hispanic/Latino/Spanish Origins,12,0,0.00,1.5781330582774626,-1.5781330582774626
491,Jackson,Empanelment,Peremptory Strike (Defendant/Respondent),American Indian/Alaskan Native,7,0,0.00,0.06704486848891181,-0.06704486848891181
491,Jackson,Empanelment,Peremptory Strike (Defendant/Respondent),Black/African American,7,0,0.00,0.9747292418772563,-0.9747292418772563
491,Jackson,Empanelment,Not Used,American Indian/Alaskan Native,30,0,0.00,0.06704486848891181,-0.06704486848891181
491,Jackson,Empanelment,Juror,American Indian/Alaskan Native,12,0,0.00,0.06704486848891181,-0.06704486848891181
491,Jackson,Empanelment,Peremptory Strike (Plaintiff/Petitioner),Black/African American,7,0,0.00,0.9747292418772563,-0.9747292418772563
491,Jackson,Empanelment,Alternate,Black/African American,1,0,0.00,0.9747292418772563,-0.9747292418772563
491,Jackson,Overall Pool,NULL,White,2251,2186,97.11,93.64620938628158,3.463790613718416
491,Jackson,Overall Pool,NULL,American Indian/Alaskan Native,2251,6,0.27,0.06704486848891181,0.2029551315110882
491,Jackson,Empanelment,Alternate,Native Hawaiian/Pacific Islander,1,0,0.00,0.46415678184631254,-0.46415678184631254
491,Jackson,Empanelment,Peremptory Strike (Defendant/Respondent),Hispanic/Latino/Spanish Origins,7,0,0.00,1.5781330582774626,-1.5781330582774626
491,Jackson,Empanelment,Peremptory Strike (Plaintiff/Petitioner),White,7,7,100.00,93.64620938628158,6.353790613718417
491,Jackson,Empanelment,Juror,Black/African American,12,0,0.00,0.9747292418772563,-0.9747292418772563
491,Jackson,Empanelment,Not Used,White,30,29,96.67,93.64620938628158,3.0237906137184183
491,Jackson,Overall Pool,NULL,Native Hawaiian/Pacific Islander,2251,8,0.36,0.46415678184631254,-0.10415678184631255
491,Jackson,Overall Pool,NULL,Hispanic/Latino/Spanish Origins,2251,2,0.09,1.5781330582774626,-1.4881330582774626
491,Jackson,Empanelment,Alternate,White,1,1,100.00,93.64620938628158,6.353790613718417
491,Jackson,Empanelment,Court,White,3,3,100.00,93.64620938628158,6.353790613718417
491,Jackson,Empanelment,Peremptory Strike (Defendant/Respondent),Native Hawaiian/Pacific Islander,7,0,0.00,0.46415678184631254,-0.46415678184631254
491,Jackson,Empanelment,Peremptory Strike (Defendant/Respondent),White,7,6,85.71,93.64620938628158,-7.93620938628159
491,Jackson,Criminal Panel,NULL,Hispanic/Latino/Spanish Origins,60,0,0.00,1.5781330582774626,-1.5781330582774626
491,Jackson,Empanelment,Not Used,Black/African American,30,0,0.00,0.9747292418772563,-0.9747292418772563
491,Jackson,Criminal Panel,NULL,White,60,58,96.67,93.64620938628158,3.0237906137184183
491,Jackson,Empanelment,Peremptory Strike (Plaintiff/Petitioner),Native Hawaiian/Pacific Islander,7,0,0.00,0.46415678184631254,-0.46415678184631254
491,Jackson,Criminal Panel,NULL,Black/African American,60,0,0.00,0.9747292418772563,-0.9747292418772563
491,Jackson,Empanelment,Court,Black/African American,3,0,0.00,0.9747292418772563,-0.9747292418772563
491,Jackson,Overall Pool,NULL,Black/African American,2251,13,0.58,0.9747292418772563,-0.39472924187725633
491,Jackson,Overall Pool,NULL,Asian,2251,7,0.31,0.11346054667354306,0.19653945332645695
491,Jackson,Empanelment,Juror,White,12,12,100.00,93.64620938628158,6.353790613718417
491,Jackson,Empanelment,Juror,Native Hawaiian/Pacific Islander,12,0,0.00,0.46415678184631254,-0.46415678184631254
491,Jackson,Empanelment,Not Used,Native Hawaiian/Pacific Islander,30,1,3.33,0.46415678184631254,2.8658432181536875
491,Jackson,Empanelment,Court,Native Hawaiian/Pacific Islander,3,0,0.00,0.46415678184631254,-0.46415678184631254
491,Jackson,Empanelment,Court,American Indian/Alaskan Native,3,0,0.00,0.06704486848891181,-0.06704486848891181
491,Jackson,Empanelment,Alternate,American Indian/Alaskan Native,1,0,0.00,0.06704486848891181,-0.06704486848891181
501,Jasper,Empanelment,Juror,Native Hawaiian/Pacific Islander,52,0,0.00,0.17125994625072455,-0.17125994625072455
501,Jasper,Empanelment,No Result,White,33,31,93.94,90.75196290246087,3.188037097539123
501,Jasper,Empanelment,Not Used,Hispanic/Latino/Spanish Origins,58,0,0.00,3.101122411340043,-3.101122411340043
501,Jasper,Empanelment,Peremptory Strike (Plaintiff/Petitioner),Hispanic/Latino/Spanish Origins,22,0,0.00,3.101122411340043,-3.101122411340043
501,Jasper,Empanelment,No Result,Hispanic/Latino/Spanish Origins,33,0,0.00,3.101122411340043,-3.101122411340043
501,Jasper,Empanelment,Peremptory Strike (Defendant/Respondent),Hispanic/Latino/Spanish Origins,22,0,0.00,3.101122411340043,-3.101122411340043
501,Jasper,Empanelment,Juror,Hispanic/Latino/Spanish Origins,52,0,0.00,3.101122411340043,-3.101122411340043
501,Jasper,Empanelment,Challenged For Cause (Plaintiff/Petitioner),Hispanic/Latino/Spanish Origins,1,0,0.00,3.101122411340043,-3.101122411340043
501,Jasper,Empanelment,Court,Hispanic/Latino/Spanish Origins,6,0,0.00,3.101122411340043,-3.101122411340043
501,Jasper,Empanelment,Peremptory Strike (Defendant/Respondent),White,22,22,100.00,90.75196290246087,9.248037097539125
501,Jasper,Empanelment,Juror,White,52,50,96.15,90.75196290246087,5.398037097539131
501,Jasper,Empanelment,Challenged For Cause (Plaintiff/Petitioner),White,1,1,100.00,90.75196290246087,9.248037097539125
501,Jasper,Empanelment,Court,White,6,6,100.00,90.75196290246087,9.248037097539125
501,Jasper,Criminal Panel,NULL,Hispanic/Latino/Spanish Origins,194,0,0.00,3.101122411340043,-3.101122411340043
501,Jasper,Criminal Panel,NULL,Black/African American,194,0,0.00,1.5360699794488064,-1.5360699794488064
501,Jasper,Criminal Panel,NULL,White,194,186,95.88,90.75196290246087,5.128037097539121
501,Jasper,Empanelment,Court,Native Hawaiian/Pacific Islander,6,0,0.00,0.17125994625072455,-0.17125994625072455
501,Jasper,Empanelment,Challenged For Cause (Plaintiff/Petitioner),Native Hawaiian/Pacific Islander,1,0,0.00,0.17125994625072455,-0.17125994625072455
501,Jasper,Empanelment,Peremptory Strike (Defendant/Respondent),Native Hawaiian/Pacific Islander,22,0,0.00,0.17125994625072455,-0.17125994625072455
501,Jasper,Empanelment,No Result,Native Hawaiian/Pacific Islander,33,0,0.00,0.17125994625072455,-0.17125994625072455
501,Jasper,Overall Pool,NULL,Native Hawaiian/Pacific Islander,2233,3,0.13,0.17125994625072455,-0.041259946250724544
501,Jasper,Empanelment,Peremptory Strike (Plaintiff/Petitioner),Native Hawaiian/Pacific Islander,22,0,0.00,0.17125994625072455,-0.17125994625072455
501,Jasper,Empanelment,Not Used,Native Hawaiian/Pacific Islander,58,0,0.00,0.17125994625072455,-0.17125994625072455
501,Jasper,Criminal Panel,NULL,American Indian/Alaskan Native,194,1,0.52,0.08431258892343363,0.4356874110765664
501,Jasper,Overall Pool,NULL,American Indian/Alaskan Native,2233,7,0.31,0.08431258892343363,0.22568741107656637
501,Jasper,Empanelment,Not Used,Asian,58,1,1.72,0.7403699214839016,0.9796300785160984
501,Jasper,Empanelment,Peremptory Strike (Plaintiff/Petitioner),Asian,22,0,0.00,0.7403699214839016,-0.7403699214839016
501,Jasper,Empanelment,No Result,Asian,33,1,3.03,0.7403699214839016,2.2896300785160983
501,Jasper,Empanelment,Peremptory Strike (Defendant/Respondent),Asian,22,0,0.00,0.7403699214839016,-0.7403699214839016
501,Jasper,Empanelment,Juror,Asian,52,0,0.00,0.7403699214839016,-0.7403699214839016
501,Jasper,Empanelment,Challenged For Cause (Plaintiff/Petitioner),Asian,1,0,0.00,0.7403699214839016,-0.7403699214839016
501,Jasper,Empanelment,Court,Asian,6,0,0.00,0.7403699214839016,-0.7403699214839016
501,Jasper,Criminal Panel,NULL,Native Hawaiian/Pacific Islander,194,0,0.00,0.17125994625072455,-0.17125994625072455
501,Jasper,Empanelment,Court,Black/African American,6,0,0.00,1.5360699794488064,-1.5360699794488064
501,Jasper,Empanelment,Challenged For Cause (Plaintiff/Petitioner),Black/African American,1,0,0.00,1.5360699794488064,-1.5360699794488064
501,Jasper,Empanelment,Juror,Black/African American,52,0,0.00,1.5360699794488064,-1.5360699794488064
501,Jasper,Empanelment,Peremptory Strike (Defendant/Respondent),Black/African American,22,0,0.00,1.5360699794488064,-1.5360699794488064
501,Jasper,Empanelment,No Result,Black/African American,33,0,0.00,1.5360699794488064,-1.5360699794488064
501,Jasper,Empanelment,Peremptory Strike (Plaintiff/Petitioner),Black/African American,22,0,0.00,1.5360699794488064,-1.5360699794488064
501,Jasper,Empanelment,Not Used,Black/African American,58,0,0.00,1.5360699794488064,-1.5360699794488064
501,Jasper,Overall Pool,NULL,Black/African American,2233,19,0.85,1.5360699794488064,-0.6860699794488064
501,Jasper,Empanelment,Court,American Indian/Alaskan Native,6,0,0.00,0.08431258892343363,-0.08431258892343363
501,Jasper,Empanelment,Challenged For Cause (Plaintiff/Petitioner),American Indian/Alaskan Native,1,0,0.00,0.08431258892343363,-0.08431258892343363
501,Jasper,Empanelment,Juror,American Indian/Alaskan Native,52,0,0.00,0.08431258892343363,-0.08431258892343363
501,Jasper,Empanelment,Peremptory Strike (Defendant/Respondent),American Indian/Alaskan Native,22,0,0.00,0.08431258892343363,-0.08431258892343363
501,Jasper,Empanelment,No Result,American Indian/Alaskan Native,33,0,0.00,0.08431258892343363,-0.08431258892343363
501,Jasper,Empanelment,Peremptory Strike (Plaintiff/Petitioner),American Indian/Alaskan Native,22,0,0.00,0.08431258892343363,-0.08431258892343363
501,Jasper,Empanelment,Not Used,American Indian/Alaskan Native,58,0,0.00,0.08431258892343363,-0.08431258892343363
501,Jasper,Overall Pool,NULL,Asian,2233,18,0.81,0.7403699214839016,0.06963007851609848
501,Jasper,Overall Pool,NULL,White,2233,2138,95.75,90.75196290246087,4.998037097539125
501,Jasper,Empanelment,Not Used,White,58,55,94.83,90.75196290246087,4.078037097539124
501,Jasper,Empanelment,Peremptory Strike (Plaintiff/Petitioner),White,22,21,95.45,90.75196290246087,4.698037097539128
501,Jasper,Overall Pool,NULL,Hispanic/Latino/Spanish Origins,2233,1,0.04,3.101122411340043,-3.061122411340043
501,Jasper,Criminal Panel,NULL,Asian,194,2,1.03,0.7403699214839016,0.28963007851609845
511,Jefferson,Empanelment,Peremptory Strike (Defendant/Respondent),Black/African American,20,0,0.00,2.5405921680993315,-2.5405921680993315
511,Jefferson,Empanelment,Juror,Black/African American,36,0,0.00,2.5405921680993315,-2.5405921680993315
511,Jefferson,Empanelment,Peremptory Strike (Plaintiff/Petitioner),Black/African American,20,0,0.00,2.5405921680993315,-2.5405921680993315
511,Jefferson,Overall Pool,NULL,American Indian/Alaskan Native,742,1,0.13,0.7831900668576885,-0.6531900668576885
511,Jefferson,Empanelment,Peremptory Strike (Plaintiff/Petitioner),Asian,20,0,0.00,8.182107609041706,-8.182107609041706
511,Jefferson,Empanelment,Juror,Asian,36,0,0.00,8.182107609041706,-8.182107609041706
511,Jefferson,Empanelment,Peremptory Strike (Plaintiff/Petitioner),Native Hawaiian/Pacific Islander,20,0,0.00,0,0
511,Jefferson,Empanelment,Juror,Native Hawaiian/Pacific Islander,36,0,0.00,0,0
511,Jefferson,Empanelment,Peremptory Strike (Defendant/Respondent),Native Hawaiian/Pacific Islander,20,0,0.00,0,0
511,Jefferson,Empanelment,Alternate,Native Hawaiian/Pacific Islander,3,0,0.00,0,0
511,Jefferson,Empanelment,Not Used,Native Hawaiian/Pacific Islander,35,0,0.00,0,0
511,Jefferson,Empanelment,Challenged For Cause (Plaintiff/Petitioner),Native Hawaiian/Pacific Islander,12,0,0.00,0,0
511,Jefferson,Overall Pool,NULL,Native Hawaiian/Pacific Islander,742,1,0.13,0,0.13
511,Jefferson,Empanelment,Peremptory Strike (Defendant/Respondent),Asian,20,0,0.00,8.182107609041706,-8.182107609041706
511,Jefferson,Empanelment,Not Used,American Indian/Alaskan Native,35,0,0.00,0.7831900668576885,-0.7831900668576885
511,Jefferson,Empanelment,Challenged For Cause (Plaintiff/Petitioner),American Indian/Alaskan Native,12,0,0.00,0.7831900668576885,-0.7831900668576885
511,Jefferson,Criminal Panel,NULL,Asian,126,0,0.00,8.182107609041706,-8.182107609041706
511,Jefferson,Criminal Panel,NULL,White,126,123,97.62,82.4005093919134,15.219490608086602
511,Jefferson,Empanelment,Alternate,Asian,3,0,0.00,8.182107609041706,-8.182107609041706
511,Jefferson,Empanelment,Not Used,Asian,35,0,0.00,8.182107609041706,-8.182107609041706
511,Jefferson,Empanelment,Challenged For Cause (Plaintiff/Petitioner),Asian,12,0,0.00,8.182107609041706,-8.182107609041706
511,Jefferson,Empanelment,Challenged For Cause (Plaintiff/Petitioner),Black/African American,12,0,0.00,2.5405921680993315,-2.5405921680993315
511,Jefferson,Criminal Panel,NULL,Native Hawaiian/Pacific Islander,126,0,0.00,0,0
511,Jefferson,Empanelment,Peremptory Strike (Plaintiff/Petitioner),Hispanic/Latino/Spanish Origins,20,0,0.00,4.1006049028971665,-4.1006049028971665
511,Jefferson,Overall Pool,NULL,Hispanic/Latino/Spanish Origins,742,1,0.13,4.1006049028971665,-3.9706049028971666
511,Jefferson,Empanelment,Challenged For Cause (Plaintiff/Petitioner),White,12,12,100.00,82.4005093919134,17.599490608086597
511,Jefferson,Empanelment,Not Used,White,35,35,100.00,82.4005093919134,17.599490608086597
511,Jefferson,Empanelment,Alternate,White,3,3,100.00,82.4005093919134,17.599490608086597
511,Jefferson,Empanelment,Peremptory Strike (Defendant/Respondent),White,20,19,95.00,82.4005093919134,12.599490608086597
511,Jefferson,Empanelment,Juror,White,36,35,97.22,82.4005093919134,14.819490608086596
511,Jefferson,Empanelment,Peremptory Strike (Plaintiff/Petitioner),White,20,19,95.00,82.4005093919134,12.599490608086597
511,Jefferson,Empanelment,Juror,Hispanic/Latino/Spanish Origins,36,0,0.00,4.1006049028971665,-4.1006049028971665
511,Jefferson,Empanelment,Peremptory Strike (Defendant/Respondent),Hispanic/Latino/Spanish Origins,20,0,0.00,4.1006049028971665,-4.1006049028971665
511,Jefferson,Empanelment,Alternate,Hispanic/Latino/Spanish Origins,3,0,0.00,4.1006049028971665,-4.1006049028971665
511,Jefferson,Overall Pool,NULL,White,742,696,93.80,82.4005093919134,11.399490608086595
511,Jefferson,Empanelment,Not Used,Hispanic/Latino/Spanish Origins,35,0,0.00,4.1006049028971665,-4.1006049028971665
511,Jefferson,Empanelment,Challenged For Cause (Plaintiff/Petitioner),Hispanic/Latino/Spanish Origins,12,0,0.00,4.1006049028971665,-4.1006049028971665
511,Jefferson,Overall Pool,NULL,Black/African American,742,9,1.21,2.5405921680993315,-1.3305921680993316
511,Jefferson,Empanelment,Not Used,Black/African American,35,0,0.00,2.5405921680993315,-2.5405921680993315
511,Jefferson,Criminal Panel,NULL,Hispanic/Latino/Spanish Origins,126,0,0.00,4.1006049028971665,-4.1006049028971665
511,Jefferson,Criminal Panel,NULL,Black/African American,126,0,0.00,2.5405921680993315,-2.5405921680993315
511,Jefferson,Overall Pool,NULL,Asian,742,15,2.02,8.182107609041706,-6.162107609041707
511,Jefferson,Empanelment,Peremptory Strike (Plaintiff/Petitioner),American Indian/Alaskan Native,20,0,0.00,0.7831900668576885,-0.7831900668576885
511,Jefferson,Empanelment,Juror,American Indian/Alaskan Native,36,0,0.00,0.7831900668576885,-0.7831900668576885
511,Jefferson,Empanelment,Peremptory Strike (Defendant/Respondent),American Indian/Alaskan Native,20,0,0.00,0.7831900668576885,-0.7831900668576885
511,Jefferson,Empanelment,Alternate,American Indian/Alaskan Native,3,0,0.00,0.7831900668576885,-0.7831900668576885
511,Jefferson,Empanelment,Alternate,Black/African American,3,0,0.00,2.5405921680993315,-2.5405921680993315
511,Jefferson,Criminal Panel,NULL,American Indian/Alaskan Native,126,0,0.00,0.7831900668576885,-0.7831900668576885
521,Johnson,Overall Pool,NULL,American Indian/Alaskan Native,6083,14,0.23,0.17428609733208206,0.05571390266791795
521,Johnson,Empanelment,Challenged For Cause (Defendant/Respondent),Black/African American,10,0,0.00,7.698593581419698,-7.698593581419698
521,Johnson,Empanelment,Peremptory Strike (Defendant/Respondent),Black/African American,80,3,3.75,7.698593581419698,-3.948593581419698
521,Johnson,Empanelment,Peremptory Strike (Plaintiff/Petitioner),Black/African American,80,4,5.00,7.698593581419698,-2.698593581419698
521,Johnson,Empanelment,Not Used,Black/African American,255,14,5.49,7.698593581419698,-2.2085935814196977
521,Johnson,Empanelment,No Result,Black/African American,363,16,4.41,7.698593581419698,-3.288593581419698
521,Johnson,Empanelment,Challenged For Cause (Plaintiff/Petitioner),Black/African American,14,0,0.00,7.698593581419698,-7.698593581419698
521,Johnson,Empanelment,Court,Black/African American,57,4,7.02,7.698593581419698,-0.6785935814196984
521,Johnson,Empanelment,Juror,Black/African American,193,14,7.25,7.698593581419698,-0.44859358141969796
521,Johnson,Criminal Panel,NULL,Native Hawaiian/Pacific Islander,1050,2,0.19,0.019790729001078915,0.17020927099892108
521,Johnson,Criminal Panel,NULL,American Indian/Alaskan Native,1050,2,0.19,0.17428609733208206,0.015713902667917945
521,Johnson,Empanelment,Challenged For Cause (Plaintiff/Petitioner),Native Hawaiian/Pacific Islander,14,0,0.00,0.019790729001078915,-0.019790729001078915
521,Johnson,Empanelment,No Result,Native Hawaiian/Pacific Islander,363,0,0.00,0.019790729001078915,-0.019790729001078915
521,Johnson,Empanelment,Not Used,Native Hawaiian/Pacific Islander,255,1,0.39,0.019790729001078915,0.3702092709989211
521,Johnson,Empanelment,Peremptory Strike (Plaintiff/Petitioner),Native Hawaiian/Pacific Islander,80,1,1.25,0.019790729001078915,1.2302092709989212
521,Johnson,Empanelment,Peremptory Strike (Defendant/Respondent),Native Hawaiian/Pacific Islander,80,0,0.00,0.019790729001078915,-0.019790729001078915
521,Johnson,Empanelment,Challenged For Cause (Defendant/Respondent),Native Hawaiian/Pacific Islander,10,0,0.00,0.019790729001078915,-0.019790729001078915
521,Johnson,Overall Pool,NULL,Native Hawaiian/Pacific Islander,6083,6,0.10,0.019790729001078915,0.08020927099892108
521,Johnson,Empanelment,Juror,Hispanic/Latino/Spanish Origins,193,0,0.00,6.737785608947963,-6.737785608947963
521,Johnson,Criminal Panel,NULL,Asian,1050,33,3.14,5.649295513888623,-2.5092955138886226
521,Johnson,Empanelment,Challenged For Cause (Defendant/Respondent),American Indian/Alaskan Native,10,0,0.00,0.17428609733208206,-0.17428609733208206
521,Johnson,Empanelment,Peremptory Strike (Defendant/Respondent),American Indian/Alaskan Native,80,0,0.00,0.17428609733208206,-0.17428609733208206
521,Johnson,Empanelment,Peremptory Strike (Plaintiff/Petitioner),American Indian/Alaskan Native,80,0,0.00,0.17428609733208206,-0.17428609733208206
521,Johnson,Empanelment,Not Used,American Indian/Alaskan Native,255,0,0.00,0.17428609733208206,-0.17428609733208206
521,Johnson,Empanelment,No Result,American Indian/Alaskan Native,363,0,0.00,0.17428609733208206,-0.17428609733208206
521,Johnson,Empanelment,Challenged For Cause (Plaintiff/Petitioner),American Indian/Alaskan Native,14,0,0.00,0.17428609733208206,-0.17428609733208206
521,Johnson,Empanelment,Court,American Indian/Alaskan Native,57,0,0.00,0.17428609733208206,-0.17428609733208206
521,Johnson,Empanelment,Juror,American Indian/Alaskan Native,193,0,0.00,0.17428609733208206,-0.17428609733208206
521,Johnson,Criminal Panel,NULL,White,1050,912,86.86,74.81597814082062,12.04402185917938
521,Johnson,Overall Pool,NULL,Asian,6083,303,4.98,5.649295513888623,-0.6692955138886223
521,Johnson,Criminal Panel,NULL,Black/African American,1050,55,5.24,7.698593581419698,-2.4585935814196977
521,Johnson,Criminal Panel,NULL,Hispanic/Latino/Spanish Origins,1050,1,0.10,6.737785608947963,-6.637785608947963
521,Johnson,Overall Pool,NULL,Black/African American,6083,449,7.38,7.698593581419698,-0.31859358141969807
521,Johnson,Overall Pool,NULL,White,6083,5004,82.26,74.81597814082062,7.4440218591793865
521,Johnson,Empanelment,Juror,White,193,164,84.97,74.81597814082062,10.15402185917938
521,Johnson,Empanelment,Court,White,57,51,89.47,74.81597814082062,14.65402185917938
521,Johnson,Empanelment,Challenged For Cause (Plaintiff/Petitioner),White,14,13,92.86,74.81597814082062,18.04402185917938
521,Johnson,Empanelment,No Result,White,363,322,88.71,74.81597814082062,13.894021859179375
521,Johnson,Empanelment,Not Used,White,255,219,85.88,74.81597814082062,11.064021859179377
521,Johnson,Empanelment,Peremptory Strike (Plaintiff/Petitioner),White,80,63,78.75,74.81597814082062,3.9340218591793814
521,Johnson,Empanelment,Peremptory Strike (Defendant/Respondent),White,80,70,87.50,74.81597814082062,12.684021859179381
521,Johnson,Empanelment,Challenged For Cause (Defendant/Respondent),White,10,10,100.00,74.81597814082062,25.18402185917938
521,Johnson,Overall Pool,NULL,Hispanic/Latino/Spanish Origins,6083,5,0.08,6.737785608947963,-6.657785608947963
521,Johnson,Empanelment,Challenged For Cause (Defendant/Respondent),Hispanic/Latino/Spanish Origins,10,0,0.00,6.737785608947963,-6.737785608947963
521,Johnson,Empanelment,Peremptory Strike (Defendant/Respondent),Hispanic/Latino/Spanish Origins,80,0,0.00,6.737785608947963,-6.737785608947963
521,Johnson,Empanelment,Peremptory Strike (Plaintiff/Petitioner),Hispanic/Latino/Spanish Origins,80,0,0.00,6.737785608947963,-6.737785608947963
521,Johnson,Empanelment,Not Used,Hispanic/Latino/Spanish Origins,255,1,0.39,6.737785608947963,-6.347785608947963
521,Johnson,Empanelment,No Result,Hispanic/Latino/Spanish Origins,363,0,0.00,6.737785608947963,-6.737785608947963
521,Johnson,Empanelment,Challenged For Cause (Plaintiff/Petitioner),Hispanic/Latino/Spanish Origins,14,0,0.00,6.737785608947963,-6.737785608947963
521,Johnson,Empanelment,Court,Hispanic/Latino/Spanish Origins,57,0,0.00,6.737785608947963,-6.737785608947963
521,Johnson,Empanelment,Court,Native Hawaiian/Pacific Islander,57,0,0.00,0.019790729001078915,-0.019790729001078915
521,Johnson,Empanelment,Juror,Native Hawaiian/Pacific Islander,193,0,0.00,0.019790729001078915,-0.019790729001078915
521,Johnson,Empanelment,Challenged For Cause (Defendant/Respondent),Asian,10,0,0.00,5.649295513888623,-5.649295513888623
521,Johnson,Empanelment,Peremptory Strike (Defendant/Respondent),Asian,80,3,3.75,5.649295513888623,-1.8992955138886227
521,Johnson,Empanelment,Peremptory Strike (Plaintiff/Petitioner),Asian,80,6,7.50,5.649295513888623,1.8507044861113773
521,Johnson,Empanelment,Not Used,Asian,255,6,2.35,5.649295513888623,-3.2992955138886226
521,Johnson,Empanelment,No Result,Asian,363,9,2.48,5.649295513888623,-3.1692955138886227
521,Johnson,Empanelment,Challenged For Cause (Plaintiff/Petitioner),Asian,14,0,0.00,5.649295513888623,-5.649295513888623
521,Johnson,Empanelment,Court,Asian,57,2,3.51,5.649295513888623,-2.139295513888623
521,Johnson,Empanelment,Juror,Asian,193,7,3.63,5.649295513888623,-2.019295513888623
531,Jones,Empanelment,Challenged For Cause (Defendant/Respondent),Black/African American,5,0,0.00,2.459800918836141,-2.459800918836141
531,Jones,Overall Pool,NULL,Black/African American,1573,5,0.32,2.459800918836141,-2.139800918836141
531,Jones,Criminal Panel,NULL,Hispanic/Latino/Spanish Origins,94,0,0.00,2.598583460949464,-2.598583460949464
531,Jones,Empanelment,Peremptory Strike (Defendant/Respondent),Asian,13,0,0.00,0.6125574272588056,-0.6125574272588056
531,Jones,Empanelment,Not Used,Asian,30,0,0.00,0.6125574272588056,-0.6125574272588056
531,Jones,Overall Pool,NULL,American Indian/Alaskan Native,1573,4,0.25,0.08135528330781011,0.1686447166921899
531,Jones,Empanelment,Peremptory Strike (Defendant/Respondent),White,13,13,100.00,91.52947932618683,8.47052067381317
531,Jones,Empanelment,Challenged For Cause (Plaintiff/Petitioner),White,4,4,100.00,91.52947932618683,8.47052067381317
531,Jones,Empanelment,Not Used,White,30,30,100.00,91.52947932618683,8.47052067381317
531,Jones,Empanelment,Juror,White,27,27,100.00,91.52947932618683,8.47052067381317
531,Jones,Empanelment,Challenged For Cause (Defendant/Respondent),White,5,5,100.00,91.52947932618683,8.47052067381317
531,Jones,Empanelment,Peremptory Strike (Plaintiff/Petitioner),White,15,13,86.67,91.52947932618683,-4.859479326186829
531,Jones,Empanelment,Peremptory Strike (Plaintiff/Petitioner),Native Hawaiian/Pacific Islander,15,0,0.00,0,0
531,Jones,Empanelment,Challenged For Cause (Defendant/Respondent),Native Hawaiian/Pacific Islander,5,0,0.00,0,0
531,Jones,Empanelment,Juror,Native Hawaiian/Pacific Islander,27,0,0.00,0,0
531,Jones,Empanelment,Not Used,Native Hawaiian/Pacific Islander,30,0,0.00,0,0
531,Jones,Empanelment,Challenged For Cause (Plaintiff/Petitioner),Native Hawaiian/Pacific Islander,4,0,0.00,0,0
531,Jones,Empanelment,Peremptory Strike (Plaintiff/Petitioner),Black/African American,15,0,0.00,2.459800918836141,-2.459800918836141
531,Jones,Empanelment,Peremptory Strike (Defendant/Respondent),Black/African American,13,0,0.00,2.459800918836141,-2.459800918836141
531,Jones,Empanelment,Challenged For Cause (Plaintiff/Petitioner),Black/African American,4,0,0.00,2.459800918836141,-2.459800918836141
531,Jones,Empanelment,Not Used,Black/African American,30,0,0.00,2.459800918836141,-2.459800918836141
531,Jones,Overall Pool,NULL,White,1573,1528,97.14,91.52947932618683,5.61052067381317
531,Jones,Empanelment,Peremptory Strike (Plaintiff/Petitioner),Hispanic/Latino/Spanish Origins,15,0,0.00,2.598583460949464,-2.598583460949464
531,Jones,Overall Pool,NULL,Hispanic/Latino/Spanish Origins,1573,0,0.00,2.598583460949464,-2.598583460949464
531,Jones,Empanelment,Not Used,Hispanic/Latino/Spanish Origins,30,0,0.00,2.598583460949464,-2.598583460949464
531,Jones,Empanelment,Challenged For Cause (Plaintiff/Petitioner),Hispanic/Latino/Spanish Origins,4,0,0.00,2.598583460949464,-2.598583460949464
531,Jones,Empanelment,Challenged For Cause (Defendant/Respondent),Hispanic/Latino/Spanish Origins,5,0,0.00,2.598583460949464,-2.598583460949464
531,Jones,Empanelment,Juror,Hispanic/Latino/Spanish Origins,27,0,0.00,2.598583460949464,-2.598583460949464
531,Jones,Overall Pool,NULL,Native Hawaiian/Pacific Islander,1573,0,0.00,0,0
531,Jones,Criminal Panel,NULL,American Indian/Alaskan Native,94,0,0.00,0.08135528330781011,-0.08135528330781011
531,Jones,Empanelment,Juror,Black/African American,27,0,0.00,2.459800918836141,-2.459800918836141
531,Jones,Empanelment,Peremptory Strike (Defendant/Respondent),Hispanic/Latino/Spanish Origins,13,0,0.00,2.598583460949464,-2.598583460949464
531,Jones,Empanelment,Challenged For Cause (Plaintiff/Petitioner),Asian,4,0,0.00,0.6125574272588056,-0.6125574272588056
531,Jones,Empanelment,Peremptory Strike (Plaintiff/Petitioner),American Indian/Alaskan Native,15,0,0.00,0.08135528330781011,-0.08135528330781011
531,Jones,Empanelment,Challenged For Cause (Defendant/Respondent),American Indian/Alaskan Native,5,0,0.00,0.08135528330781011,-0.08135528330781011
531,Jones,Empanelment,Juror,American Indian/Alaskan Native,27,0,0.00,0.08135528330781011,-0.08135528330781011
531,Jones,Empanelment,Not Used,American Indian/Alaskan Native,30,0,0.00,0.08135528330781011,-0.08135528330781011
531,Jones,Empanelment,Challenged For Cause (Plaintiff/Petitioner),American Indian/Alaskan Native,4,0,0.00,0.08135528330781011,-0.08135528330781011
531,Jones,Empanelment,Peremptory Strike (Defendant/Respondent),American Indian/Alaskan Native,13,0,0.00,0.08135528330781011,-0.08135528330781011
531,Jones,Empanelment,Peremptory Strike (Defendant/Respondent),Native Hawaiian/Pacific Islander,13,0,0.00,0,0
531,Jones,Overall Pool,NULL,Asian,1573,3,0.19,0.6125574272588056,-0.4225574272588056
531,Jones,Empanelment,Peremptory Strike (Plaintiff/Petitioner),Asian,15,0,0.00,0.6125574272588056,-0.6125574272588056
531,Jones,Criminal Panel,NULL,White,94,92,97.87,91.52947932618683,6.340520673813174
531,Jones,Empanelment,Challenged For Cause (Defendant/Respondent),Asian,5,0,0.00,0.6125574272588056,-0.6125574272588056
531,Jones,Criminal Panel,NULL,Black/African American,94,0,0.00,2.459800918836141,-2.459800918836141
531,Jones,Criminal Panel,NULL,Native Hawaiian/Pacific Islander,94,0,0.00,0,0
531,Jones,Criminal Panel,NULL,Asian,94,0,0.00,0.6125574272588056,-0.6125574272588056
531,Jones,Empanelment,Juror,Asian,27,0,0.00,0.6125574272588056,-0.6125574272588056
541,Keokuk,Criminal Panel,NULL,Native Hawaiian/Pacific Islander,54,0,0.00,0,0
541,Keokuk,Empanelment,Peremptory Strike (Plaintiff/Petitioner),Asian,7,0,0.00,0.2015316404675534,-0.2015316404675534
541,Keokuk,Empanelment,Juror,American Indian/Alaskan Native,12,0,0.00,0.09068923821039904,-0.09068923821039904
541,Keokuk,Criminal Panel,NULL,Black/African American,54,0,0.00,0.2619911326078194,-0.2619911326078194
541,Keokuk,Criminal Panel,NULL,White,54,54,100.00,94.58887545344619,5.411124546553808
541,Keokuk,Empanelment,Alternate,Hispanic/Latino/Spanish Origins,1,0,0.00,2.347843611446997,-2.347843611446997
541,Keokuk,Empanelment,Alternate,Asian,1,0,0.00,0.2015316404675534,-0.2015316404675534
541,Keokuk,Empanelment,Juror,Hispanic/Latino/Spanish Origins,12,0,0.00,2.347843611446997,-2.347843611446997
541,Keokuk,Overall Pool,NULL,Hispanic/Latino/Spanish Origins,1414,0,0.00,2.347843611446997,-2.347843611446997
541,Keokuk,Overall Pool,NULL,Black/African American,1414,5,0.35,0.2619911326078194,0.08800886739218056
541,Keokuk,Empanelment,Not Used,White,27,27,100.00,94.58887545344619,5.411124546553808
541,Keokuk,Empanelment,Peremptory Strike (Defendant/Respondent),White,7,7,100.00,94.58887545344619,5.411124546553808
541,Keokuk,Empanelment,Peremptory Strike (Plaintiff/Petitioner),White,7,7,100.00,94.58887545344619,5.411124546553808
541,Keokuk,Overall Pool,NULL,White,1414,1384,97.88,94.58887545344619,3.291124546553803
541,Keokuk,Criminal Panel,NULL,Hispanic/Latino/Spanish Origins,54,0,0.00,2.347843611446997,-2.347843611446997
541,Keokuk,Empanelment,Juror,Asian,12,0,0.00,0.2015316404675534,-0.2015316404675534
541,Keokuk,Empanelment,Peremptory Strike (Plaintiff/Petitioner),Native Hawaiian/Pacific Islander,7,0,0.00,0,0
541,Keokuk,Empanelment,Peremptory Strike (Plaintiff/Petitioner),Hispanic/Latino/Spanish Origins,7,0,0.00,2.347843611446997,-2.347843611446997
541,Keokuk,Overall Pool,NULL,American Indian/Alaskan Native,1414,2,0.14,0.09068923821039904,0.049310761789600976
541,Keokuk,Empanelment,Alternate,Native Hawaiian/Pacific Islander,1,0,0.00,0,0
541,Keokuk,Empanelment,Juror,Native Hawaiian/Pacific Islander,12,0,0.00,0,0
541,Keokuk,Empanelment,Not Used,Black/African American,27,0,0.00,0.2619911326078194,-0.2619911326078194
541,Keokuk,Empanelment,Peremptory Strike (Defendant/Respondent),Black/African American,7,0,0.00,0.2619911326078194,-0.2619911326078194
541,Keokuk,Empanelment,Alternate,White,1,1,100.00,94.58887545344619,5.411124546553808
541,Keokuk,Empanelment,Juror,White,12,12,100.00,94.58887545344619,5.411124546553808
541,Keokuk,Empanelment,Alternate,American Indian/Alaskan Native,1,0,0.00,0.09068923821039904,-0.09068923821039904
541,Keokuk,Empanelment,Peremptory Strike (Plaintiff/Petitioner),American Indian/Alaskan Native,7,0,0.00,0.09068923821039904,-0.09068923821039904
541,Keokuk,Empanelment,Peremptory Strike (Defendant/Respondent),American Indian/Alaskan Native,7,0,0.00,0.09068923821039904,-0.09068923821039904
541,Keokuk,Empanelment,Not Used,American Indian/Alaskan Native,27,0,0.00,0.09068923821039904,-0.09068923821039904
541,Keokuk,Empanelment,Not Used,Hispanic/Latino/Spanish Origins,27,0,0.00,2.347843611446997,-2.347843611446997
541,Keokuk,Overall Pool,NULL,Native Hawaiian/Pacific Islander,1414,0,0.00,0,0
541,Keokuk,Empanelment,Peremptory Strike (Defendant/Respondent),Hispanic/Latino/Spanish Origins,7,0,0.00,2.347843611446997,-2.347843611446997
541,Keokuk,Overall Pool,NULL,Asian,1414,4,0.28,0.2015316404675534,0.07846835953244663
541,Keokuk,Criminal Panel,NULL,American Indian/Alaskan Native,54,0,0.00,0.09068923821039904,-0.09068923821039904
541,Keokuk,Empanelment,Not Used,Asian,27,0,0.00,0.2015316404675534,-0.2015316404675534
541,Keokuk,Empanelment,Peremptory Strike (Defendant/Respondent),Asian,7,0,0.00,0.2015316404675534,-0.2015316404675534
541,Keokuk,Empanelment,Peremptory Strike (Defendant/Respondent),Native Hawaiian/Pacific Islander,7,0,0.00,0,0
541,Keokuk,Criminal Panel,NULL,Asian,54,0,0.00,0.2015316404675534,-0.2015316404675534
541,Keokuk,Empanelment,Not Used,Native Hawaiian/Pacific Islander,27,0,0.00,0,0
541,Keokuk,Empanelment,Peremptory Strike (Plaintiff/Petitioner),Black/African American,7,0,0.00,0.2619911326078194,-0.2619911326078194
541,Keokuk,Empanelment,Alternate,Black/African American,1,0,0.00,0.2619911326078194,-0.2619911326078194
541,Keokuk,Empanelment,Juror,Black/African American,12,0,0.00,0.2619911326078194,-0.2619911326078194
551,Kossuth,Empanelment,Peremptory Strike (Plaintiff/Petitioner),Black/African American,12,0,0.00,0.7164508128961147,-0.7164508128961147
551,Kossuth,Overall Pool,NULL,White,1602,1549,96.69,91.72637090107467,4.963629098925324
551,Kossuth,Overall Pool,NULL,Black/African American,1602,6,0.37,0.7164508128961147,-0.3464508128961147
551,Kossuth,Overall Pool,NULL,Hispanic/Latino/Spanish Origins,1602,3,0.19,4.505373381096721,-4.3153733810967205
551,Kossuth,Overall Pool,NULL,Asian,1602,7,0.44,0.4133370074400662,0.026662992559933818
551,Kossuth,Overall Pool,NULL,American Indian/Alaskan Native,1602,5,0.31,0.13089005235602094,0.17910994764397906
551,Kossuth,Overall Pool,NULL,Native Hawaiian/Pacific Islander,1602,0,0.00,0.055111600992008826,-0.055111600992008826
551,Kossuth,Criminal Panel,NULL,White,99,95,95.96,91.72637090107467,4.23362909892532
551,Kossuth,Criminal Panel,NULL,Black/African American,99,2,2.02,0.7164508128961147,1.3035491871038853
551,Kossuth,Criminal Panel,NULL,Hispanic/Latino/Spanish Origins,99,0,0.00,4.505373381096721,-4.505373381096721
551,Kossuth,Criminal Panel,NULL,Asian,99,0,0.00,0.4133370074400662,-0.4133370074400662
551,Kossuth,Criminal Panel,NULL,American Indian/Alaskan Native,99,0,0.00,0.13089005235602094,-0.13089005235602094
551,Kossuth,Criminal Panel,NULL,Native Hawaiian/Pacific Islander,99,0,0.00,0.055111600992008826,-0.055111600992008826
551,Kossuth,Empanelment,Peremptory Strike (Plaintiff/Petitioner),White,12,11,91.67,91.72637090107467,-0.05637090107467202
551,Kossuth,Empanelment,Peremptory Strike (Defendant/Respondent),White,12,12,100.00,91.72637090107467,8.273629098925326
551,Kossuth,Empanelment,Juror,White,26,24,92.31,91.72637090107467,0.5836290989253285
551,Kossuth,Empanelment,Not Used,White,26,26,100.00,91.72637090107467,8.273629098925326
551,Kossuth,Empanelment,Court,White,23,22,95.65,91.72637090107467,3.923629098925332
551,Kossuth,Empanelment,Peremptory Strike (Defendant/Respondent),Black/African American,12,0,0.00,0.7164508128961147,-0.7164508128961147
551,Kossuth,Empanelment,Juror,Black/African American,26,2,7.69,0.7164508128961147,6.9735491871038855
551,Kossuth,Empanelment,Not Used,Black/African American,26,0,0.00,0.7164508128961147,-0.7164508128961147
551,Kossuth,Empanelment,Court,Black/African American,23,0,0.00,0.7164508128961147,-0.7164508128961147
551,Kossuth,Empanelment,Peremptory Strike (Plaintiff/Petitioner),Hispanic/Latino/Spanish Origins,12,0,0.00,4.505373381096721,-4.505373381096721
551,Kossuth,Empanelment,Peremptory Strike (Defendant/Respondent),Hispanic/Latino/Spanish Origins,12,0,0.00,4.505373381096721,-4.505373381096721
551,Kossuth,Empanelment,Juror,Hispanic/Latino/Spanish Origins,26,0,0.00,4.505373381096721,-4.505373381096721
551,Kossuth,Empanelment,Not Used,Hispanic/Latino/Spanish Origins,26,0,0.00,4.505373381096721,-4.505373381096721
551,Kossuth,Empanelment,Court,Hispanic/Latino/Spanish Origins,23,0,0.00,4.505373381096721,-4.505373381096721
551,Kossuth,Empanelment,Court,Native Hawaiian/Pacific Islander,23,0,0.00,0.055111600992008826,-0.055111600992008826
551,Kossuth,Empanelment,Not Used,Native Hawaiian/Pacific Islander,26,0,0.00,0.055111600992008826,-0.055111600992008826
551,Kossuth,Empanelment,Juror,Native Hawaiian/Pacific Islander,26,0,0.00,0.055111600992008826,-0.055111600992008826
551,Kossuth,Empanelment,Peremptory Strike (Defendant/Respondent),Native Hawaiian/Pacific Islander,12,0,0.00,0.055111600992008826,-0.055111600992008826
551,Kossuth,Empanelment,Peremptory Strike (Plaintiff/Petitioner),Native Hawaiian/Pacific Islander,12,0,0.00,0.055111600992008826,-0.055111600992008826
551,Kossuth,Empanelment,Peremptory Strike (Plaintiff/Petitioner),Asian,12,0,0.00,0.4133370074400662,-0.4133370074400662
551,Kossuth,Empanelment,Peremptory Strike (Defendant/Respondent),Asian,12,0,0.00,0.4133370074400662,-0.4133370074400662
551,Kossuth,Empanelment,Juror,Asian,26,0,0.00,0.4133370074400662,-0.4133370074400662
551,Kossuth,Empanelment,Not Used,Asian,26,0,0.00,0.4133370074400662,-0.4133370074400662
551,Kossuth,Empanelment,Court,Asian,23,0,0.00,0.4133370074400662,-0.4133370074400662
551,Kossuth,Empanelment,Peremptory Strike (Plaintiff/Petitioner),American Indian/Alaskan Native,12,0,0.00,0.13089005235602094,-0.13089005235602094
551,Kossuth,Empanelment,Peremptory Strike (Defendant/Respondent),American Indian/Alaskan Native,12,0,0.00,0.13089005235602094,-0.13089005235602094
551,Kossuth,Empanelment,Juror,American Indian/Alaskan Native,26,0,0.00,0.13089005235602094,-0.13089005235602094
551,Kossuth,Empanelment,Not Used,American Indian/Alaskan Native,26,0,0.00,0.13089005235602094,-0.13089005235602094
551,Kossuth,Empanelment,Court,American Indian/Alaskan Native,23,0,0.00,0.13089005235602094,-0.13089005235602094
561,Lee,Empanelment,Juror,Hispanic/Latino/Spanish Origins,12,0,0.00,3.4809837959444256,-3.4809837959444256
562,Lee,Empanelment,Peremptory Strike (Plaintiff/Petitioner),Black/African American,7,1,14.29,2.477730824187517,11.812269175812482
562,Lee,Empanelment,Alternate,Black/African American,1,0,0.00,2.477730824187517,-2.477730824187517
562,Lee,Empanelment,Not Used,Black/African American,14,1,7.14,2.477730824187517,4.662269175812483
562,Lee,Empanelment,No Result,Black/African American,80,0,0.00,2.477730824187517,-2.477730824187517
562,Lee,Empanelment,Peremptory Strike (Defendant/Respondent),Black/African American,7,0,0.00,2.477730824187517,-2.477730824187517
562,Lee,Empanelment,Juror,Black/African American,12,0,0.00,2.477730824187517,-2.477730824187517
561,Lee,Empanelment,Peremptory Strike (Plaintiff/Petitioner),Black/African American,7,0,0.00,2.477730824187517,-2.477730824187517
561,Lee,Empanelment,Alternate,Black/African American,2,0,0.00,2.477730824187517,-2.477730824187517
561,Lee,Empanelment,Not Used,Black/African American,14,1,7.14,2.477730824187517,4.662269175812483
561,Lee,Empanelment,Juror,Black/African American,12,0,0.00,2.477730824187517,-2.477730824187517
561,Lee,Empanelment,Peremptory Strike (Defendant/Respondent),Black/African American,7,1,14.29,2.477730824187517,11.812269175812482
562,Lee,Empanelment,No Result,Native Hawaiian/Pacific Islander,80,0,0.00,0.0638433709299851,-0.0638433709299851
562,Lee,Empanelment,Juror,Hispanic/Latino/Spanish Origins,12,0,0.00,3.4809837959444256,-3.4809837959444256
561,Lee,Empanelment,Peremptory Strike (Plaintiff/Petitioner),Hispanic/Latino/Spanish Origins,7,0,0.00,3.4809837959444256,-3.4809837959444256
561,Lee,Empanelment,Alternate,Hispanic/Latino/Spanish Origins,2,0,0.00,3.4809837959444256,-3.4809837959444256
562,Lee,Criminal Panel,NULL,American Indian/Alaskan Native,121,0,0.00,0.10640561821664184,-0.10640561821664184
561,Lee,Criminal Panel,NULL,American Indian/Alaskan Native,42,0,0.00,0.10640561821664184,-0.10640561821664184
561,Lee,Empanelment,Not Used,Hispanic/Latino/Spanish Origins,14,0,0.00,3.4809837959444256,-3.4809837959444256
561,Lee,Empanelment,Peremptory Strike (Defendant/Respondent),Hispanic/Latino/Spanish Origins,7,0,0.00,3.4809837959444256,-3.4809837959444256
562,Lee,Empanelment,Peremptory Strike (Plaintiff/Petitioner),Asian,7,0,0.00,0.562429696287964,-0.562429696287964
562,Lee,Empanelment,Alternate,Asian,1,0,0.00,0.562429696287964,-0.562429696287964
562,Lee,Empanelment,Not Used,Asian,14,0,0.00,0.562429696287964,-0.562429696287964
562,Lee,Empanelment,No Result,Asian,80,0,0.00,0.562429696287964,-0.562429696287964
562,Lee,Empanelment,Peremptory Strike (Defendant/Respondent),Asian,7,0,0.00,0.562429696287964,-0.562429696287964
562,Lee,Empanelment,Juror,Asian,12,0,0.00,0.562429696287964,-0.562429696287964
561,Lee,Empanelment,Peremptory Strike (Plaintiff/Petitioner),Asian,7,0,0.00,0.562429696287964,-0.562429696287964
561,Lee,Overall Pool,NULL,Hispanic/Latino/Spanish Origins,1492,3,0.20,3.4809837959444256,-3.2809837959444255
562,Lee,Overall Pool,NULL,Hispanic/Latino/Spanish Origins,1553,3,0.19,3.4809837959444256,-3.2909837959444257
561,Lee,Empanelment,Alternate,Asian,2,0,0.00,0.562429696287964,-0.562429696287964
561,Lee,Empanelment,Not Used,Asian,14,0,0.00,0.562429696287964,-0.562429696287964
561,Lee,Empanelment,Juror,Asian,12,1,8.33,0.562429696287964,7.767570303712036
561,Lee,Empanelment,Peremptory Strike (Defendant/Respondent),Asian,7,0,0.00,0.562429696287964,-0.562429696287964
561,Lee,Overall Pool,NULL,Asian,1492,6,0.40,0.562429696287964,-0.162429696287964
561,Lee,Criminal Panel,NULL,Hispanic/Latino/Spanish Origins,42,0,0.00,3.4809837959444256,-3.4809837959444256
562,Lee,Criminal Panel,NULL,Hispanic/Latino/Spanish Origins,121,0,0.00,3.4809837959444256,-3.4809837959444256
562,Lee,Criminal Panel,NULL,Native Hawaiian/Pacific Islander,121,0,0.00,0.0638433709299851,-0.0638433709299851
561,Lee,Criminal Panel,NULL,Native Hawaiian/Pacific Islander,42,0,0.00,0.0638433709299851,-0.0638433709299851
561,Lee,Criminal Panel,NULL,Black/African American,42,2,4.76,2.477730824187517,2.2822691758124827
562,Lee,Criminal Panel,NULL,Black/African American,121,2,1.65,2.477730824187517,-0.8277308241875172
561,Lee,Empanelment,Peremptory Strike (Defendant/Respondent),White,7,6,85.71,90.28060681603989,-4.5706068160398985
561,Lee,Empanelment,Juror,White,12,11,91.67,90.28060681603989,1.3893931839601095
561,Lee,Empanelment,Not Used,White,14,12,85.71,90.28060681603989,-4.5706068160398985
561,Lee,Overall Pool,NULL,Black/African American,1492,58,3.89,2.477730824187517,1.412269175812483
562,Lee,Overall Pool,NULL,Black/African American,1553,36,2.32,2.477730824187517,-0.15773082418751727
562,Lee,Empanelment,Peremptory Strike (Plaintiff/Petitioner),Hispanic/Latino/Spanish Origins,7,0,0.00,3.4809837959444256,-3.4809837959444256
562,Lee,Empanelment,Peremptory Strike (Plaintiff/Petitioner),American Indian/Alaskan Native,7,0,0.00,0.10640561821664184,-0.10640561821664184
561,Lee,Empanelment,Alternate,White,2,2,100.00,90.28060681603989,9.719393183960108
561,Lee,Empanelment,Peremptory Strike (Plaintiff/Petitioner),White,7,7,100.00,90.28060681603989,9.719393183960108
562,Lee,Empanelment,Juror,White,12,12,100.00,90.28060681603989,9.719393183960108
562,Lee,Empanelment,Peremptory Strike (Defendant/Respondent),White,7,7,100.00,90.28060681603989,9.719393183960108
562,Lee,Empanelment,No Result,White,80,79,98.75,90.28060681603989,8.469393183960108
562,Lee,Empanelment,Not Used,White,14,13,92.86,90.28060681603989,2.579393183960107
562,Lee,Empanelment,Alternate,White,1,1,100.00,90.28060681603989,9.719393183960108
562,Lee,Empanelment,Peremptory Strike (Plaintiff/Petitioner),White,7,6,85.71,90.28060681603989,-4.5706068160398985
562,Lee,Empanelment,Alternate,Hispanic/Latino/Spanish Origins,1,0,0.00,3.4809837959444256,-3.4809837959444256
562,Lee,Empanelment,Not Used,Hispanic/Latino/Spanish Origins,14,0,0.00,3.4809837959444256,-3.4809837959444256
562,Lee,Empanelment,No Result,Hispanic/Latino/Spanish Origins,80,0,0.00,3.4809837959444256,-3.4809837959444256
562,Lee,Empanelment,Peremptory Strike (Defendant/Respondent),Hispanic/Latino/Spanish Origins,7,0,0.00,3.4809837959444256,-3.4809837959444256
562,Lee,Empanelment,Alternate,American Indian/Alaskan Native,1,0,0.00,0.10640561821664184,-0.10640561821664184
562,Lee,Empanelment,Not Used,American Indian/Alaskan Native,14,0,0.00,0.10640561821664184,-0.10640561821664184
562,Lee,Empanelment,No Result,American Indian/Alaskan Native,80,0,0.00,0.10640561821664184,-0.10640561821664184
562,Lee,Empanelment,Peremptory Strike (Defendant/Respondent),American Indian/Alaskan Native,7,0,0.00,0.10640561821664184,-0.10640561821664184
562,Lee,Empanelment,Juror,American Indian/Alaskan Native,12,0,0.00,0.10640561821664184,-0.10640561821664184
561,Lee,Empanelment,Peremptory Strike (Plaintiff/Petitioner),American Indian/Alaskan Native,7,0,0.00,0.10640561821664184,-0.10640561821664184
561,Lee,Empanelment,Alternate,American Indian/Alaskan Native,2,0,0.00,0.10640561821664184,-0.10640561821664184
561,Lee,Empanelment,Not Used,American Indian/Alaskan Native,14,0,0.00,0.10640561821664184,-0.10640561821664184
561,Lee,Empanelment,Juror,American Indian/Alaskan Native,12,0,0.00,0.10640561821664184,-0.10640561821664184
561,Lee,Empanelment,Peremptory Strike (Defendant/Respondent),American Indian/Alaskan Native,7,0,0.00,0.10640561821664184,-0.10640561821664184
561,Lee,Overall Pool,NULL,White,1492,1382,92.63,90.28060681603989,2.349393183960103
562,Lee,Overall Pool,NULL,White,1553,1469,94.59,90.28060681603989,4.309393183960111
561,Lee,Criminal Panel,NULL,White,42,38,90.48,90.28060681603989,0.19939318396011174
562,Lee,Criminal Panel,NULL,White,121,118,97.52,90.28060681603989,7.239393183960104
562,Lee,Overall Pool,NULL,Native Hawaiian/Pacific Islander,1553,0,0.00,0.0638433709299851,-0.0638433709299851
561,Lee,Overall Pool,NULL,Native Hawaiian/Pacific Islander,1492,0,0.00,0.0638433709299851,-0.0638433709299851
562,Lee,Overall Pool,NULL,Asian,1553,2,0.13,0.562429696287964,-0.432429696287964
562,Lee,Overall Pool,NULL,American Indian/Alaskan Native,1553,2,0.13,0.10640561821664184,0.023594381783358168
561,Lee,Overall Pool,NULL,American Indian/Alaskan Native,1492,3,0.20,0.10640561821664184,0.09359438178335817
561,Lee,Empanelment,Peremptory Strike (Defendant/Respondent),Native Hawaiian/Pacific Islander,7,0,0.00,0.0638433709299851,-0.0638433709299851
561,Lee,Empanelment,Juror,Native Hawaiian/Pacific Islander,12,0,0.00,0.0638433709299851,-0.0638433709299851
561,Lee,Empanelment,Not Used,Native Hawaiian/Pacific Islander,14,0,0.00,0.0638433709299851,-0.0638433709299851
561,Lee,Empanelment,Alternate,Native Hawaiian/Pacific Islander,2,0,0.00,0.0638433709299851,-0.0638433709299851
561,Lee,Empanelment,Peremptory Strike (Plaintiff/Petitioner),Native Hawaiian/Pacific Islander,7,0,0.00,0.0638433709299851,-0.0638433709299851
562,Lee,Empanelment,Juror,Native Hawaiian/Pacific Islander,12,0,0.00,0.0638433709299851,-0.0638433709299851
562,Lee,Empanelment,Peremptory Strike (Defendant/Respondent),Native Hawaiian/Pacific Islander,7,0,0.00,0.0638433709299851,-0.0638433709299851
562,Lee,Empanelment,Peremptory Strike (Plaintiff/Petitioner),Native Hawaiian/Pacific Islander,7,0,0.00,0.0638433709299851,-0.0638433709299851
562,Lee,Empanelment,Alternate,Native Hawaiian/Pacific Islander,1,0,0.00,0.0638433709299851,-0.0638433709299851
562,Lee,Empanelment,Not Used,Native Hawaiian/Pacific Islander,14,0,0.00,0.0638433709299851,-0.0638433709299851
562,Lee,Criminal Panel,NULL,Asian,121,0,0.00,0.562429696287964,-0.562429696287964
561,Lee,Criminal Panel,NULL,Asian,42,1,2.38,0.562429696287964,1.8175703037120359
571,Linn,Empanelment,Not Used,Native Hawaiian/Pacific Islander,1012,0,0.00,0.02304307751169545,-0.02304307751169545
571,Linn,Empanelment,No Result,Native Hawaiian/Pacific Islander,355,1,0.28,0.02304307751169545,0.2569569224883046
571,Linn,Criminal Panel,NULL,Native Hawaiian/Pacific Islander,2980,3,0.10,0.02304307751169545,0.07695692248830456
571,Linn,Empanelment,Juror,Native Hawaiian/Pacific Islander,645,1,0.16,0.02304307751169545,0.13695692248830454
571,Linn,Empanelment,Peremptory Strike (Defendant/Respondent),Native Hawaiian/Pacific Islander,321,0,0.00,0.02304307751169545,-0.02304307751169545
571,Linn,Empanelment,Challenged For Cause (Plaintiff/Petitioner),Native Hawaiian/Pacific Islander,42,0,0.00,0.02304307751169545,-0.02304307751169545
571,Linn,Empanelment,Court,Black/African American,257,9,3.50,5.971635275908245,-2.4716352759082447
571,Linn,Empanelment,Not Used,Black/African American,1012,47,4.64,5.971635275908245,-1.331635275908245
571,Linn,Empanelment,No Result,Black/African American,355,19,5.35,5.971635275908245,-0.6216352759082451
571,Linn,Empanelment,Peremptory Strike (Plaintiff/Petitioner),Black/African American,318,13,4.09,5.971635275908245,-1.8816352759082449
571,Linn,Empanelment,Challenged For Cause (Defendant/Respondent),Black/African American,30,0,0.00,5.971635275908245,-5.971635275908245
571,Linn,Empanelment,Juror,Black/African American,645,23,3.57,5.971635275908245,-2.401635275908245
571,Linn,Empanelment,Peremptory Strike (Defendant/Respondent),Black/African American,321,6,1.87,5.971635275908245,-4.101635275908245
571,Linn,Empanelment,Challenged For Cause (Plaintiff/Petitioner),Black/African American,42,1,2.38,5.971635275908245,-3.591635275908245
571,Linn,Overall Pool,NULL,Black/African American,17696,947,5.35,5.971635275908245,-0.6216352759082451
571,Linn,Criminal Panel,NULL,White,2980,2721,91.31,82.35030695118346,8.959693048816547
571,Linn,Overall Pool,NULL,White,17696,15665,88.52,82.35030695118346,6.169693048816541
571,Linn,Overall Pool,NULL,Native Hawaiian/Pacific Islander,17696,32,0.18,0.02304307751169545,0.15695692248830453
571,Linn,Empanelment,Challenged For Cause (Plaintiff/Petitioner),White,42,39,92.86,82.35030695118346,10.509693048816544
571,Linn,Empanelment,Peremptory Strike (Defendant/Respondent),White,321,301,93.77,82.35030695118346,11.41969304881654
571,Linn,Empanelment,Juror,White,645,601,93.18,82.35030695118346,10.829693048816551
571,Linn,Empanelment,Court,Asian,257,8,3.11,2.393001860837203,0.7169981391627971
571,Linn,Empanelment,Not Used,Asian,1012,10,0.99,2.393001860837203,-1.4030018608372028
571,Linn,Empanelment,No Result,Asian,355,2,0.56,2.393001860837203,-1.8330018608372027
571,Linn,Empanelment,Challenged For Cause (Defendant/Respondent),White,30,30,100.00,82.35030695118346,17.649693048816545
571,Linn,Empanelment,Peremptory Strike (Plaintiff/Petitioner),White,318,278,87.42,82.35030695118346,5.069693048816546
571,Linn,Criminal Panel,NULL,American Indian/Alaskan Native,2980,12,0.40,0.22043094902697344,0.17956905097302658
571,Linn,Empanelment,Court,Hispanic/Latino/Spanish Origins,257,0,0.00,4.122536999356533,-4.122536999356533
571,Linn,Empanelment,No Result,White,355,318,89.58,82.35030695118346,7.229693048816543
571,Linn,Criminal Panel,NULL,Asian,2980,35,1.17,2.393001860837203,-1.2230018608372029
571,Linn,Empanelment,Not Used,Hispanic/Latino/Spanish Origins,1012,0,0.00,4.122536999356533,-4.122536999356533
571,Linn,Empanelment,No Result,Hispanic/Latino/Spanish Origins,355,0,0.00,4.122536999356533,-4.122536999356533
571,Linn,Empanelment,Peremptory Strike (Plaintiff/Petitioner),Hispanic/Latino/Spanish Origins,318,0,0.00,4.122536999356533,-4.122536999356533
571,Linn,Empanelment,Not Used,White,1012,925,91.40,82.35030695118346,9.04969304881655
571,Linn,Empanelment,Peremptory Strike (Plaintiff/Petitioner),Asian,318,8,2.52,2.393001860837203,0.12699813916279723
571,Linn,Empanelment,Challenged For Cause (Defendant/Respondent),Asian,30,0,0.00,2.393001860837203,-2.393001860837203
571,Linn,Empanelment,Juror,Asian,645,5,0.78,2.393001860837203,-1.6130018608372028
571,Linn,Empanelment,Peremptory Strike (Defendant/Respondent),Asian,321,2,0.62,2.393001860837203,-1.7730018608372027
571,Linn,Empanelment,Challenged For Cause (Plaintiff/Petitioner),Asian,42,0,0.00,2.393001860837203,-2.393001860837203
571,Linn,Empanelment,Court,White,257,229,89.11,82.35030695118346,6.759693048816544
571,Linn,Overall Pool,NULL,Hispanic/Latino/Spanish Origins,17696,20,0.11,4.122536999356533,-4.0125369993565325
571,Linn,Empanelment,Challenged For Cause (Defendant/Respondent),Hispanic/Latino/Spanish Origins,30,0,0.00,4.122536999356533,-4.122536999356533
571,Linn,Overall Pool,NULL,Asian,17696,363,2.05,2.393001860837203,-0.34300186083720297
571,Linn,Empanelment,Court,American Indian/Alaskan Native,257,0,0.00,0.22043094902697344,-0.22043094902697344
571,Linn,Empanelment,Not Used,American Indian/Alaskan Native,1012,0,0.00,0.22043094902697344,-0.22043094902697344
571,Linn,Empanelment,No Result,American Indian/Alaskan Native,355,0,0.00,0.22043094902697344,-0.22043094902697344
571,Linn,Empanelment,Peremptory Strike (Plaintiff/Petitioner),American Indian/Alaskan Native,318,0,0.00,0.22043094902697344,-0.22043094902697344
571,Linn,Empanelment,Juror,Hispanic/Latino/Spanish Origins,645,0,0.00,4.122536999356533,-4.122536999356533
571,Linn,Overall Pool,NULL,American Indian/Alaskan Native,17696,51,0.29,0.22043094902697344,0.06956905097302654
571,Linn,Criminal Panel,NULL,Hispanic/Latino/Spanish Origins,2980,0,0.00,4.122536999356533,-4.122536999356533
571,Linn,Empanelment,Court,Native Hawaiian/Pacific Islander,257,1,0.39,0.02304307751169545,0.3669569224883046
571,Linn,Empanelment,Peremptory Strike (Defendant/Respondent),Hispanic/Latino/Spanish Origins,321,0,0.00,4.122536999356533,-4.122536999356533
571,Linn,Empanelment,Challenged For Cause (Defendant/Respondent),American Indian/Alaskan Native,30,0,0.00,0.22043094902697344,-0.22043094902697344
571,Linn,Empanelment,Juror,American Indian/Alaskan Native,645,0,0.00,0.22043094902697344,-0.22043094902697344
571,Linn,Empanelment,Peremptory Strike (Defendant/Respondent),American Indian/Alaskan Native,321,0,0.00,0.22043094902697344,-0.22043094902697344
571,Linn,Empanelment,Challenged For Cause (Plaintiff/Petitioner),American Indian/Alaskan Native,42,0,0.00,0.22043094902697344,-0.22043094902697344
571,Linn,Empanelment,Challenged For Cause (Plaintiff/Petitioner),Hispanic/Latino/Spanish Origins,42,0,0.00,4.122536999356533,-4.122536999356533
571,Linn,Criminal Panel,NULL,Black/African American,2980,118,3.96,5.971635275908245,-2.0116352759082448
571,Linn,Empanelment,Peremptory Strike (Plaintiff/Petitioner),Native Hawaiian/Pacific Islander,318,0,0.00,0.02304307751169545,-0.02304307751169545
571,Linn,Empanelment,Challenged For Cause (Defendant/Respondent),Native Hawaiian/Pacific Islander,30,0,0.00,0.02304307751169545,-0.02304307751169545
581,Louisa,Criminal Panel,NULL,Native Hawaiian/Pacific Islander,205,1,0.49,0,0.49
581,Louisa,Empanelment,Juror,Asian,48,0,0.00,2.1633264656302678,-2.1633264656302678
581,Louisa,Empanelment,Court,Asian,14,0,0.00,2.1633264656302678,-2.1633264656302678
581,Louisa,Empanelment,Peremptory Strike (Plaintiff/Petitioner),Asian,26,0,0.00,2.1633264656302678,-2.1633264656302678
581,Louisa,Empanelment,Alternate,Asian,5,0,0.00,2.1633264656302678,-2.1633264656302678
581,Louisa,Empanelment,Peremptory Strike (Defendant/Respondent),Asian,26,0,0.00,2.1633264656302678,-2.1633264656302678
581,Louisa,Empanelment,Not Used,Asian,87,0,0.00,2.1633264656302678,-2.1633264656302678
581,Louisa,Criminal Panel,NULL,Black/African American,205,1,0.49,1.030155459823937,-0.5401554598239371
581,Louisa,Empanelment,Not Used,White,87,81,93.10,76.98070799775239,16.119292002247605
581,Louisa,Empanelment,Peremptory Strike (Defendant/Respondent),White,26,24,92.31,76.98070799775239,15.329292002247612
581,Louisa,Empanelment,Alternate,White,5,5,100.00,76.98070799775239,23.01929200224761
581,Louisa,Empanelment,Peremptory Strike (Plaintiff/Petitioner),White,26,25,96.15,76.98070799775239,19.169292002247616
581,Louisa,Empanelment,Court,White,14,12,85.71,76.98070799775239,8.729292002247604
581,Louisa,Empanelment,Juror,White,48,46,95.83,76.98070799775239,18.84929200224761
581,Louisa,Overall Pool,NULL,Asian,939,9,0.96,2.1633264656302678,-1.2033264656302678
581,Louisa,Empanelment,Court,Hispanic/Latino/Spanish Origins,14,0,0.00,16.426297059374413,-16.426297059374413
581,Louisa,Criminal Panel,NULL,Asian,205,0,0.00,2.1633264656302678,-2.1633264656302678
581,Louisa,Empanelment,Peremptory Strike (Defendant/Respondent),Hispanic/Latino/Spanish Origins,26,0,0.00,16.426297059374413,-16.426297059374413
581,Louisa,Empanelment,Juror,Black/African American,48,1,2.08,1.030155459823937,1.049844540176063
581,Louisa,Empanelment,Court,Black/African American,14,0,0.00,1.030155459823937,-1.030155459823937
581,Louisa,Empanelment,Peremptory Strike (Plaintiff/Petitioner),Black/African American,26,0,0.00,1.030155459823937,-1.030155459823937
581,Louisa,Empanelment,Alternate,Black/African American,5,0,0.00,1.030155459823937,-1.030155459823937
581,Louisa,Empanelment,Peremptory Strike (Defendant/Respondent),Black/African American,26,0,0.00,1.030155459823937,-1.030155459823937
581,Louisa,Empanelment,Not Used,Black/African American,87,0,0.00,1.030155459823937,-1.030155459823937
581,Louisa,Criminal Panel,NULL,American Indian/Alaskan Native,205,0,0.00,0.6274583255291253,-0.6274583255291253
581,Louisa,Empanelment,Alternate,Native Hawaiian/Pacific Islander,5,0,0.00,0,0
581,Louisa,Empanelment,Peremptory Strike (Defendant/Respondent),Native Hawaiian/Pacific Islander,26,0,0.00,0,0
581,Louisa,Empanelment,Not Used,American Indian/Alaskan Native,87,0,0.00,0.6274583255291253,-0.6274583255291253
581,Louisa,Overall Pool,NULL,Hispanic/Latino/Spanish Origins,939,23,2.45,16.426297059374413,-13.976297059374414
581,Louisa,Empanelment,Not Used,Native Hawaiian/Pacific Islander,87,1,1.15,0,1.15
581,Louisa,Empanelment,Court,American Indian/Alaskan Native,14,0,0.00,0.6274583255291253,-0.6274583255291253
581,Louisa,Empanelment,Peremptory Strike (Plaintiff/Petitioner),American Indian/Alaskan Native,26,0,0.00,0.6274583255291253,-0.6274583255291253
581,Louisa,Empanelment,Juror,American Indian/Alaskan Native,48,0,0.00,0.6274583255291253,-0.6274583255291253
581,Louisa,Overall Pool,NULL,Black/African American,939,3,0.32,1.030155459823937,-0.710155459823937
581,Louisa,Criminal Panel,NULL,White,205,193,94.15,76.98070799775239,17.169292002247616
581,Louisa,Empanelment,Alternate,American Indian/Alaskan Native,5,0,0.00,0.6274583255291253,-0.6274583255291253
581,Louisa,Empanelment,Juror,Native Hawaiian/Pacific Islander,48,0,0.00,0,0
581,Louisa,Empanelment,Court,Native Hawaiian/Pacific Islander,14,0,0.00,0,0
581,Louisa,Criminal Panel,NULL,Hispanic/Latino/Spanish Origins,205,0,0.00,16.426297059374413,-16.426297059374413
581,Louisa,Overall Pool,NULL,White,939,844,89.88,76.98070799775239,12.899292002247606
581,Louisa,Empanelment,Peremptory Strike (Plaintiff/Petitioner),Hispanic/Latino/Spanish Origins,26,0,0.00,16.426297059374413,-16.426297059374413
581,Louisa,Overall Pool,NULL,Native Hawaiian/Pacific Islander,939,1,0.11,0,0.11
581,Louisa,Empanelment,Alternate,Hispanic/Latino/Spanish Origins,5,0,0.00,16.426297059374413,-16.426297059374413
581,Louisa,Empanelment,Peremptory Strike (Plaintiff/Petitioner),Native Hawaiian/Pacific Islander,26,0,0.00,0,0
581,Louisa,Empanelment,Juror,Hispanic/Latino/Spanish Origins,48,0,0.00,16.426297059374413,-16.426297059374413
581,Louisa,Overall Pool,NULL,American Indian/Alaskan Native,939,0,0.00,0.6274583255291253,-0.6274583255291253
581,Louisa,Empanelment,Peremptory Strike (Defendant/Respondent),American Indian/Alaskan Native,26,0,0.00,0.6274583255291253,-0.6274583255291253
581,Louisa,Empanelment,Not Used,Hispanic/Latino/Spanish Origins,87,0,0.00,16.426297059374413,-16.426297059374413
591,Lucas,Empanelment,Not Used,American Indian/Alaskan Native,57,0,0.00,0.011473152822395595,-0.011473152822395595
591,Lucas,Empanelment,Peremptory Strike (Plaintiff/Petitioner),Asian,9,0,0.00,0.8375401560348784,-0.8375401560348784
591,Lucas,Empanelment,Peremptory Strike (Defendant/Respondent),Asian,9,0,0.00,0.8375401560348784,-0.8375401560348784
591,Lucas,Empanelment,Court,Asian,4,0,0.00,0.8375401560348784,-0.8375401560348784
591,Lucas,Empanelment,Not Used,Asian,57,0,0.00,0.8375401560348784,-0.8375401560348784
591,Lucas,Criminal Panel,NULL,Asian,117,0,0.00,0.8375401560348784,-0.8375401560348784
591,Lucas,Empanelment,Juror,Asian,39,0,0.00,0.8375401560348784,-0.8375401560348784
591,Lucas,Criminal Panel,NULL,American Indian/Alaskan Native,117,0,0.00,0.011473152822395595,-0.011473152822395595
591,Lucas,Empanelment,Peremptory Strike (Plaintiff/Petitioner),Native Hawaiian/Pacific Islander,9,0,0.00,0,0
591,Lucas,Empanelment,Peremptory Strike (Defendant/Respondent),Native Hawaiian/Pacific Islander,9,0,0.00,0,0
591,Lucas,Empanelment,Court,Native Hawaiian/Pacific Islander,4,0,0.00,0,0
591,Lucas,Overall Pool,NULL,Hispanic/Latino/Spanish Origins,519,2,0.39,2.9256539697108765,-2.5356539697108764
591,Lucas,Criminal Panel,NULL,Hispanic/Latino/Spanish Origins,117,0,0.00,2.9256539697108765,-2.9256539697108765
591,Lucas,Criminal Panel,NULL,Native Hawaiian/Pacific Islander,117,0,0.00,0,0
591,Lucas,Criminal Panel,NULL,Black/African American,117,2,1.71,0.28682882055988984,1.42317117944011
591,Lucas,Overall Pool,NULL,Black/African American,519,2,0.39,0.28682882055988984,0.10317117944011017
591,Lucas,Empanelment,Juror,White,39,37,94.87,93.98806792106471,0.8819320789352929
591,Lucas,Empanelment,Not Used,White,57,55,96.49,93.98806792106471,2.5019320789352832
591,Lucas,Empanelment,Court,White,4,4,100.00,93.98806792106471,6.011932078935288
591,Lucas,Empanelment,Peremptory Strike (Defendant/Respondent),White,9,9,100.00,93.98806792106471,6.011932078935288
591,Lucas,Empanelment,Peremptory Strike (Plaintiff/Petitioner),White,9,8,88.89,93.98806792106471,-5.098067921064711
591,Lucas,Criminal Panel,NULL,White,117,113,96.58,93.98806792106471,2.5919320789352867
591,Lucas,Overall Pool,NULL,Native Hawaiian/Pacific Islander,519,0,0.00,0,0
591,Lucas,Overall Pool,NULL,American Indian/Alaskan Native,519,0,0.00,0.011473152822395595,-0.011473152822395595
591,Lucas,Empanelment,Peremptory Strike (Plaintiff/Petitioner),Black/African American,9,0,0.00,0.28682882055988984,-0.28682882055988984
591,Lucas,Empanelment,Peremptory Strike (Defendant/Respondent),Black/African American,9,0,0.00,0.28682882055988984,-0.28682882055988984
591,Lucas,Empanelment,Court,Black/African American,4,0,0.00,0.28682882055988984,-0.28682882055988984
591,Lucas,Empanelment,Not Used,Black/African American,57,1,1.75,0.28682882055988984,1.46317117944011
591,Lucas,Empanelment,Juror,Black/African American,39,1,2.56,0.28682882055988984,2.2731711794401104
591,Lucas,Empanelment,Juror,Native Hawaiian/Pacific Islander,39,0,0.00,0,0
591,Lucas,Empanelment,Not Used,Native Hawaiian/Pacific Islander,57,0,0.00,0,0
591,Lucas,Overall Pool,NULL,Asian,519,1,0.19,0.8375401560348784,-0.6475401560348784
591,Lucas,Overall Pool,NULL,White,519,505,97.30,93.98806792106471,3.3119320789352855
591,Lucas,Empanelment,Juror,American Indian/Alaskan Native,39,0,0.00,0.011473152822395595,-0.011473152822395595
591,Lucas,Empanelment,Court,American Indian/Alaskan Native,4,0,0.00,0.011473152822395595,-0.011473152822395595
591,Lucas,Empanelment,Peremptory Strike (Defendant/Respondent),American Indian/Alaskan Native,9,0,0.00,0.011473152822395595,-0.011473152822395595
591,Lucas,Empanelment,Peremptory Strike (Plaintiff/Petitioner),American Indian/Alaskan Native,9,0,0.00,0.011473152822395595,-0.011473152822395595
591,Lucas,Empanelment,Juror,Hispanic/Latino/Spanish Origins,39,0,0.00,2.9256539697108765,-2.9256539697108765
591,Lucas,Empanelment,Not Used,Hispanic/Latino/Spanish Origins,57,0,0.00,2.9256539697108765,-2.9256539697108765
591,Lucas,Empanelment,Court,Hispanic/Latino/Spanish Origins,4,0,0.00,2.9256539697108765,-2.9256539697108765
591,Lucas,Empanelment,Peremptory Strike (Defendant/Respondent),Hispanic/Latino/Spanish Origins,9,0,0.00,2.9256539697108765,-2.9256539697108765
591,Lucas,Empanelment,Peremptory Strike (Plaintiff/Petitioner),Hispanic/Latino/Spanish Origins,9,0,0.00,2.9256539697108765,-2.9256539697108765
601,Lyon,Empanelment,Challenged For Cause (Defendant/Respondent),Asian,1,0,0.00,0.4851175793455024,-0.4851175793455024
601,Lyon,Overall Pool,NULL,Hispanic/Latino/Spanish Origins,1394,2,0.14,3.864495971057392,-3.724495971057392
601,Lyon,Empanelment,Peremptory Strike (Defendant/Respondent),Hispanic/Latino/Spanish Origins,14,0,0.00,3.864495971057392,-3.864495971057392
601,Lyon,Empanelment,Juror,Hispanic/Latino/Spanish Origins,24,0,0.00,3.864495971057392,-3.864495971057392
601,Lyon,Empanelment,Challenged For Cause (Plaintiff/Petitioner),Hispanic/Latino/Spanish Origins,4,0,0.00,3.864495971057392,-3.864495971057392
601,Lyon,Empanelment,Challenged For Cause (Defendant/Respondent),Hispanic/Latino/Spanish Origins,1,0,0.00,3.864495971057392,-3.864495971057392
601,Lyon,Empanelment,Peremptory Strike (Plaintiff/Petitioner),Hispanic/Latino/Spanish Origins,14,0,0.00,3.864495971057392,-3.864495971057392
601,Lyon,Empanelment,Peremptory Strike (Plaintiff/Petitioner),American Indian/Alaskan Native,14,0,0.00,0.15622430521295838,-0.15622430521295838
601,Lyon,Empanelment,Challenged For Cause (Defendant/Respondent),American Indian/Alaskan Native,1,0,0.00,0.15622430521295838,-0.15622430521295838
601,Lyon,Empanelment,Juror,American Indian/Alaskan Native,24,0,0.00,0.15622430521295838,-0.15622430521295838
601,Lyon,Empanelment,Challenged For Cause (Plaintiff/Petitioner),American Indian/Alaskan Native,4,0,0.00,0.15622430521295838,-0.15622430521295838
601,Lyon,Empanelment,Peremptory Strike (Defendant/Respondent),American Indian/Alaskan Native,14,0,0.00,0.15622430521295838,-0.15622430521295838
601,Lyon,Empanelment,Peremptory Strike (Plaintiff/Petitioner),Native Hawaiian/Pacific Islander,14,0,0.00,0.0328893274132544,-0.0328893274132544
601,Lyon,Empanelment,Challenged For Cause (Defendant/Respondent),Native Hawaiian/Pacific Islander,1,0,0.00,0.0328893274132544,-0.0328893274132544
601,Lyon,Criminal Panel,NULL,Asian,115,0,0.00,0.4851175793455024,-0.4851175793455024
601,Lyon,Empanelment,Not Used,American Indian/Alaskan Native,56,0,0.00,0.15622430521295838,-0.15622430521295838
601,Lyon,Empanelment,Peremptory Strike (Plaintiff/Petitioner),Asian,14,0,0.00,0.4851175793455024,-0.4851175793455024
601,Lyon,Empanelment,Juror,Asian,24,0,0.00,0.4851175793455024,-0.4851175793455024
601,Lyon,Empanelment,Juror,Native Hawaiian/Pacific Islander,24,0,0.00,0.0328893274132544,-0.0328893274132544
601,Lyon,Empanelment,Challenged For Cause (Plaintiff/Petitioner),Native Hawaiian/Pacific Islander,4,0,0.00,0.0328893274132544,-0.0328893274132544
601,Lyon,Empanelment,Peremptory Strike (Defendant/Respondent),Native Hawaiian/Pacific Islander,14,0,0.00,0.0328893274132544,-0.0328893274132544
601,Lyon,Empanelment,Alternate,American Indian/Alaskan Native,2,0,0.00,0.15622430521295838,-0.15622430521295838
601,Lyon,Empanelment,Alternate,Native Hawaiian/Pacific Islander,2,0,0.00,0.0328893274132544,-0.0328893274132544
601,Lyon,Empanelment,Peremptory Strike (Plaintiff/Petitioner),Black/African American,14,0,0.00,0.3535602696924848,-0.3535602696924848
601,Lyon,Empanelment,Challenged For Cause (Defendant/Respondent),Black/African American,1,0,0.00,0.3535602696924848,-0.3535602696924848
601,Lyon,Empanelment,Juror,Black/African American,24,0,0.00,0.3535602696924848,-0.3535602696924848
601,Lyon,Empanelment,Challenged For Cause (Plaintiff/Petitioner),Black/African American,4,0,0.00,0.3535602696924848,-0.3535602696924848
601,Lyon,Empanelment,Peremptory Strike (Defendant/Respondent),Black/African American,14,0,0.00,0.3535602696924848,-0.3535602696924848
601,Lyon,Empanelment,Alternate,Black/African American,2,0,0.00,0.3535602696924848,-0.3535602696924848
601,Lyon,Empanelment,Not Used,Black/African American,56,0,0.00,0.3535602696924848,-0.3535602696924848
601,Lyon,Empanelment,Not Used,Native Hawaiian/Pacific Islander,56,0,0.00,0.0328893274132544,-0.0328893274132544
601,Lyon,Empanelment,Challenged For Cause (Plaintiff/Petitioner),Asian,4,0,0.00,0.4851175793455024,-0.4851175793455024
601,Lyon,Empanelment,Peremptory Strike (Defendant/Respondent),Asian,14,0,0.00,0.4851175793455024,-0.4851175793455024
601,Lyon,Overall Pool,NULL,Asian,1394,2,0.14,0.4851175793455024,-0.3451175793455024
601,Lyon,Empanelment,Not Used,Hispanic/Latino/Spanish Origins,56,0,0.00,3.864495971057392,-3.864495971057392
601,Lyon,Empanelment,Alternate,Asian,2,0,0.00,0.4851175793455024,-0.4851175793455024
601,Lyon,Overall Pool,NULL,American Indian/Alaskan Native,1394,1,0.07,0.15622430521295838,-0.08622430521295837
601,Lyon,Empanelment,Alternate,Hispanic/Latino/Spanish Origins,2,0,0.00,3.864495971057392,-3.864495971057392
601,Lyon,Overall Pool,NULL,Native Hawaiian/Pacific Islander,1394,1,0.07,0.0328893274132544,0.03711067258674561
601,Lyon,Criminal Panel,NULL,White,115,112,97.39,93.37280052622924,4.017199473770759
601,Lyon,Empanelment,Not Used,White,56,55,98.21,93.37280052622924,4.837199473770752
601,Lyon,Empanelment,Alternate,White,2,1,50.00,93.37280052622924,-43.37280052622924
601,Lyon,Empanelment,Peremptory Strike (Defendant/Respondent),White,14,14,100.00,93.37280052622924,6.627199473770759
601,Lyon,Empanelment,Challenged For Cause (Plaintiff/Petitioner),White,4,4,100.00,93.37280052622924,6.627199473770759
601,Lyon,Empanelment,Juror,White,24,24,100.00,93.37280052622924,6.627199473770759
601,Lyon,Empanelment,Challenged For Cause (Defendant/Respondent),White,1,0,0.00,93.37280052622924,-93.37280052622924
601,Lyon,Empanelment,Peremptory Strike (Plaintiff/Petitioner),White,14,14,100.00,93.37280052622924,6.627199473770759
601,Lyon,Overall Pool,NULL,Black/African American,1394,2,0.14,0.3535602696924848,-0.21356026969248476
601,Lyon,Criminal Panel,NULL,Black/African American,115,0,0.00,0.3535602696924848,-0.3535602696924848
601,Lyon,Criminal Panel,NULL,Native Hawaiian/Pacific Islander,115,0,0.00,0.0328893274132544,-0.0328893274132544
601,Lyon,Criminal Panel,NULL,Hispanic/Latino/Spanish Origins,115,0,0.00,3.864495971057392,-3.864495971057392
601,Lyon,Criminal Panel,NULL,American Indian/Alaskan Native,115,0,0.00,0.15622430521295838,-0.15622430521295838
601,Lyon,Overall Pool,NULL,White,1394,1359,97.49,93.37280052622924,4.117199473770754
601,Lyon,Empanelment,Not Used,Asian,56,0,0.00,0.4851175793455024,-0.4851175793455024
611,Madison,Empanelment,No Result,Asian,1,0,0.00,0.44901335223915867,-0.44901335223915867
611,Madison,Empanelment,No Result,Black/African American,1,0,0.00,0.880302493205719,-0.880302493205719
611,Madison,Empanelment,No Result,Native Hawaiian/Pacific Islander,1,0,0.00,0.04726456339359565,-0.04726456339359565
611,Madison,Empanelment,Not Used,Hispanic/Latino/Spanish Origins,283,0,0.00,2.262790972468392,-2.262790972468392
611,Madison,Empanelment,Juror,Hispanic/Latino/Spanish Origins,81,0,0.00,2.262790972468392,-2.262790972468392
611,Madison,Overall Pool,NULL,Asian,1465,9,0.61,0.44901335223915867,0.16098664776084132
611,Madison,Criminal Panel,NULL,Hispanic/Latino/Spanish Origins,365,0,0.00,2.262790972468392,-2.262790972468392
611,Madison,Criminal Panel,NULL,American Indian/Alaskan Native,365,1,0.27,0.0945291267871913,0.17547087321280871
611,Madison,Empanelment,No Result,Hispanic/Latino/Spanish Origins,1,0,0.00,2.262790972468392,-2.262790972468392
611,Madison,Overall Pool,NULL,White,1465,1433,97.82,94.25144747725392,3.5685525227460744
611,Madison,Overall Pool,NULL,American Indian/Alaskan Native,1465,2,0.14,0.0945291267871913,0.04547087321280871
611,Madison,Overall Pool,NULL,Black/African American,1465,4,0.27,0.880302493205719,-0.6103024932057189
611,Madison,Empanelment,Not Used,Native Hawaiian/Pacific Islander,283,0,0.00,0.04726456339359565,-0.04726456339359565
611,Madison,Overall Pool,NULL,Native Hawaiian/Pacific Islander,1465,0,0.00,0.04726456339359565,-0.04726456339359565
611,Madison,Overall Pool,NULL,Hispanic/Latino/Spanish Origins,1465,0,0.00,2.262790972468392,-2.262790972468392
611,Madison,Criminal Panel,NULL,White,365,357,97.81,94.25144747725392,3.5585525227460835
611,Madison,Empanelment,No Result,White,1,1,100.00,94.25144747725392,5.748552522746081
611,Madison,Empanelment,Not Used,White,283,278,98.23,94.25144747725392,3.978552522746085
611,Madison,Empanelment,Juror,White,81,78,96.30,94.25144747725392,2.0485525227460784
611,Madison,Empanelment,Juror,Native Hawaiian/Pacific Islander,81,0,0.00,0.04726456339359565,-0.04726456339359565
611,Madison,Empanelment,Juror,Asian,81,1,1.23,0.44901335223915867,0.7809866477608414
611,Madison,Empanelment,Not Used,Asian,283,0,0.00,0.44901335223915867,-0.44901335223915867
611,Madison,Criminal Panel,NULL,Asian,365,1,0.27,0.44901335223915867,-0.17901335223915865
611,Madison,Empanelment,Juror,Black/African American,81,0,0.00,0.880302493205719,-0.880302493205719
611,Madison,Empanelment,No Result,American Indian/Alaskan Native,1,0,0.00,0.0945291267871913,-0.0945291267871913
611,Madison,Empanelment,Not Used,American Indian/Alaskan Native,283,0,0.00,0.0945291267871913,-0.0945291267871913
611,Madison,Empanelment,Juror,American Indian/Alaskan Native,81,0,0.00,0.0945291267871913,-0.0945291267871913
611,Madison,Empanelment,Not Used,Black/African American,283,1,0.35,0.880302493205719,-0.530302493205719
611,Madison,Criminal Panel,NULL,Black/African American,365,1,0.27,0.880302493205719,-0.6103024932057189
611,Madison,Criminal Panel,NULL,Native Hawaiian/Pacific Islander,365,0,0.00,0.04726456339359565,-0.04726456339359565
621,Mahaska,Empanelment,Not Used,Hispanic/Latino/Spanish Origins,121,0,0.00,2.4976159120839196,-2.4976159120839196
621,Mahaska,Empanelment,Challenged For Cause (Defendant/Respondent),Native Hawaiian/Pacific Islander,2,0,0.00,0.2951727896099178,-0.2951727896099178
621,Mahaska,Criminal Panel,NULL,Asian,279,3,1.08,1.0399164433949413,0.0400835566050588
621,Mahaska,Overall Pool,NULL,Black/African American,1650,13,0.79,1.3305481131647063,-0.5405481131647063
621,Mahaska,Overall Pool,NULL,Hispanic/Latino/Spanish Origins,1650,0,0.00,2.4976159120839196,-2.4976159120839196
621,Mahaska,Empanelment,Court,Black/African American,10,0,0.00,1.3305481131647063,-1.3305481131647063
621,Mahaska,Empanelment,Alternate,Black/African American,6,0,0.00,1.3305481131647063,-1.3305481131647063
621,Mahaska,Empanelment,Peremptory Strike (Plaintiff/Petitioner),Black/African American,32,0,0.00,1.3305481131647063,-1.3305481131647063
621,Mahaska,Empanelment,Juror,Black/African American,62,1,1.61,1.3305481131647063,0.27945188683529376
621,Mahaska,Empanelment,Peremptory Strike (Defendant/Respondent),Black/African American,32,0,0.00,1.3305481131647063,-1.3305481131647063
621,Mahaska,Empanelment,Challenged For Cause (Plaintiff/Petitioner),Black/African American,14,0,0.00,1.3305481131647063,-1.3305481131647063
621,Mahaska,Empanelment,Not Used,Black/African American,121,1,0.83,1.3305481131647063,-0.5005481131647064
621,Mahaska,Empanelment,Challenged For Cause (Defendant/Respondent),Black/African American,2,0,0.00,1.3305481131647063,-1.3305481131647063
621,Mahaska,Empanelment,Challenged For Cause (Defendant/Respondent),Hispanic/Latino/Spanish Origins,2,0,0.00,2.4976159120839196,-2.4976159120839196
621,Mahaska,Empanelment,Challenged For Cause (Plaintiff/Petitioner),Hispanic/Latino/Spanish Origins,14,0,0.00,2.4976159120839196,-2.4976159120839196
621,Mahaska,Empanelment,Peremptory Strike (Defendant/Respondent),Hispanic/Latino/Spanish Origins,32,0,0.00,2.4976159120839196,-2.4976159120839196
621,Mahaska,Empanelment,Juror,Hispanic/Latino/Spanish Origins,62,0,0.00,2.4976159120839196,-2.4976159120839196
621,Mahaska,Empanelment,Peremptory Strike (Plaintiff/Petitioner),Hispanic/Latino/Spanish Origins,32,0,0.00,2.4976159120839196,-2.4976159120839196
621,Mahaska,Empanelment,Alternate,Hispanic/Latino/Spanish Origins,6,0,0.00,2.4976159120839196,-2.4976159120839196
621,Mahaska,Empanelment,Court,Hispanic/Latino/Spanish Origins,10,0,0.00,2.4976159120839196,-2.4976159120839196
621,Mahaska,Empanelment,Court,American Indian/Alaskan Native,10,0,0.00,0.08174015712274647,-0.08174015712274647
621,Mahaska,Empanelment,Alternate,American Indian/Alaskan Native,6,0,0.00,0.08174015712274647,-0.08174015712274647
621,Mahaska,Empanelment,Peremptory Strike (Plaintiff/Petitioner),American Indian/Alaskan Native,32,0,0.00,0.08174015712274647,-0.08174015712274647
621,Mahaska,Empanelment,Juror,American Indian/Alaskan Native,62,0,0.00,0.08174015712274647,-0.08174015712274647
621,Mahaska,Empanelment,Peremptory Strike (Defendant/Respondent),American Indian/Alaskan Native,32,0,0.00,0.08174015712274647,-0.08174015712274647
621,Mahaska,Empanelment,Challenged For Cause (Plaintiff/Petitioner),American Indian/Alaskan Native,14,0,0.00,0.08174015712274647,-0.08174015712274647
621,Mahaska,Empanelment,Not Used,American Indian/Alaskan Native,121,0,0.00,0.08174015712274647,-0.08174015712274647
621,Mahaska,Empanelment,Challenged For Cause (Defendant/Respondent),American Indian/Alaskan Native,2,0,0.00,0.08174015712274647,-0.08174015712274647
621,Mahaska,Overall Pool,NULL,Asian,1650,7,0.42,1.0399164433949413,-0.6199164433949413
621,Mahaska,Overall Pool,NULL,American Indian/Alaskan Native,1650,2,0.12,0.08174015712274647,0.03825984287725352
621,Mahaska,Overall Pool,NULL,Native Hawaiian/Pacific Islander,1650,0,0.00,0.2951727896099178,-0.2951727896099178
621,Mahaska,Criminal Panel,NULL,White,279,268,96.06,91.55351709731619,4.506482902683814
621,Mahaska,Empanelment,Court,Native Hawaiian/Pacific Islander,10,0,0.00,0.2951727896099178,-0.2951727896099178
621,Mahaska,Empanelment,Alternate,Native Hawaiian/Pacific Islander,6,0,0.00,0.2951727896099178,-0.2951727896099178
621,Mahaska,Empanelment,Peremptory Strike (Plaintiff/Petitioner),Native Hawaiian/Pacific Islander,32,0,0.00,0.2951727896099178,-0.2951727896099178
621,Mahaska,Empanelment,Court,White,10,10,100.00,91.55351709731619,8.446482902683812
621,Mahaska,Empanelment,Alternate,White,6,6,100.00,91.55351709731619,8.446482902683812
621,Mahaska,Empanelment,Peremptory Strike (Plaintiff/Petitioner),White,32,30,93.75,91.55351709731619,2.1964829026838117
621,Mahaska,Empanelment,Juror,White,62,60,96.77,91.55351709731619,5.216482902683808
621,Mahaska,Empanelment,Peremptory Strike (Defendant/Respondent),White,32,32,100.00,91.55351709731619,8.446482902683812
621,Mahaska,Empanelment,Challenged For Cause (Plaintiff/Petitioner),White,14,14,100.00,91.55351709731619,8.446482902683812
621,Mahaska,Empanelment,Not Used,White,121,114,94.21,91.55351709731619,2.6564829026838055
621,Mahaska,Empanelment,Challenged For Cause (Defendant/Respondent),White,2,2,100.00,91.55351709731619,8.446482902683812
621,Mahaska,Empanelment,Juror,Native Hawaiian/Pacific Islander,62,0,0.00,0.2951727896099178,-0.2951727896099178
621,Mahaska,Empanelment,Peremptory Strike (Defendant/Respondent),Native Hawaiian/Pacific Islander,32,0,0.00,0.2951727896099178,-0.2951727896099178
621,Mahaska,Criminal Panel,NULL,Black/African American,279,2,0.72,1.3305481131647063,-0.6105481131647064
621,Mahaska,Empanelment,Challenged For Cause (Plaintiff/Petitioner),Native Hawaiian/Pacific Islander,14,0,0.00,0.2951727896099178,-0.2951727896099178
621,Mahaska,Criminal Panel,NULL,Native Hawaiian/Pacific Islander,279,0,0.00,0.2951727896099178,-0.2951727896099178
621,Mahaska,Criminal Panel,NULL,Hispanic/Latino/Spanish Origins,279,0,0.00,2.4976159120839196,-2.4976159120839196
621,Mahaska,Empanelment,Not Used,Native Hawaiian/Pacific Islander,121,0,0.00,0.2951727896099178,-0.2951727896099178
621,Mahaska,Criminal Panel,NULL,American Indian/Alaskan Native,279,0,0.00,0.08174015712274647,-0.08174015712274647
621,Mahaska,Overall Pool,NULL,White,1650,1599,96.91,91.55351709731619,5.356482902683808
621,Mahaska,Empanelment,Challenged For Cause (Defendant/Respondent),Asian,2,0,0.00,1.0399164433949413,-1.0399164433949413
621,Mahaska,Empanelment,Not Used,Asian,121,1,0.83,1.0399164433949413,-0.2099164433949413
621,Mahaska,Empanelment,Challenged For Cause (Plaintiff/Petitioner),Asian,14,0,0.00,1.0399164433949413,-1.0399164433949413
621,Mahaska,Empanelment,Peremptory Strike (Defendant/Respondent),Asian,32,0,0.00,1.0399164433949413,-1.0399164433949413
621,Mahaska,Empanelment,Juror,Asian,62,0,0.00,1.0399164433949413,-1.0399164433949413
621,Mahaska,Empanelment,Peremptory Strike (Plaintiff/Petitioner),Asian,32,2,6.25,1.0399164433949413,5.210083556605059
621,Mahaska,Empanelment,Alternate,Asian,6,0,0.00,1.0399164433949413,-1.0399164433949413
621,Mahaska,Empanelment,Court,Asian,10,0,0.00,1.0399164433949413,-1.0399164433949413
631,Marion,Empanelment,Juror,White,25,25,100.00,93.31490398906129,6.685096010938707
631,Marion,Overall Pool,NULL,Hispanic/Latino/Spanish Origins,1690,0,0.00,2.297723084239938,-2.297723084239938
631,Marion,Empanelment,Peremptory Strike (Plaintiff/Petitioner),White,4,4,100.00,93.31490398906129,6.685096010938707
631,Marion,Empanelment,Not Used,White,38,36,94.74,93.31490398906129,1.4250960109387023
631,Marion,Empanelment,Peremptory Strike (Defendant/Respondent),White,4,4,100.00,93.31490398906129,6.685096010938707
631,Marion,Empanelment,Peremptory Strike (Defendant/Respondent),Black/African American,4,0,0.00,0.4191189584448011,-0.4191189584448011
631,Marion,Overall Pool,NULL,Black/African American,1690,11,0.65,0.4191189584448011,0.2308810415551989
631,Marion,Criminal Panel,NULL,Native Hawaiian/Pacific Islander,71,0,0.00,0,0
631,Marion,Empanelment,Not Used,Black/African American,38,1,2.63,0.4191189584448011,2.210881041555199
631,Marion,Empanelment,Peremptory Strike (Defendant/Respondent),American Indian/Alaskan Native,4,0,0.00,0.035669698591046906,-0.035669698591046906
631,Marion,Overall Pool,NULL,Native Hawaiian/Pacific Islander,1690,3,0.18,0,0.18
631,Marion,Empanelment,Juror,Black/African American,25,0,0.00,0.4191189584448011,-0.4191189584448011
631,Marion,Empanelment,Juror,Hispanic/Latino/Spanish Origins,25,0,0.00,2.297723084239938,-2.297723084239938
631,Marion,Empanelment,Not Used,American Indian/Alaskan Native,38,0,0.00,0.035669698591046906,-0.035669698591046906
631,Marion,Empanelment,Peremptory Strike (Plaintiff/Petitioner),American Indian/Alaskan Native,4,0,0.00,0.035669698591046906,-0.035669698591046906
631,Marion,Empanelment,Juror,American Indian/Alaskan Native,25,0,0.00,0.035669698591046906,-0.035669698591046906
631,Marion,Empanelment,Peremptory Strike (Plaintiff/Petitioner),Hispanic/Latino/Spanish Origins,4,0,0.00,2.297723084239938,-2.297723084239938
631,Marion,Empanelment,Not Used,Hispanic/Latino/Spanish Origins,38,0,0.00,2.297723084239938,-2.297723084239938
631,Marion,Empanelment,Peremptory Strike (Defendant/Respondent),Hispanic/Latino/Spanish Origins,4,0,0.00,2.297723084239938,-2.297723084239938
631,Marion,Empanelment,Peremptory Strike (Defendant/Respondent),Native Hawaiian/Pacific Islander,4,0,0.00,0,0
631,Marion,Criminal Panel,NULL,White,71,69,97.18,93.31490398906129,3.8650960109387142
631,Marion,Overall Pool,NULL,Asian,1690,20,1.18,1.4059806194637656,-0.2259806194637657
631,Marion,Criminal Panel,NULL,Asian,71,0,0.00,1.4059806194637656,-1.4059806194637656
631,Marion,Empanelment,Juror,Asian,25,0,0.00,1.4059806194637656,-1.4059806194637656
631,Marion,Empanelment,Peremptory Strike (Plaintiff/Petitioner),Asian,4,0,0.00,1.4059806194637656,-1.4059806194637656
631,Marion,Empanelment,Not Used,Asian,38,0,0.00,1.4059806194637656,-1.4059806194637656
631,Marion,Overall Pool,NULL,American Indian/Alaskan Native,1690,10,0.59,0.035669698591046906,0.5543303014089531
631,Marion,Empanelment,Not Used,Native Hawaiian/Pacific Islander,38,0,0.00,0,0
631,Marion,Empanelment,Peremptory Strike (Defendant/Respondent),Asian,4,0,0.00,1.4059806194637656,-1.4059806194637656
631,Marion,Empanelment,Peremptory Strike (Plaintiff/Petitioner),Black/African American,4,0,0.00,0.4191189584448011,-0.4191189584448011
631,Marion,Criminal Panel,NULL,Black/African American,71,1,1.41,0.4191189584448011,0.9908810415551987
631,Marion,Empanelment,Peremptory Strike (Plaintiff/Petitioner),Native Hawaiian/Pacific Islander,4,0,0.00,0,0
631,Marion,Overall Pool,NULL,White,1690,1614,95.50,93.31490398906129,2.1850960109387074
631,Marion,Empanelment,Juror,Native Hawaiian/Pacific Islander,25,0,0.00,0,0
631,Marion,Criminal Panel,NULL,American Indian/Alaskan Native,71,0,0.00,0.035669698591046906,-0.035669698591046906
631,Marion,Criminal Panel,NULL,Hispanic/Latino/Spanish Origins,71,0,0.00,2.297723084239938,-2.297723084239938
641,Marshall,Empanelment,Juror,Asian,220,4,1.82,4.118262950590816,-2.298262950590816
641,Marshall,Empanelment,Juror,Black/African American,220,1,0.45,2.054145684798325,-1.6041456847983249
641,Marshall,Empanelment,Not Used,Black/African American,666,4,0.60,2.054145684798325,-1.4541456847983247
641,Marshall,Empanelment,No Result,Black/African American,244,2,0.82,2.054145684798325,-1.234145684798325
641,Marshall,Overall Pool,NULL,Hispanic/Latino/Spanish Origins,5162,227,4.40,24.617340579348856,-20.217340579348857
641,Marshall,Criminal Panel,NULL,Hispanic/Latino/Spanish Origins,1315,0,0.00,24.617340579348856,-24.617340579348856
641,Marshall,Empanelment,Alternate,Black/African American,20,0,0.00,2.054145684798325,-2.054145684798325
641,Marshall,Empanelment,Peremptory Strike (Defendant/Respondent),Black/African American,84,1,1.19,2.054145684798325,-0.8641456847983249
641,Marshall,Empanelment,Peremptory Strike (Plaintiff/Petitioner),Black/African American,83,0,0.00,2.054145684798325,-2.054145684798325
641,Marshall,Overall Pool,NULL,American Indian/Alaskan Native,5162,31,0.60,1.261404995762078,-0.6614049957620781
641,Marshall,Empanelment,Peremptory Strike (Plaintiff/Petitioner),American Indian/Alaskan Native,83,0,0.00,1.261404995762078,-1.261404995762078
641,Marshall,Overall Pool,NULL,White,5162,4277,82.86,65.96450117166077,16.89549882833923
641,Marshall,Criminal Panel,NULL,American Indian/Alaskan Native,1315,8,0.61,1.261404995762078,-0.6514049957620781
641,Marshall,Empanelment,Peremptory Strike (Defendant/Respondent),American Indian/Alaskan Native,84,0,0.00,1.261404995762078,-1.261404995762078
641,Marshall,Empanelment,Alternate,American Indian/Alaskan Native,20,0,0.00,1.261404995762078,-1.261404995762078
641,Marshall,Empanelment,No Result,American Indian/Alaskan Native,244,0,0.00,1.261404995762078,-1.261404995762078
641,Marshall,Empanelment,Not Used,American Indian/Alaskan Native,666,0,0.00,1.261404995762078,-1.261404995762078
641,Marshall,Empanelment,Juror,American Indian/Alaskan Native,220,0,0.00,1.261404995762078,-1.261404995762078
641,Marshall,Overall Pool,NULL,Native Hawaiian/Pacific Islander,5162,13,0.25,0,0.25
641,Marshall,Empanelment,Peremptory Strike (Defendant/Respondent),White,84,77,91.67,65.96450117166077,25.70549882833923
641,Marshall,Empanelment,Alternate,White,20,18,90.00,65.96450117166077,24.03549882833923
641,Marshall,Empanelment,No Result,White,244,217,88.93,65.96450117166077,22.965498828339236
641,Marshall,Empanelment,Not Used,White,666,608,91.29,65.96450117166077,25.325498828339235
641,Marshall,Empanelment,Juror,White,220,201,91.36,65.96450117166077,25.39549882833923
641,Marshall,Empanelment,Peremptory Strike (Plaintiff/Petitioner),Hispanic/Latino/Spanish Origins,83,0,0.00,24.617340579348856,-24.617340579348856
641,Marshall,Criminal Panel,NULL,Black/African American,1315,8,0.61,2.054145684798325,-1.444145684798325
641,Marshall,Empanelment,Peremptory Strike (Defendant/Respondent),Hispanic/Latino/Spanish Origins,84,0,0.00,24.617340579348856,-24.617340579348856
641,Marshall,Empanelment,Alternate,Hispanic/Latino/Spanish Origins,20,0,0.00,24.617340579348856,-24.617340579348856
641,Marshall,Empanelment,No Result,Hispanic/Latino/Spanish Origins,244,0,0.00,24.617340579348856,-24.617340579348856
641,Marshall,Empanelment,Not Used,Hispanic/Latino/Spanish Origins,666,0,0.00,24.617340579348856,-24.617340579348856
641,Marshall,Empanelment,Peremptory Strike (Plaintiff/Petitioner),Native Hawaiian/Pacific Islander,83,0,0.00,0,0
641,Marshall,Empanelment,Peremptory Strike (Defendant/Respondent),Native Hawaiian/Pacific Islander,84,0,0.00,0,0
641,Marshall,Empanelment,Alternate,Native Hawaiian/Pacific Islander,20,0,0.00,0,0
641,Marshall,Empanelment,Juror,Hispanic/Latino/Spanish Origins,220,0,0.00,24.617340579348856,-24.617340579348856
641,Marshall,Empanelment,Peremptory Strike (Plaintiff/Petitioner),Asian,83,0,0.00,4.118262950590816,-4.118262950590816
641,Marshall,Empanelment,Peremptory Strike (Defendant/Respondent),Asian,84,1,1.19,4.118262950590816,-2.9282629505908164
641,Marshall,Empanelment,Alternate,Asian,20,1,5.00,4.118262950590816,0.8817370494091836
641,Marshall,Empanelment,No Result,Asian,244,4,1.64,4.118262950590816,-2.4782629505908167
641,Marshall,Empanelment,Not Used,Asian,666,8,1.20,4.118262950590816,-2.918262950590816
641,Marshall,Empanelment,No Result,Native Hawaiian/Pacific Islander,244,2,0.82,0,0.82
641,Marshall,Criminal Panel,NULL,Native Hawaiian/Pacific Islander,1315,3,0.23,0,0.23
641,Marshall,Overall Pool,NULL,Asian,5162,139,2.69,4.118262950590816,-1.4282629505908164
641,Marshall,Criminal Panel,NULL,Asian,1315,18,1.37,4.118262950590816,-2.7482629505908163
641,Marshall,Overall Pool,NULL,Black/African American,5162,81,1.57,2.054145684798325,-0.48414568479832476
641,Marshall,Empanelment,Juror,Native Hawaiian/Pacific Islander,220,0,0.00,0,0
641,Marshall,Empanelment,Not Used,Native Hawaiian/Pacific Islander,666,1,0.15,0,0.15
641,Marshall,Criminal Panel,NULL,White,1315,1201,91.33,65.96450117166077,25.365498828339227
641,Marshall,Empanelment,Peremptory Strike (Plaintiff/Petitioner),White,83,80,96.39,65.96450117166077,30.42549882833923
651,Mills,Criminal Panel,NULL,Asian,174,2,1.15,0.5628775398132894,0.5871224601867105
651,Mills,Empanelment,Peremptory Strike (Plaintiff/Petitioner),White,19,18,94.74,92.68945634266886,2.050543657331133
651,Mills,Empanelment,Peremptory Strike (Plaintiff/Petitioner),Native Hawaiian/Pacific Islander,19,0,0.00,0,0
651,Mills,Empanelment,Juror,Native Hawaiian/Pacific Islander,48,0,0.00,0,0
651,Mills,Empanelment,Peremptory Strike (Defendant/Respondent),Native Hawaiian/Pacific Islander,17,0,0.00,0,0
651,Mills,Empanelment,Not Used,Native Hawaiian/Pacific Islander,61,0,0.00,0,0
651,Mills,Criminal Panel,NULL,Black/African American,174,0,0.00,0.4049972542559033,-0.4049972542559033
651,Mills,Overall Pool,NULL,Hispanic/Latino/Spanish Origins,2033,0,0.00,3.864634816035146,-3.864634816035146
651,Mills,Empanelment,Peremptory Strike (Defendant/Respondent),American Indian/Alaskan Native,17,0,0.00,0.10982976386600769,-0.10982976386600769
651,Mills,Empanelment,Challenged For Cause (Plaintiff/Petitioner),American Indian/Alaskan Native,1,0,0.00,0.10982976386600769,-0.10982976386600769
651,Mills,Empanelment,Challenged For Cause (Plaintiff/Petitioner),Asian,1,0,0.00,0.5628775398132894,-0.5628775398132894
651,Mills,Empanelment,No Result,Asian,26,1,3.85,0.5628775398132894,3.2871224601867106
651,Mills,Empanelment,Challenged For Cause (Defendant/Respondent),Asian,3,0,0.00,0.5628775398132894,-0.5628775398132894
651,Mills,Empanelment,Not Used,Asian,61,1,1.64,0.5628775398132894,1.0771224601867107
651,Mills,Empanelment,Challenged For Cause (Plaintiff/Petitioner),White,1,1,100.00,92.68945634266886,7.310543657331138
651,Mills,Empanelment,No Result,White,26,23,88.46,92.68945634266886,-4.229456342668868
651,Mills,Overall Pool,NULL,Black/African American,2033,8,0.39,0.4049972542559033,-0.014997254255903314
651,Mills,Empanelment,Challenged For Cause (Defendant/Respondent),White,3,3,100.00,92.68945634266886,7.310543657331138
651,Mills,Empanelment,Not Used,White,61,59,96.72,92.68945634266886,4.030543657331137
651,Mills,Empanelment,Not Used,American Indian/Alaskan Native,61,0,0.00,0.10982976386600769,-0.10982976386600769
651,Mills,Overall Pool,NULL,American Indian/Alaskan Native,2033,5,0.25,0.10982976386600769,0.14017023613399232
651,Mills,Empanelment,Challenged For Cause (Defendant/Respondent),American Indian/Alaskan Native,3,0,0.00,0.10982976386600769,-0.10982976386600769
651,Mills,Empanelment,Challenged For Cause (Plaintiff/Petitioner),Black/African American,1,0,0.00,0.4049972542559033,-0.4049972542559033
651,Mills,Empanelment,No Result,Black/African American,26,0,0.00,0.4049972542559033,-0.4049972542559033
651,Mills,Overall Pool,NULL,White,2033,1955,96.16,92.68945634266886,3.4705436573311346
651,Mills,Empanelment,Peremptory Strike (Plaintiff/Petitioner),American Indian/Alaskan Native,19,0,0.00,0.10982976386600769,-0.10982976386600769
651,Mills,Empanelment,Challenged For Cause (Defendant/Respondent),Black/African American,3,0,0.00,0.4049972542559033,-0.4049972542559033
651,Mills,Empanelment,Peremptory Strike (Defendant/Respondent),White,17,16,94.12,92.68945634266886,1.4305436573311425
651,Mills,Empanelment,Not Used,Black/African American,61,0,0.00,0.4049972542559033,-0.4049972542559033
651,Mills,Empanelment,Juror,American Indian/Alaskan Native,48,0,0.00,0.10982976386600769,-0.10982976386600769
651,Mills,Empanelment,Peremptory Strike (Defendant/Respondent),Asian,17,0,0.00,0.5628775398132894,-0.5628775398132894
651,Mills,Empanelment,Juror,Asian,48,0,0.00,0.5628775398132894,-0.5628775398132894
651,Mills,Empanelment,Peremptory Strike (Plaintiff/Petitioner),Asian,19,0,0.00,0.5628775398132894,-0.5628775398132894
651,Mills,Overall Pool,NULL,Native Hawaiian/Pacific Islander,2033,4,0.20,0,0.2
651,Mills,Empanelment,Peremptory Strike (Plaintiff/Petitioner),Hispanic/Latino/Spanish Origins,19,0,0.00,3.864634816035146,-3.864634816035146
651,Mills,Empanelment,Challenged For Cause (Plaintiff/Petitioner),Hispanic/Latino/Spanish Origins,1,0,0.00,3.864634816035146,-3.864634816035146
651,Mills,Empanelment,No Result,Hispanic/Latino/Spanish Origins,26,0,0.00,3.864634816035146,-3.864634816035146
651,Mills,Empanelment,Challenged For Cause (Defendant/Respondent),Hispanic/Latino/Spanish Origins,3,0,0.00,3.864634816035146,-3.864634816035146
651,Mills,Empanelment,Not Used,Hispanic/Latino/Spanish Origins,61,0,0.00,3.864634816035146,-3.864634816035146
651,Mills,Overall Pool,NULL,Asian,2033,14,0.69,0.5628775398132894,0.12712246018671058
651,Mills,Empanelment,Challenged For Cause (Defendant/Respondent),Native Hawaiian/Pacific Islander,3,0,0.00,0,0
651,Mills,Empanelment,No Result,Native Hawaiian/Pacific Islander,26,0,0.00,0,0
651,Mills,Empanelment,Challenged For Cause (Plaintiff/Petitioner),Native Hawaiian/Pacific Islander,1,0,0.00,0,0
651,Mills,Empanelment,Juror,Hispanic/Latino/Spanish Origins,48,0,0.00,3.864634816035146,-3.864634816035146
651,Mills,Empanelment,Peremptory Strike (Defendant/Respondent),Hispanic/Latino/Spanish Origins,17,0,0.00,3.864634816035146,-3.864634816035146
651,Mills,Empanelment,Peremptory Strike (Defendant/Respondent),Black/African American,17,0,0.00,0.4049972542559033,-0.4049972542559033
651,Mills,Empanelment,Juror,Black/African American,48,0,0.00,0.4049972542559033,-0.4049972542559033
651,Mills,Empanelment,Peremptory Strike (Plaintiff/Petitioner),Black/African American,19,0,0.00,0.4049972542559033,-0.4049972542559033
651,Mills,Criminal Panel,NULL,American Indian/Alaskan Native,174,0,0.00,0.10982976386600769,-0.10982976386600769
651,Mills,Criminal Panel,NULL,Hispanic/Latino/Spanish Origins,174,0,0.00,3.864634816035146,-3.864634816035146
651,Mills,Empanelment,Juror,White,48,47,97.92,92.68945634266886,5.23054365733114
651,Mills,Criminal Panel,NULL,Native Hawaiian/Pacific Islander,174,0,0.00,0,0
651,Mills,Empanelment,No Result,American Indian/Alaskan Native,26,0,0.00,0.10982976386600769,-0.10982976386600769
651,Mills,Criminal Panel,NULL,White,174,167,95.98,92.68945634266886,3.290543657331142
661,Mitchell,Empanelment,Challenged For Cause (Defendant/Respondent),Hispanic/Latino/Spanish Origins,6,0,0.00,2.430260047281324,-2.430260047281324
661,Mitchell,Empanelment,Peremptory Strike (Defendant/Respondent),White,20,20,100.00,95.13947990543736,4.860520094562645
661,Mitchell,Empanelment,Peremptory Strike (Plaintiff/Petitioner),White,20,20,100.00,95.13947990543736,4.860520094562645
661,Mitchell,Empanelment,Court,White,15,15,100.00,95.13947990543736,4.860520094562645
661,Mitchell,Empanelment,Not Used,White,30,30,100.00,95.13947990543736,4.860520094562645
661,Mitchell,Empanelment,Alternate,White,5,5,100.00,95.13947990543736,4.860520094562645
661,Mitchell,Empanelment,Juror,White,36,36,100.00,95.13947990543736,4.860520094562645
661,Mitchell,Empanelment,Challenged For Cause (Plaintiff/Petitioner),White,1,1,100.00,95.13947990543736,4.860520094562645
661,Mitchell,Empanelment,Challenged For Cause (Defendant/Respondent),White,6,5,83.33,95.13947990543736,-11.809479905437357
661,Mitchell,Empanelment,Peremptory Strike (Defendant/Respondent),American Indian/Alaskan Native,20,0,0.00,0.3215130023640662,-0.3215130023640662
661,Mitchell,Empanelment,Peremptory Strike (Plaintiff/Petitioner),American Indian/Alaskan Native,20,0,0.00,0.3215130023640662,-0.3215130023640662
661,Mitchell,Empanelment,Court,American Indian/Alaskan Native,15,0,0.00,0.3215130023640662,-0.3215130023640662
661,Mitchell,Empanelment,Not Used,American Indian/Alaskan Native,30,0,0.00,0.3215130023640662,-0.3215130023640662
661,Mitchell,Empanelment,Alternate,American Indian/Alaskan Native,5,0,0.00,0.3215130023640662,-0.3215130023640662
661,Mitchell,Empanelment,Juror,American Indian/Alaskan Native,36,0,0.00,0.3215130023640662,-0.3215130023640662
661,Mitchell,Empanelment,Challenged For Cause (Plaintiff/Petitioner),American Indian/Alaskan Native,1,0,0.00,0.3215130023640662,-0.3215130023640662
661,Mitchell,Empanelment,Challenged For Cause (Defendant/Respondent),American Indian/Alaskan Native,6,0,0.00,0.3215130023640662,-0.3215130023640662
661,Mitchell,Empanelment,Challenged For Cause (Defendant/Respondent),Asian,6,0,0.00,0.6052009456264775,-0.6052009456264775
661,Mitchell,Empanelment,Challenged For Cause (Plaintiff/Petitioner),Asian,1,0,0.00,0.6052009456264775,-0.6052009456264775
661,Mitchell,Empanelment,Juror,Asian,36,0,0.00,0.6052009456264775,-0.6052009456264775
661,Mitchell,Empanelment,Alternate,Asian,5,0,0.00,0.6052009456264775,-0.6052009456264775
661,Mitchell,Empanelment,Not Used,Asian,30,0,0.00,0.6052009456264775,-0.6052009456264775
661,Mitchell,Empanelment,Challenged For Cause (Defendant/Respondent),Native Hawaiian/Pacific Islander,6,0,0.00,0,0
661,Mitchell,Empanelment,Challenged For Cause (Plaintiff/Petitioner),Native Hawaiian/Pacific Islander,1,0,0.00,0,0
661,Mitchell,Empanelment,Juror,Native Hawaiian/Pacific Islander,36,0,0.00,0,0
661,Mitchell,Empanelment,Alternate,Native Hawaiian/Pacific Islander,5,0,0.00,0,0
661,Mitchell,Criminal Panel,NULL,Hispanic/Latino/Spanish Origins,133,0,0.00,2.430260047281324,-2.430260047281324
661,Mitchell,Empanelment,Court,Asian,15,0,0.00,0.6052009456264775,-0.6052009456264775
661,Mitchell,Overall Pool,NULL,Asian,860,1,0.12,0.6052009456264775,-0.48520094562647753
661,Mitchell,Criminal Panel,NULL,Asian,133,0,0.00,0.6052009456264775,-0.6052009456264775
661,Mitchell,Empanelment,Peremptory Strike (Defendant/Respondent),Hispanic/Latino/Spanish Origins,20,0,0.00,2.430260047281324,-2.430260047281324
661,Mitchell,Empanelment,Peremptory Strike (Plaintiff/Petitioner),Hispanic/Latino/Spanish Origins,20,0,0.00,2.430260047281324,-2.430260047281324
661,Mitchell,Empanelment,Court,Hispanic/Latino/Spanish Origins,15,0,0.00,2.430260047281324,-2.430260047281324
661,Mitchell,Empanelment,Not Used,Hispanic/Latino/Spanish Origins,30,0,0.00,2.430260047281324,-2.430260047281324
661,Mitchell,Empanelment,Peremptory Strike (Defendant/Respondent),Native Hawaiian/Pacific Islander,20,0,0.00,0,0
661,Mitchell,Overall Pool,NULL,Black/African American,860,2,0.23,0.34988179669030733,-0.11988179669030732
661,Mitchell,Empanelment,Alternate,Hispanic/Latino/Spanish Origins,5,0,0.00,2.430260047281324,-2.430260047281324
661,Mitchell,Overall Pool,NULL,White,860,844,98.14,95.13947990543736,3.0005200945626456
661,Mitchell,Empanelment,Juror,Hispanic/Latino/Spanish Origins,36,0,0.00,2.430260047281324,-2.430260047281324
661,Mitchell,Overall Pool,NULL,Hispanic/Latino/Spanish Origins,860,0,0.00,2.430260047281324,-2.430260047281324
661,Mitchell,Empanelment,Peremptory Strike (Plaintiff/Petitioner),Asian,20,0,0.00,0.6052009456264775,-0.6052009456264775
661,Mitchell,Overall Pool,NULL,American Indian/Alaskan Native,860,3,0.35,0.3215130023640662,0.028486997635933764
661,Mitchell,Empanelment,Challenged For Cause (Plaintiff/Petitioner),Hispanic/Latino/Spanish Origins,1,0,0.00,2.430260047281324,-2.430260047281324
661,Mitchell,Criminal Panel,NULL,American Indian/Alaskan Native,133,1,0.75,0.3215130023640662,0.4284869976359338
661,Mitchell,Empanelment,Challenged For Cause (Defendant/Respondent),Black/African American,6,0,0.00,0.34988179669030733,-0.34988179669030733
661,Mitchell,Empanelment,Challenged For Cause (Plaintiff/Petitioner),Black/African American,1,0,0.00,0.34988179669030733,-0.34988179669030733
661,Mitchell,Empanelment,Juror,Black/African American,36,0,0.00,0.34988179669030733,-0.34988179669030733
661,Mitchell,Empanelment,Alternate,Black/African American,5,0,0.00,0.34988179669030733,-0.34988179669030733
661,Mitchell,Empanelment,Peremptory Strike (Defendant/Respondent),Asian,20,0,0.00,0.6052009456264775,-0.6052009456264775
661,Mitchell,Overall Pool,NULL,Native Hawaiian/Pacific Islander,860,0,0.00,0,0
661,Mitchell,Criminal Panel,NULL,Black/African American,133,0,0.00,0.34988179669030733,-0.34988179669030733
661,Mitchell,Empanelment,Not Used,Black/African American,30,0,0.00,0.34988179669030733,-0.34988179669030733
661,Mitchell,Empanelment,Court,Black/African American,15,0,0.00,0.34988179669030733,-0.34988179669030733
661,Mitchell,Empanelment,Peremptory Strike (Plaintiff/Petitioner),Black/African American,20,0,0.00,0.34988179669030733,-0.34988179669030733
661,Mitchell,Empanelment,Peremptory Strike (Defendant/Respondent),Black/African American,20,0,0.00,0.34988179669030733,-0.34988179669030733
661,Mitchell,Criminal Panel,NULL,Native Hawaiian/Pacific Islander,133,0,0.00,0,0
661,Mitchell,Criminal Panel,NULL,White,133,132,99.25,95.13947990543736,4.110520094562645
661,Mitchell,Empanelment,Peremptory Strike (Plaintiff/Petitioner),Native Hawaiian/Pacific Islander,20,0,0.00,0,0
661,Mitchell,Empanelment,Court,Native Hawaiian/Pacific Islander,15,0,0.00,0,0
661,Mitchell,Empanelment,Not Used,Native Hawaiian/Pacific Islander,30,0,0.00,0,0
671,Monona,Empanelment,Peremptory Strike (Plaintiff/Petitioner),American Indian/Alaskan Native,7,0,0.00,0.4674535468037864,-0.4674535468037864
671,Monona,Empanelment,Challenged For Cause (Defendant/Respondent),White,4,4,100.00,92.83627439523198,7.163725604768018
671,Monona,Empanelment,Not Used,Black/African American,51,0,0.00,0.24541311207198785,-0.24541311207198785
671,Monona,Empanelment,Peremptory Strike (Plaintiff/Petitioner),Black/African American,7,0,0.00,0.24541311207198785,-0.24541311207198785
671,Monona,Empanelment,Juror,Black/African American,12,0,0.00,0.24541311207198785,-0.24541311207198785
671,Monona,Empanelment,Not Used,Asian,51,0,0.00,0,0
671,Monona,Overall Pool,NULL,White,1940,1856,95.67,92.83627439523198,2.83372560476802
671,Monona,Empanelment,Not Used,Native Hawaiian/Pacific Islander,51,0,0.00,0,0
671,Monona,Empanelment,Peremptory Strike (Plaintiff/Petitioner),Native Hawaiian/Pacific Islander,7,0,0.00,0,0
671,Monona,Empanelment,Juror,Native Hawaiian/Pacific Islander,12,0,0.00,0,0
671,Monona,Empanelment,Alternate,Native Hawaiian/Pacific Islander,1,0,0.00,0,0
671,Monona,Empanelment,Peremptory Strike (Defendant/Respondent),Native Hawaiian/Pacific Islander,7,0,0.00,0,0
671,Monona,Empanelment,Challenged For Cause (Plaintiff/Petitioner),Native Hawaiian/Pacific Islander,1,0,0.00,0,0
671,Monona,Empanelment,Challenged For Cause (Defendant/Respondent),Native Hawaiian/Pacific Islander,4,0,0.00,0,0
671,Monona,Empanelment,Not Used,Hispanic/Latino/Spanish Origins,51,0,0.00,2.7229169101320556,-2.7229169101320556
671,Monona,Empanelment,Peremptory Strike (Plaintiff/Petitioner),Asian,7,0,0.00,0,0
671,Monona,Empanelment,Juror,Asian,12,0,0.00,0,0
671,Monona,Empanelment,Alternate,Asian,1,0,0.00,0,0
671,Monona,Criminal Panel,NULL,Asian,83,0,0.00,0,0
671,Monona,Overall Pool,NULL,Asian,1940,11,0.57,0,0.57
671,Monona,Criminal Panel,NULL,Hispanic/Latino/Spanish Origins,83,0,0.00,2.7229169101320556,-2.7229169101320556
671,Monona,Empanelment,Peremptory Strike (Plaintiff/Petitioner),Hispanic/Latino/Spanish Origins,7,0,0.00,2.7229169101320556,-2.7229169101320556
671,Monona,Empanelment,Challenged For Cause (Plaintiff/Petitioner),White,1,1,100.00,92.83627439523198,7.163725604768018
671,Monona,Criminal Panel,NULL,Native Hawaiian/Pacific Islander,83,0,0.00,0,0
671,Monona,Empanelment,Juror,Hispanic/Latino/Spanish Origins,12,0,0.00,2.7229169101320556,-2.7229169101320556
671,Monona,Empanelment,Alternate,Hispanic/Latino/Spanish Origins,1,0,0.00,2.7229169101320556,-2.7229169101320556
671,Monona,Criminal Panel,NULL,White,83,80,96.39,92.83627439523198,3.553725604768019
671,Monona,Empanelment,Peremptory Strike (Defendant/Respondent),White,7,7,100.00,92.83627439523198,7.163725604768018
671,Monona,Empanelment,Alternate,White,1,1,100.00,92.83627439523198,7.163725604768018
671,Monona,Empanelment,Juror,White,12,12,100.00,92.83627439523198,7.163725604768018
671,Monona,Empanelment,Peremptory Strike (Plaintiff/Petitioner),White,7,7,100.00,92.83627439523198,7.163725604768018
671,Monona,Empanelment,Challenged For Cause (Defendant/Respondent),Black/African American,4,0,0.00,0.24541311207198785,-0.24541311207198785
671,Monona,Empanelment,Challenged For Cause (Plaintiff/Petitioner),Black/African American,1,0,0.00,0.24541311207198785,-0.24541311207198785
671,Monona,Empanelment,Peremptory Strike (Defendant/Respondent),Black/African American,7,0,0.00,0.24541311207198785,-0.24541311207198785
671,Monona,Empanelment,Alternate,Black/African American,1,0,0.00,0.24541311207198785,-0.24541311207198785
671,Monona,Empanelment,Challenged For Cause (Defendant/Respondent),Asian,4,0,0.00,0,0
671,Monona,Empanelment,Challenged For Cause (Plaintiff/Petitioner),Asian,1,0,0.00,0,0
671,Monona,Empanelment,Peremptory Strike (Defendant/Respondent),Asian,7,0,0.00,0,0
671,Monona,Empanelment,Peremptory Strike (Defendant/Respondent),Hispanic/Latino/Spanish Origins,7,0,0.00,2.7229169101320556,-2.7229169101320556
671,Monona,Empanelment,Challenged For Cause (Plaintiff/Petitioner),Hispanic/Latino/Spanish Origins,1,0,0.00,2.7229169101320556,-2.7229169101320556
671,Monona,Empanelment,Challenged For Cause (Defendant/Respondent),Hispanic/Latino/Spanish Origins,4,0,0.00,2.7229169101320556,-2.7229169101320556
671,Monona,Empanelment,Challenged For Cause (Defendant/Respondent),American Indian/Alaskan Native,4,0,0.00,0.4674535468037864,-0.4674535468037864
671,Monona,Empanelment,Challenged For Cause (Plaintiff/Petitioner),American Indian/Alaskan Native,1,0,0.00,0.4674535468037864,-0.4674535468037864
671,Monona,Empanelment,Peremptory Strike (Defendant/Respondent),American Indian/Alaskan Native,7,0,0.00,0.4674535468037864,-0.4674535468037864
671,Monona,Overall Pool,NULL,Native Hawaiian/Pacific Islander,1940,1,0.05,0,0.05
671,Monona,Empanelment,Not Used,White,51,48,94.12,92.83627439523198,1.2837256047680228
671,Monona,Criminal Panel,NULL,American Indian/Alaskan Native,83,2,2.41,0.4674535468037864,1.9425464531962138
671,Monona,Overall Pool,NULL,American Indian/Alaskan Native,1940,18,0.93,0.4674535468037864,0.4625464531962136
671,Monona,Overall Pool,NULL,Hispanic/Latino/Spanish Origins,1940,3,0.15,2.7229169101320556,-2.5729169101320557
671,Monona,Overall Pool,NULL,Black/African American,1940,21,1.08,0.24541311207198785,0.8345868879280123
671,Monona,Criminal Panel,NULL,Black/African American,83,0,0.00,0.24541311207198785,-0.24541311207198785
671,Monona,Empanelment,Not Used,American Indian/Alaskan Native,51,0,0.00,0.4674535468037864,-0.4674535468037864
671,Monona,Empanelment,Alternate,American Indian/Alaskan Native,1,0,0.00,0.4674535468037864,-0.4674535468037864
671,Monona,Empanelment,Juror,American Indian/Alaskan Native,12,0,0.00,0.4674535468037864,-0.4674535468037864
681,Monroe,Empanelment,Not Used,Native Hawaiian/Pacific Islander,21,0,0.00,0.03993078663649674,-0.03993078663649674
681,Monroe,Empanelment,Alternate,American Indian/Alaskan Native,1,0,0.00,0.14641288433382138,-0.14641288433382138
681,Monroe,Empanelment,Peremptory Strike (Plaintiff/Petitioner),American Indian/Alaskan Native,5,0,0.00,0.14641288433382138,-0.14641288433382138
681,Monroe,Empanelment,Not Used,American Indian/Alaskan Native,21,0,0.00,0.14641288433382138,-0.14641288433382138
681,Monroe,Empanelment,Peremptory Strike (Defendant/Respondent),American Indian/Alaskan Native,5,0,0.00,0.14641288433382138,-0.14641288433382138
681,Monroe,Empanelment,Challenged For Cause (Defendant/Respondent),American Indian/Alaskan Native,1,0,0.00,0.14641288433382138,-0.14641288433382138
681,Monroe,Empanelment,Juror,American Indian/Alaskan Native,12,0,0.00,0.14641288433382138,-0.14641288433382138
681,Monroe,Empanelment,Juror,Native Hawaiian/Pacific Islander,12,0,0.00,0.03993078663649674,-0.03993078663649674
681,Monroe,Empanelment,Challenged For Cause (Defendant/Respondent),Native Hawaiian/Pacific Islander,1,0,0.00,0.03993078663649674,-0.03993078663649674
681,Monroe,Empanelment,Peremptory Strike (Defendant/Respondent),Native Hawaiian/Pacific Islander,5,0,0.00,0.03993078663649674,-0.03993078663649674
681,Monroe,Empanelment,Peremptory Strike (Plaintiff/Petitioner),Native Hawaiian/Pacific Islander,5,0,0.00,0.03993078663649674,-0.03993078663649674
681,Monroe,Empanelment,Alternate,Native Hawaiian/Pacific Islander,1,0,0.00,0.03993078663649674,-0.03993078663649674
681,Monroe,Overall Pool,NULL,White,707,693,98.02,94.7823772128311,3.2376227871689025
681,Monroe,Overall Pool,NULL,Asian,707,3,0.42,0.4658591774257953,-0.04585917742579532
681,Monroe,Overall Pool,NULL,American Indian/Alaskan Native,707,4,0.57,0.14641288433382138,0.42358711566617857
681,Monroe,Overall Pool,NULL,Native Hawaiian/Pacific Islander,707,0,0.00,0.03993078663649674,-0.03993078663649674
681,Monroe,Empanelment,Juror,White,12,12,100.00,94.7823772128311,5.2176227871689065
681,Monroe,Empanelment,Challenged For Cause (Defendant/Respondent),White,1,1,100.00,94.7823772128311,5.2176227871689065
681,Monroe,Empanelment,Peremptory Strike (Defendant/Respondent),White,5,5,100.00,94.7823772128311,5.2176227871689065
681,Monroe,Empanelment,Not Used,White,21,20,95.24,94.7823772128311,0.45762278716890137
681,Monroe,Empanelment,Peremptory Strike (Plaintiff/Petitioner),White,5,5,100.00,94.7823772128311,5.2176227871689065
681,Monroe,Empanelment,Alternate,White,1,1,100.00,94.7823772128311,5.2176227871689065
681,Monroe,Empanelment,Alternate,Asian,1,0,0.00,0.4658591774257953,-0.4658591774257953
681,Monroe,Empanelment,Peremptory Strike (Plaintiff/Petitioner),Asian,5,0,0.00,0.4658591774257953,-0.4658591774257953
681,Monroe,Empanelment,Not Used,Asian,21,0,0.00,0.4658591774257953,-0.4658591774257953
681,Monroe,Empanelment,Peremptory Strike (Defendant/Respondent),Asian,5,0,0.00,0.4658591774257953,-0.4658591774257953
681,Monroe,Empanelment,Challenged For Cause (Defendant/Respondent),Asian,1,0,0.00,0.4658591774257953,-0.4658591774257953
681,Monroe,Empanelment,Alternate,Black/African American,1,0,0.00,1.1979235990949022,-1.1979235990949022
681,Monroe,Empanelment,Peremptory Strike (Plaintiff/Petitioner),Black/African American,5,0,0.00,1.1979235990949022,-1.1979235990949022
681,Monroe,Empanelment,Not Used,Black/African American,21,0,0.00,1.1979235990949022,-1.1979235990949022
681,Monroe,Empanelment,Peremptory Strike (Defendant/Respondent),Black/African American,5,0,0.00,1.1979235990949022,-1.1979235990949022
681,Monroe,Empanelment,Challenged For Cause (Defendant/Respondent),Black/African American,1,0,0.00,1.1979235990949022,-1.1979235990949022
681,Monroe,Empanelment,Juror,Black/African American,12,0,0.00,1.1979235990949022,-1.1979235990949022
681,Monroe,Empanelment,Juror,Asian,12,0,0.00,0.4658591774257953,-0.4658591774257953
681,Monroe,Criminal Panel,NULL,White,45,44,97.78,94.7823772128311,2.9976227871689076
681,Monroe,Criminal Panel,NULL,Native Hawaiian/Pacific Islander,45,0,0.00,0.03993078663649674,-0.03993078663649674
681,Monroe,Criminal Panel,NULL,Black/African American,45,0,0.00,1.1979235990949022,-1.1979235990949022
681,Monroe,Criminal Panel,NULL,American Indian/Alaskan Native,45,0,0.00,0.14641288433382138,-0.14641288433382138
681,Monroe,Overall Pool,NULL,Hispanic/Latino/Spanish Origins,707,0,0.00,2.0764009050978305,-2.0764009050978305
681,Monroe,Overall Pool,NULL,Black/African American,707,2,0.28,1.1979235990949022,-0.9179235990949022
681,Monroe,Criminal Panel,NULL,Asian,45,0,0.00,0.4658591774257953,-0.4658591774257953
681,Monroe,Criminal Panel,NULL,Hispanic/Latino/Spanish Origins,45,0,0.00,2.0764009050978305,-2.0764009050978305
681,Monroe,Empanelment,Alternate,Hispanic/Latino/Spanish Origins,1,0,0.00,2.0764009050978305,-2.0764009050978305
681,Monroe,Empanelment,Peremptory Strike (Plaintiff/Petitioner),Hispanic/Latino/Spanish Origins,5,0,0.00,2.0764009050978305,-2.0764009050978305
681,Monroe,Empanelment,Not Used,Hispanic/Latino/Spanish Origins,21,0,0.00,2.0764009050978305,-2.0764009050978305
681,Monroe,Empanelment,Peremptory Strike (Defendant/Respondent),Hispanic/Latino/Spanish Origins,5,0,0.00,2.0764009050978305,-2.0764009050978305
681,Monroe,Empanelment,Challenged For Cause (Defendant/Respondent),Hispanic/Latino/Spanish Origins,1,0,0.00,2.0764009050978305,-2.0764009050978305
681,Monroe,Empanelment,Juror,Hispanic/Latino/Spanish Origins,12,0,0.00,2.0764009050978305,-2.0764009050978305
691,Montgomery,Overall Pool,NULL,Asian,1452,4,0.28,1.0671627178382612,-0.7871627178382612
691,Montgomery,Overall Pool,NULL,Black/African American,1452,9,0.62,1.8014489915801841,-1.1814489915801842
691,Montgomery,Overall Pool,NULL,American Indian/Alaskan Native,1452,9,0.62,0.05874290189935383,0.5612570981006462
691,Montgomery,Overall Pool,NULL,Hispanic/Latino/Spanish Origins,1452,4,0.28,0.8028196592911689,-0.5228196592911689
691,Montgomery,Overall Pool,NULL,Native Hawaiian/Pacific Islander,1452,1,0.07,0.36224789504601523,-0.2922478950460152
691,Montgomery,Overall Pool,NULL,White,1452,1395,96.07,91.95222243978853,4.117777560211465
701,Muscatine,Empanelment,Challenged For Cause (Plaintiff/Petitioner),Hispanic/Latino/Spanish Origins,23,0,0.00,18.80918254658239,-18.80918254658239
701,Muscatine,Empanelment,Court,Black/African American,68,2,2.94,2.2509927394910596,0.6890072605089403
701,Muscatine,Empanelment,No Result,Black/African American,177,3,1.69,2.2509927394910596,-0.5609927394910597
701,Muscatine,Empanelment,Challenged For Cause (Plaintiff/Petitioner),Black/African American,23,0,0.00,2.2509927394910596,-2.2509927394910596
701,Muscatine,Empanelment,Juror,Black/African American,227,1,0.44,2.2509927394910596,-1.8109927394910597
701,Muscatine,Empanelment,Not Used,American Indian/Alaskan Native,544,0,0.00,0.3195563805540544,-0.3195563805540544
701,Muscatine,Empanelment,Court,American Indian/Alaskan Native,68,0,0.00,0.3195563805540544,-0.3195563805540544
701,Muscatine,Empanelment,No Result,American Indian/Alaskan Native,177,0,0.00,0.3195563805540544,-0.3195563805540544
701,Muscatine,Empanelment,Peremptory Strike (Plaintiff/Petitioner),Asian,124,0,0.00,0.6391127611081088,-0.6391127611081088
701,Muscatine,Empanelment,Juror,Hispanic/Latino/Spanish Origins,227,0,0.00,18.80918254658239,-18.80918254658239
701,Muscatine,Criminal Panel,NULL,White,1320,1201,90.98,74.97356610822624,16.006433891773767
701,Muscatine,Empanelment,Challenged For Cause (Plaintiff/Petitioner),American Indian/Alaskan Native,23,0,0.00,0.3195563805540544,-0.3195563805540544
701,Muscatine,Empanelment,Juror,American Indian/Alaskan Native,227,0,0.00,0.3195563805540544,-0.3195563805540544
701,Muscatine,Empanelment,Peremptory Strike (Defendant/Respondent),Asian,118,1,0.85,0.6391127611081088,0.2108872388918912
701,Muscatine,Empanelment,Alternate,Asian,20,0,0.00,0.6391127611081088,-0.6391127611081088
701,Muscatine,Criminal Panel,NULL,Native Hawaiian/Pacific Islander,1320,0,0.00,0,0
701,Muscatine,Empanelment,Not Used,Black/African American,544,6,1.10,2.2509927394910596,-1.1509927394910595
701,Muscatine,Empanelment,Challenged For Cause (Defendant/Respondent),Asian,25,0,0.00,0.6391127611081088,-0.6391127611081088
701,Muscatine,Empanelment,Peremptory Strike (Plaintiff/Petitioner),Hispanic/Latino/Spanish Origins,124,0,0.00,18.80918254658239,-18.80918254658239
701,Muscatine,Criminal Panel,NULL,Black/African American,1320,14,1.06,2.2509927394910596,-1.1909927394910595
701,Muscatine,Empanelment,Not Used,Asian,544,8,1.47,0.6391127611081088,0.8308872388918912
701,Muscatine,Overall Pool,NULL,Native Hawaiian/Pacific Islander,11980,13,0.11,0,0.11
701,Muscatine,Empanelment,Court,Asian,68,0,0.00,0.6391127611081088,-0.6391127611081088
701,Muscatine,Criminal Panel,NULL,American Indian/Alaskan Native,1320,2,0.15,0.3195563805540544,-0.1695563805540544
701,Muscatine,Empanelment,Peremptory Strike (Defendant/Respondent),Hispanic/Latino/Spanish Origins,118,0,0.00,18.80918254658239,-18.80918254658239
701,Muscatine,Empanelment,No Result,Asian,177,2,1.13,0.6391127611081088,0.4908872388918911
701,Muscatine,Overall Pool,NULL,Hispanic/Latino/Spanish Origins,11980,210,1.75,18.80918254658239,-17.05918254658239
701,Muscatine,Overall Pool,NULL,American Indian/Alaskan Native,11980,42,0.35,0.3195563805540544,0.03044361944594559
701,Muscatine,Empanelment,Challenged For Cause (Plaintiff/Petitioner),Asian,23,0,0.00,0.6391127611081088,-0.6391127611081088
701,Muscatine,Empanelment,Alternate,Hispanic/Latino/Spanish Origins,20,0,0.00,18.80918254658239,-18.80918254658239
701,Muscatine,Overall Pool,NULL,Asian,11980,112,0.93,0.6391127611081088,0.2908872388918913
701,Muscatine,Overall Pool,NULL,Black/African American,11980,219,1.83,2.2509927394910596,-0.42099273949105953
701,Muscatine,Empanelment,Challenged For Cause (Defendant/Respondent),Hispanic/Latino/Spanish Origins,25,0,0.00,18.80918254658239,-18.80918254658239
701,Muscatine,Empanelment,No Result,Hispanic/Latino/Spanish Origins,177,0,0.00,18.80918254658239,-18.80918254658239
701,Muscatine,Empanelment,Peremptory Strike (Plaintiff/Petitioner),Native Hawaiian/Pacific Islander,124,0,0.00,0,0
701,Muscatine,Empanelment,Peremptory Strike (Defendant/Respondent),Native Hawaiian/Pacific Islander,118,0,0.00,0,0
701,Muscatine,Criminal Panel,NULL,Asian,1320,13,0.98,0.6391127611081088,0.3408872388918912
701,Muscatine,Empanelment,Not Used,Hispanic/Latino/Spanish Origins,544,0,0.00,18.80918254658239,-18.80918254658239
701,Muscatine,Empanelment,Alternate,Native Hawaiian/Pacific Islander,20,0,0.00,0,0
701,Muscatine,Empanelment,Challenged For Cause (Defendant/Respondent),Native Hawaiian/Pacific Islander,25,0,0.00,0,0
701,Muscatine,Empanelment,Not Used,Native Hawaiian/Pacific Islander,544,0,0.00,0,0
701,Muscatine,Empanelment,Court,Native Hawaiian/Pacific Islander,68,0,0.00,0,0
701,Muscatine,Empanelment,No Result,Native Hawaiian/Pacific Islander,177,0,0.00,0,0
701,Muscatine,Criminal Panel,NULL,Hispanic/Latino/Spanish Origins,1320,0,0.00,18.80918254658239,-18.80918254658239
701,Muscatine,Empanelment,Court,Hispanic/Latino/Spanish Origins,68,0,0.00,18.80918254658239,-18.80918254658239
701,Muscatine,Empanelment,Challenged For Cause (Plaintiff/Petitioner),Native Hawaiian/Pacific Islander,23,0,0.00,0,0
701,Muscatine,Empanelment,Juror,Native Hawaiian/Pacific Islander,227,0,0.00,0,0
701,Muscatine,Empanelment,Juror,Asian,227,2,0.88,0.6391127611081088,0.24088723889189123
701,Muscatine,Empanelment,Challenged For Cause (Defendant/Respondent),American Indian/Alaskan Native,25,0,0.00,0.3195563805540544,-0.3195563805540544
701,Muscatine,Empanelment,Alternate,American Indian/Alaskan Native,20,0,0.00,0.3195563805540544,-0.3195563805540544
701,Muscatine,Empanelment,Peremptory Strike (Defendant/Respondent),American Indian/Alaskan Native,118,0,0.00,0.3195563805540544,-0.3195563805540544
701,Muscatine,Empanelment,Peremptory Strike (Plaintiff/Petitioner),American Indian/Alaskan Native,124,0,0.00,0.3195563805540544,-0.3195563805540544
701,Muscatine,Overall Pool,NULL,White,11980,10383,86.67,74.97356610822624,11.696433891773765
701,Muscatine,Empanelment,Peremptory Strike (Plaintiff/Petitioner),White,124,113,91.13,74.97356610822624,16.15643389177376
701,Muscatine,Empanelment,Peremptory Strike (Defendant/Respondent),White,118,112,94.92,74.97356610822624,19.946433891773765
701,Muscatine,Empanelment,Alternate,White,20,18,90.00,74.97356610822624,15.026433891773763
701,Muscatine,Empanelment,Challenged For Cause (Defendant/Respondent),White,25,23,92.00,74.97356610822624,17.026433891773763
701,Muscatine,Empanelment,Not Used,White,544,486,89.34,74.97356610822624,14.366433891773767
701,Muscatine,Empanelment,Court,White,68,58,85.29,74.97356610822624,10.31643389177377
701,Muscatine,Empanelment,No Result,White,177,160,90.40,74.97356610822624,15.426433891773769
701,Muscatine,Empanelment,Challenged For Cause (Plaintiff/Petitioner),White,23,22,95.65,74.97356610822624,20.67643389177377
701,Muscatine,Empanelment,Juror,White,227,209,92.07,74.97356610822624,17.096433891773756
701,Muscatine,Empanelment,Peremptory Strike (Plaintiff/Petitioner),Black/African American,124,1,0.81,2.2509927394910596,-1.4409927394910595
701,Muscatine,Empanelment,Peremptory Strike (Defendant/Respondent),Black/African American,118,0,0.00,2.2509927394910596,-2.2509927394910596
701,Muscatine,Empanelment,Alternate,Black/African American,20,0,0.00,2.2509927394910596,-2.2509927394910596
701,Muscatine,Empanelment,Challenged For Cause (Defendant/Respondent),Black/African American,25,1,4.00,2.2509927394910596,1.7490072605089404
711,O'Brien,Empanelment,Juror,Asian,12,0,0.00,0.6512813252159139,-0.6512813252159139
711,O'Brien,Empanelment,Alternate,American Indian/Alaskan Native,1,0,0.00,0.38935296616168763,-0.38935296616168763
711,O'Brien,Criminal Panel,NULL,Black/African American,42,0,0.00,1.6989947614328191,-1.6989947614328191
711,O'Brien,Empanelment,Not Used,White,29,27,93.10,86.98853178536032,6.111468214639672
711,O'Brien,Empanelment,Not Used,American Indian/Alaskan Native,29,0,0.00,0.38935296616168763,-0.38935296616168763
711,O'Brien,Overall Pool,NULL,Black/African American,1685,4,0.24,1.6989947614328191,-1.4589947614328191
711,O'Brien,Criminal Panel,NULL,Asian,42,1,2.38,0.6512813252159139,1.7287186747840861
711,O'Brien,Overall Pool,NULL,Native Hawaiian/Pacific Islander,1685,5,0.30,0.15574118646467508,0.1442588135353249
711,O'Brien,Empanelment,Not Used,Black/African American,29,0,0.00,1.6989947614328191,-1.6989947614328191
711,O'Brien,Empanelment,Alternate,Hispanic/Latino/Spanish Origins,1,0,0.00,7.603001557411865,-7.603001557411865
711,O'Brien,Empanelment,Juror,White,12,12,100.00,86.98853178536032,13.011468214639677
711,O'Brien,Empanelment,Alternate,White,1,1,100.00,86.98853178536032,13.011468214639677
711,O'Brien,Overall Pool,NULL,American Indian/Alaskan Native,1685,5,0.30,0.38935296616168763,-0.08935296616168764
711,O'Brien,Empanelment,Juror,Hispanic/Latino/Spanish Origins,12,0,0.00,7.603001557411865,-7.603001557411865
711,O'Brien,Criminal Panel,NULL,Hispanic/Latino/Spanish Origins,42,0,0.00,7.603001557411865,-7.603001557411865
711,O'Brien,Empanelment,Alternate,Black/African American,1,0,0.00,1.6989947614328191,-1.6989947614328191
711,O'Brien,Empanelment,Not Used,Asian,29,1,3.45,0.6512813252159139,2.7987186747840864
711,O'Brien,Empanelment,Alternate,Native Hawaiian/Pacific Islander,1,0,0.00,0.15574118646467508,-0.15574118646467508
711,O'Brien,Criminal Panel,NULL,White,42,40,95.24,86.98853178536032,8.251468214639672
711,O'Brien,Empanelment,Juror,Native Hawaiian/Pacific Islander,12,0,0.00,0.15574118646467508,-0.15574118646467508
711,O'Brien,Empanelment,Not Used,Native Hawaiian/Pacific Islander,29,0,0.00,0.15574118646467508,-0.15574118646467508
711,O'Brien,Overall Pool,NULL,Hispanic/Latino/Spanish Origins,1685,3,0.18,7.603001557411865,-7.423001557411865
711,O'Brien,Empanelment,Juror,Black/African American,12,0,0.00,1.6989947614328191,-1.6989947614328191
711,O'Brien,Overall Pool,NULL,White,1685,1600,94.96,86.98853178536032,7.971468214639671
711,O'Brien,Empanelment,Not Used,Hispanic/Latino/Spanish Origins,29,0,0.00,7.603001557411865,-7.603001557411865
711,O'Brien,Empanelment,Juror,American Indian/Alaskan Native,12,0,0.00,0.38935296616168763,-0.38935296616168763
711,O'Brien,Empanelment,Alternate,Asian,1,0,0.00,0.6512813252159139,-0.6512813252159139
711,O'Brien,Criminal Panel,NULL,American Indian/Alaskan Native,42,0,0.00,0.38935296616168763,-0.38935296616168763
711,O'Brien,Criminal Panel,NULL,Native Hawaiian/Pacific Islander,42,0,0.00,0.15574118646467508,-0.15574118646467508
711,O'Brien,Overall Pool,NULL,Asian,1685,14,0.83,0.6512813252159139,0.1787186747840861
721,Osceola,Overall Pool,NULL,Native Hawaiian/Pacific Islander,1371,1,0.07,0,0.07
721,Osceola,Overall Pool,NULL,Asian,1371,9,0.66,0.5737704918032787,0.08622950819672137
721,Osceola,Overall Pool,NULL,Hispanic/Latino/Spanish Origins,1371,1,0.07,10.60655737704918,-10.53655737704918
721,Osceola,Overall Pool,NULL,American Indian/Alaskan Native,1371,6,0.44,1.0655737704918031,-0.6255737704918032
721,Osceola,Overall Pool,NULL,White,1371,1309,95.48,84.0327868852459,11.447213114754106
721,Osceola,Overall Pool,NULL,Black/African American,1371,2,0.15,0.4754098360655738,-0.32540983606557383
731,Page,Empanelment,Not Used,Black/African American,34,0,0.00,1.7117176657193838,-1.7117176657193838
731,Page,Empanelment,Juror,Black/African American,24,0,0.00,1.7117176657193838,-1.7117176657193838
731,Page,Criminal Panel,NULL,American Indian/Alaskan Native,81,0,0.00,0.5485427268521579,-0.5485427268521579
731,Page,Empanelment,Peremptory Strike (Plaintiff/Petitioner),Asian,8,0,0.00,0.6542859031128148,-0.6542859031128148
731,Page,Empanelment,Peremptory Strike (Plaintiff/Petitioner),Hispanic/Latino/Spanish Origins,8,0,0.00,3.337519000726984,-3.337519000726984
731,Page,Empanelment,Challenged For Cause (Plaintiff/Petitioner),Black/African American,5,0,0.00,1.7117176657193838,-1.7117176657193838
731,Page,Empanelment,Court,Black/African American,2,0,0.00,1.7117176657193838,-1.7117176657193838
731,Page,Overall Pool,NULL,Asian,1751,14,0.80,0.6542859031128148,0.14571409688718528
731,Page,Empanelment,Court,Hispanic/Latino/Spanish Origins,2,0,0.00,3.337519000726984,-3.337519000726984
731,Page,Empanelment,Peremptory Strike (Plaintiff/Petitioner),Native Hawaiian/Pacific Islander,8,0,0.00,0.013217897032582115,-0.013217897032582115
731,Page,Empanelment,Juror,White,24,23,95.83,90.29145462956843,5.538545370431564
731,Page,Empanelment,Not Used,White,34,34,100.00,90.29145462956843,9.708545370431565
731,Page,Empanelment,Peremptory Strike (Plaintiff/Petitioner),Black/African American,8,0,0.00,1.7117176657193838,-1.7117176657193838
731,Page,Empanelment,Juror,Asian,24,0,0.00,0.6542859031128148,-0.6542859031128148
731,Page,Empanelment,Peremptory Strike (Defendant/Respondent),White,8,8,100.00,90.29145462956843,9.708545370431565
731,Page,Empanelment,Challenged For Cause (Plaintiff/Petitioner),White,5,5,100.00,90.29145462956843,9.708545370431565
731,Page,Empanelment,Not Used,Asian,34,0,0.00,0.6542859031128148,-0.6542859031128148
731,Page,Empanelment,Peremptory Strike (Defendant/Respondent),Asian,8,0,0.00,0.6542859031128148,-0.6542859031128148
731,Page,Criminal Panel,NULL,White,81,80,98.77,90.29145462956843,8.478545370431561
731,Page,Overall Pool,NULL,Black/African American,1751,6,0.34,1.7117176657193838,-1.3717176657193837
731,Page,Empanelment,Challenged For Cause (Plaintiff/Petitioner),Asian,5,0,0.00,0.6542859031128148,-0.6542859031128148
731,Page,Empanelment,Juror,American Indian/Alaskan Native,24,0,0.00,0.5485427268521579,-0.5485427268521579
731,Page,Empanelment,Not Used,American Indian/Alaskan Native,34,0,0.00,0.5485427268521579,-0.5485427268521579
731,Page,Empanelment,Court,White,2,2,100.00,90.29145462956843,9.708545370431565
731,Page,Empanelment,Peremptory Strike (Plaintiff/Petitioner),White,8,8,100.00,90.29145462956843,9.708545370431565
731,Page,Criminal Panel,NULL,Native Hawaiian/Pacific Islander,81,0,0.00,0.013217897032582115,-0.013217897032582115
731,Page,Empanelment,Juror,Native Hawaiian/Pacific Islander,24,0,0.00,0.013217897032582115,-0.013217897032582115
731,Page,Empanelment,Not Used,Native Hawaiian/Pacific Islander,34,0,0.00,0.013217897032582115,-0.013217897032582115
731,Page,Overall Pool,NULL,White,1751,1680,95.95,90.29145462956843,5.658545370431568
731,Page,Empanelment,Peremptory Strike (Defendant/Respondent),Native Hawaiian/Pacific Islander,8,0,0.00,0.013217897032582115,-0.013217897032582115
731,Page,Empanelment,Peremptory Strike (Defendant/Respondent),American Indian/Alaskan Native,8,0,0.00,0.5485427268521579,-0.5485427268521579
731,Page,Empanelment,Challenged For Cause (Plaintiff/Petitioner),American Indian/Alaskan Native,5,0,0.00,0.5485427268521579,-0.5485427268521579
731,Page,Empanelment,Court,American Indian/Alaskan Native,2,0,0.00,0.5485427268521579,-0.5485427268521579
731,Page,Empanelment,Peremptory Strike (Plaintiff/Petitioner),American Indian/Alaskan Native,8,0,0.00,0.5485427268521579,-0.5485427268521579
731,Page,Empanelment,Peremptory Strike (Defendant/Respondent),Black/African American,8,0,0.00,1.7117176657193838,-1.7117176657193838
731,Page,Overall Pool,NULL,Native Hawaiian/Pacific Islander,1751,0,0.00,0.013217897032582115,-0.013217897032582115
731,Page,Empanelment,Challenged For Cause (Plaintiff/Petitioner),Native Hawaiian/Pacific Islander,5,0,0.00,0.013217897032582115,-0.013217897032582115
731,Page,Empanelment,Court,Native Hawaiian/Pacific Islander,2,0,0.00,0.013217897032582115,-0.013217897032582115
731,Page,Criminal Panel,NULL,Black/African American,81,0,0.00,1.7117176657193838,-1.7117176657193838
731,Page,Criminal Panel,NULL,Asian,81,0,0.00,0.6542859031128148,-0.6542859031128148
731,Page,Empanelment,Court,Asian,2,0,0.00,0.6542859031128148,-0.6542859031128148
731,Page,Overall Pool,NULL,American Indian/Alaskan Native,1751,5,0.29,0.5485427268521579,-0.2585427268521579
731,Page,Criminal Panel,NULL,Hispanic/Latino/Spanish Origins,81,0,0.00,3.337519000726984,-3.337519000726984
731,Page,Empanelment,Challenged For Cause (Plaintiff/Petitioner),Hispanic/Latino/Spanish Origins,5,0,0.00,3.337519000726984,-3.337519000726984
731,Page,Empanelment,Peremptory Strike (Defendant/Respondent),Hispanic/Latino/Spanish Origins,8,0,0.00,3.337519000726984,-3.337519000726984
731,Page,Empanelment,Not Used,Hispanic/Latino/Spanish Origins,34,0,0.00,3.337519000726984,-3.337519000726984
731,Page,Empanelment,Juror,Hispanic/Latino/Spanish Origins,24,0,0.00,3.337519000726984,-3.337519000726984
731,Page,Overall Pool,NULL,Hispanic/Latino/Spanish Origins,1751,1,0.06,3.337519000726984,-3.277519000726984
741,Palo Alto,Criminal Panel,NULL,Black/African American,119,0,0.00,1.6360148933769605,-1.6360148933769605
741,Palo Alto,Empanelment,Juror,American Indian/Alaskan Native,27,0,0.00,0.2369400880063184,-0.2369400880063184
741,Palo Alto,Empanelment,Peremptory Strike (Plaintiff/Petitioner),American Indian/Alaskan Native,12,0,0.00,0.2369400880063184,-0.2369400880063184
741,Palo Alto,Overall Pool,NULL,Hispanic/Latino/Spanish Origins,1652,1,0.06,3.5089698747602394,-3.4489698747602393
741,Palo Alto,Empanelment,Not Used,Native Hawaiian/Pacific Islander,51,0,0.00,0,0
741,Palo Alto,Empanelment,Challenged For Cause (Plaintiff/Petitioner),Native Hawaiian/Pacific Islander,15,0,0.00,0,0
741,Palo Alto,Criminal Panel,NULL,American Indian/Alaskan Native,119,0,0.00,0.2369400880063184,-0.2369400880063184
741,Palo Alto,Empanelment,Challenged For Cause (Defendant/Respondent),Native Hawaiian/Pacific Islander,2,0,0.00,0,0
741,Palo Alto,Empanelment,Peremptory Strike (Defendant/Respondent),Native Hawaiian/Pacific Islander,12,0,0.00,0,0
741,Palo Alto,Overall Pool,NULL,American Indian/Alaskan Native,1652,2,0.12,0.2369400880063184,-0.11694008800631842
741,Palo Alto,Empanelment,Juror,Native Hawaiian/Pacific Islander,27,0,0.00,0,0
741,Palo Alto,Empanelment,Peremptory Strike (Plaintiff/Petitioner),Native Hawaiian/Pacific Islander,12,0,0.00,0,0
741,Palo Alto,Empanelment,Challenged For Cause (Plaintiff/Petitioner),Hispanic/Latino/Spanish Origins,15,0,0.00,3.5089698747602394,-3.5089698747602394
741,Palo Alto,Empanelment,Not Used,Hispanic/Latino/Spanish Origins,51,0,0.00,3.5089698747602394,-3.5089698747602394
741,Palo Alto,Overall Pool,NULL,Asian,1652,7,0.42,0.6431230960171499,-0.2231230960171499
741,Palo Alto,Overall Pool,NULL,Black/African American,1652,14,0.85,1.6360148933769605,-0.7860148933769605
741,Palo Alto,Overall Pool,NULL,White,1652,1595,96.55,91.25578246643349,5.29421753356651
741,Palo Alto,Criminal Panel,NULL,Asian,119,1,0.84,0.6431230960171499,0.19687690398285007
741,Palo Alto,Empanelment,Peremptory Strike (Plaintiff/Petitioner),Hispanic/Latino/Spanish Origins,12,0,0.00,3.5089698747602394,-3.5089698747602394
741,Palo Alto,Empanelment,Juror,Hispanic/Latino/Spanish Origins,27,0,0.00,3.5089698747602394,-3.5089698747602394
741,Palo Alto,Empanelment,Peremptory Strike (Defendant/Respondent),Hispanic/Latino/Spanish Origins,12,0,0.00,3.5089698747602394,-3.5089698747602394
741,Palo Alto,Criminal Panel,NULL,Hispanic/Latino/Spanish Origins,119,0,0.00,3.5089698747602394,-3.5089698747602394
741,Palo Alto,Empanelment,Peremptory Strike (Plaintiff/Petitioner),Asian,12,0,0.00,0.6431230960171499,-0.6431230960171499
741,Palo Alto,Empanelment,Juror,Asian,27,0,0.00,0.6431230960171499,-0.6431230960171499
741,Palo Alto,Empanelment,Peremptory Strike (Defendant/Respondent),Asian,12,0,0.00,0.6431230960171499,-0.6431230960171499
741,Palo Alto,Empanelment,Challenged For Cause (Defendant/Respondent),Asian,2,0,0.00,0.6431230960171499,-0.6431230960171499
741,Palo Alto,Empanelment,Challenged For Cause (Plaintiff/Petitioner),Asian,15,1,6.67,0.6431230960171499,6.02687690398285
741,Palo Alto,Empanelment,Not Used,Asian,51,0,0.00,0.6431230960171499,-0.6431230960171499
741,Palo Alto,Empanelment,Challenged For Cause (Defendant/Respondent),Hispanic/Latino/Spanish Origins,2,0,0.00,3.5089698747602394,-3.5089698747602394
741,Palo Alto,Empanelment,Not Used,Black/African American,51,0,0.00,1.6360148933769605,-1.6360148933769605
741,Palo Alto,Empanelment,Challenged For Cause (Plaintiff/Petitioner),Black/African American,15,0,0.00,1.6360148933769605,-1.6360148933769605
741,Palo Alto,Empanelment,Challenged For Cause (Defendant/Respondent),Black/African American,2,0,0.00,1.6360148933769605,-1.6360148933769605
741,Palo Alto,Empanelment,Peremptory Strike (Defendant/Respondent),Black/African American,12,0,0.00,1.6360148933769605,-1.6360148933769605
741,Palo Alto,Empanelment,Juror,Black/African American,27,0,0.00,1.6360148933769605,-1.6360148933769605
741,Palo Alto,Empanelment,Peremptory Strike (Plaintiff/Petitioner),Black/African American,12,0,0.00,1.6360148933769605,-1.6360148933769605
741,Palo Alto,Criminal Panel,NULL,White,119,117,98.32,91.25578246643349,7.064217533566506
741,Palo Alto,Criminal Panel,NULL,Native Hawaiian/Pacific Islander,119,0,0.00,0,0
741,Palo Alto,Empanelment,Not Used,White,51,51,100.00,91.25578246643349,8.744217533566513
741,Palo Alto,Empanelment,Challenged For Cause (Plaintiff/Petitioner),White,15,14,93.33,91.25578246643349,2.074217533566511
741,Palo Alto,Empanelment,Challenged For Cause (Defendant/Respondent),White,2,2,100.00,91.25578246643349,8.744217533566513
741,Palo Alto,Empanelment,Peremptory Strike (Defendant/Respondent),White,12,11,91.67,91.25578246643349,0.41421753356651436
741,Palo Alto,Empanelment,Juror,White,27,27,100.00,91.25578246643349,8.744217533566513
741,Palo Alto,Empanelment,Not Used,American Indian/Alaskan Native,51,0,0.00,0.2369400880063184,-0.2369400880063184
741,Palo Alto,Empanelment,Challenged For Cause (Plaintiff/Petitioner),American Indian/Alaskan Native,15,0,0.00,0.2369400880063184,-0.2369400880063184
741,Palo Alto,Empanelment,Challenged For Cause (Defendant/Respondent),American Indian/Alaskan Native,2,0,0.00,0.2369400880063184,-0.2369400880063184
741,Palo Alto,Empanelment,Peremptory Strike (Plaintiff/Petitioner),White,12,12,100.00,91.25578246643349,8.744217533566513
741,Palo Alto,Overall Pool,NULL,Native Hawaiian/Pacific Islander,1652,0,0.00,0,0
741,Palo Alto,Empanelment,Peremptory Strike (Defendant/Respondent),American Indian/Alaskan Native,12,0,0.00,0.2369400880063184,-0.2369400880063184
751,Plymouth,Empanelment,Challenged For Cause (Defendant/Respondent),Hispanic/Latino/Spanish Origins,7,0,0.00,6.42016545616965,-6.42016545616965
751,Plymouth,Empanelment,No Result,Black/African American,51,0,0.00,2.3886278012972384,-2.3886278012972384
751,Plymouth,Empanelment,Juror,Black/African American,48,0,0.00,2.3886278012972384,-2.3886278012972384
751,Plymouth,Empanelment,Not Used,Black/African American,113,0,0.00,2.3886278012972384,-2.3886278012972384
751,Plymouth,Empanelment,Peremptory Strike (Defendant/Respondent),Black/African American,24,0,0.00,2.3886278012972384,-2.3886278012972384
751,Plymouth,Empanelment,Challenged For Cause (Plaintiff/Petitioner),Black/African American,2,0,0.00,2.3886278012972384,-2.3886278012972384
751,Plymouth,Empanelment,Court,Black/African American,12,1,8.33,2.3886278012972384,5.941372198702762
751,Plymouth,Empanelment,Peremptory Strike (Plaintiff/Petitioner),Black/African American,24,0,0.00,2.3886278012972384,-2.3886278012972384
751,Plymouth,Empanelment,Alternate,Black/African American,5,0,0.00,2.3886278012972384,-2.3886278012972384
751,Plymouth,Empanelment,Challenged For Cause (Defendant/Respondent),Black/African American,7,0,0.00,2.3886278012972384,-2.3886278012972384
751,Plymouth,Empanelment,Challenged For Cause (Defendant/Respondent),Native Hawaiian/Pacific Islander,7,0,0.00,0.43500213617120437,-0.43500213617120437
751,Plymouth,Empanelment,Alternate,Native Hawaiian/Pacific Islander,5,0,0.00,0.43500213617120437,-0.43500213617120437
751,Plymouth,Empanelment,Peremptory Strike (Plaintiff/Petitioner),Native Hawaiian/Pacific Islander,24,1,4.17,0.43500213617120437,3.7349978638287955
751,Plymouth,Empanelment,Court,Native Hawaiian/Pacific Islander,12,0,0.00,0.43500213617120437,-0.43500213617120437
751,Plymouth,Empanelment,Challenged For Cause (Plaintiff/Petitioner),Native Hawaiian/Pacific Islander,2,0,0.00,0.43500213617120437,-0.43500213617120437
751,Plymouth,Empanelment,Peremptory Strike (Defendant/Respondent),Native Hawaiian/Pacific Islander,24,1,4.17,0.43500213617120437,3.7349978638287955
751,Plymouth,Empanelment,Not Used,Native Hawaiian/Pacific Islander,113,0,0.00,0.43500213617120437,-0.43500213617120437
751,Plymouth,Empanelment,Alternate,Hispanic/Latino/Spanish Origins,5,0,0.00,6.42016545616965,-6.42016545616965
751,Plymouth,Empanelment,Peremptory Strike (Plaintiff/Petitioner),Hispanic/Latino/Spanish Origins,24,0,0.00,6.42016545616965,-6.42016545616965
751,Plymouth,Empanelment,Court,Hispanic/Latino/Spanish Origins,12,0,0.00,6.42016545616965,-6.42016545616965
751,Plymouth,Empanelment,Challenged For Cause (Plaintiff/Petitioner),Hispanic/Latino/Spanish Origins,2,0,0.00,6.42016545616965,-6.42016545616965
751,Plymouth,Empanelment,Peremptory Strike (Defendant/Respondent),Hispanic/Latino/Spanish Origins,24,0,0.00,6.42016545616965,-6.42016545616965
751,Plymouth,Empanelment,Not Used,Hispanic/Latino/Spanish Origins,113,0,0.00,6.42016545616965,-6.42016545616965
751,Plymouth,Empanelment,Juror,Hispanic/Latino/Spanish Origins,48,0,0.00,6.42016545616965,-6.42016545616965
751,Plymouth,Empanelment,No Result,Hispanic/Latino/Spanish Origins,51,0,0.00,6.42016545616965,-6.42016545616965
751,Plymouth,Empanelment,No Result,White,51,48,94.12,88.02578941235872,6.094210587641285
751,Plymouth,Empanelment,Juror,White,48,48,100.00,88.02578941235872,11.97421058764128
751,Plymouth,Empanelment,Not Used,White,113,110,97.35,88.02578941235872,9.324210587641275
751,Plymouth,Empanelment,Peremptory Strike (Defendant/Respondent),White,24,21,87.50,88.02578941235872,-0.5257894123587192
751,Plymouth,Empanelment,Challenged For Cause (Plaintiff/Petitioner),White,2,1,50.00,88.02578941235872,-38.02578941235872
751,Plymouth,Empanelment,Court,White,12,10,83.33,88.02578941235872,-4.695789412358721
751,Plymouth,Empanelment,Peremptory Strike (Plaintiff/Petitioner),White,24,23,95.83,88.02578941235872,7.804210587641279
751,Plymouth,Empanelment,Alternate,White,5,4,80.00,88.02578941235872,-8.02578941235872
751,Plymouth,Empanelment,Challenged For Cause (Defendant/Respondent),White,7,7,100.00,88.02578941235872,11.97421058764128
751,Plymouth,Empanelment,Juror,Native Hawaiian/Pacific Islander,48,0,0.00,0.43500213617120437,-0.43500213617120437
751,Plymouth,Empanelment,No Result,Native Hawaiian/Pacific Islander,51,0,0.00,0.43500213617120437,-0.43500213617120437
751,Plymouth,Criminal Panel,NULL,Native Hawaiian/Pacific Islander,285,2,0.70,0.43500213617120437,0.2649978638287956
751,Plymouth,Criminal Panel,NULL,American Indian/Alaskan Native,285,1,0.35,0.4272342408824329,-0.07723424088243291
751,Plymouth,Empanelment,Challenged For Cause (Defendant/Respondent),Asian,7,0,0.00,0.5243329319920768,-0.5243329319920768
751,Plymouth,Empanelment,Alternate,Asian,5,0,0.00,0.5243329319920768,-0.5243329319920768
751,Plymouth,Empanelment,Peremptory Strike (Plaintiff/Petitioner),Asian,24,0,0.00,0.5243329319920768,-0.5243329319920768
751,Plymouth,Empanelment,Court,Asian,12,0,0.00,0.5243329319920768,-0.5243329319920768
751,Plymouth,Empanelment,Challenged For Cause (Plaintiff/Petitioner),Asian,2,0,0.00,0.5243329319920768,-0.5243329319920768
751,Plymouth,Empanelment,Peremptory Strike (Defendant/Respondent),Asian,24,1,4.17,0.5243329319920768,3.6456670680079233
751,Plymouth,Empanelment,Not Used,Asian,113,0,0.00,0.5243329319920768,-0.5243329319920768
751,Plymouth,Empanelment,Juror,Asian,48,0,0.00,0.5243329319920768,-0.5243329319920768
751,Plymouth,Empanelment,No Result,Asian,51,1,1.96,0.5243329319920768,1.4356670680079233
751,Plymouth,Criminal Panel,NULL,Asian,285,2,0.70,0.5243329319920768,0.1756670680079232
751,Plymouth,Criminal Panel,NULL,Hispanic/Latino/Spanish Origins,285,0,0.00,6.42016545616965,-6.42016545616965
751,Plymouth,Criminal Panel,NULL,Black/African American,285,1,0.35,2.3886278012972384,-2.0386278012972383
751,Plymouth,Criminal Panel,NULL,White,285,272,95.44,88.02578941235872,7.4142105876412785
751,Plymouth,Overall Pool,NULL,Native Hawaiian/Pacific Islander,2769,10,0.36,0.43500213617120437,-0.07500213617120438
751,Plymouth,Overall Pool,NULL,American Indian/Alaskan Native,2769,8,0.29,0.4272342408824329,-0.1372342408824329
751,Plymouth,Overall Pool,NULL,Asian,2769,21,0.76,0.5243329319920768,0.23566706800792325
751,Plymouth,Empanelment,Challenged For Cause (Defendant/Respondent),American Indian/Alaskan Native,7,0,0.00,0.4272342408824329,-0.4272342408824329
751,Plymouth,Empanelment,Alternate,American Indian/Alaskan Native,5,0,0.00,0.4272342408824329,-0.4272342408824329
751,Plymouth,Empanelment,Peremptory Strike (Plaintiff/Petitioner),American Indian/Alaskan Native,24,0,0.00,0.4272342408824329,-0.4272342408824329
751,Plymouth,Empanelment,Court,American Indian/Alaskan Native,12,0,0.00,0.4272342408824329,-0.4272342408824329
751,Plymouth,Empanelment,Challenged For Cause (Plaintiff/Petitioner),American Indian/Alaskan Native,2,0,0.00,0.4272342408824329,-0.4272342408824329
751,Plymouth,Empanelment,Peremptory Strike (Defendant/Respondent),American Indian/Alaskan Native,24,0,0.00,0.4272342408824329,-0.4272342408824329
751,Plymouth,Empanelment,Not Used,American Indian/Alaskan Native,113,0,0.00,0.4272342408824329,-0.4272342408824329
751,Plymouth,Empanelment,Juror,American Indian/Alaskan Native,48,0,0.00,0.4272342408824329,-0.4272342408824329
751,Plymouth,Empanelment,No Result,American Indian/Alaskan Native,51,0,0.00,0.4272342408824329,-0.4272342408824329
751,Plymouth,Overall Pool,NULL,Hispanic/Latino/Spanish Origins,2769,6,0.22,6.42016545616965,-6.200165456169651
751,Plymouth,Overall Pool,NULL,Black/African American,2769,27,0.98,2.3886278012972384,-1.4086278012972384
751,Plymouth,Overall Pool,NULL,White,2769,2609,94.22,88.02578941235872,6.19421058764128
761,Pocahontas,Overall Pool,NULL,Hispanic/Latino/Spanish Origins,765,3,0.39,5.84728924212319,-5.45728924212319
761,Pocahontas,Overall Pool,NULL,Native Hawaiian/Pacific Islander,765,4,0.52,0.7805847289242124,-0.26058472892421236
761,Pocahontas,Overall Pool,NULL,White,765,734,95.95,88.5892705080897,7.3607294919103055
761,Pocahontas,Overall Pool,NULL,American Indian/Alaskan Native,765,2,0.26,0.24127164348566565,0.018728356514334354
761,Pocahontas,Overall Pool,NULL,Asian,765,2,0.26,0.17030939540164633,0.08969060459835368
761,Pocahontas,Overall Pool,NULL,Black/African American,765,3,0.39,1.2915129151291513,-0.9015129151291513
771,Polk,Empanelment,Juror,White,788,690,87.56,73.15745019128533,14.402549808714667
771,Polk,Empanelment,Peremptory Strike (Defendant/Respondent),White,436,404,92.66,73.15745019128533,19.50254980871466
771,Polk,Empanelment,Challenged For Cause (Plaintiff/Petitioner),Black/African American,47,6,12.77,7.43300044716053,5.33699955283947
771,Polk,Empanelment,No Result,Black/African American,1521,69,4.54,7.43300044716053,-2.8930004471605297
771,Polk,Empanelment,Juror,Black/African American,788,39,4.95,7.43300044716053,-2.4830004471605296
771,Polk,Empanelment,Peremptory Strike (Defendant/Respondent),Black/African American,436,10,2.29,7.43300044716053,-5.14300044716053
771,Polk,Empanelment,Peremptory Strike (Defendant/Respondent),Hispanic/Latino/Spanish Origins,436,0,0.00,10.3973766582203,-10.3973766582203
771,Polk,Empanelment,Juror,Hispanic/Latino/Spanish Origins,788,0,0.00,10.3973766582203,-10.3973766582203
771,Polk,Empanelment,No Result,Hispanic/Latino/Spanish Origins,1521,0,0.00,10.3973766582203,-10.3973766582203
771,Polk,Empanelment,Challenged For Cause (Plaintiff/Petitioner),Hispanic/Latino/Spanish Origins,47,0,0.00,10.3973766582203,-10.3973766582203
771,Polk,Empanelment,Challenged For Cause (Defendant/Respondent),Hispanic/Latino/Spanish Origins,32,0,0.00,10.3973766582203,-10.3973766582203
771,Polk,Empanelment,Court,Hispanic/Latino/Spanish Origins,253,0,0.00,10.3973766582203,-10.3973766582203
771,Polk,Empanelment,Not Used,Hispanic/Latino/Spanish Origins,440,0,0.00,10.3973766582203,-10.3973766582203
771,Polk,Empanelment,Alternate,Hispanic/Latino/Spanish Origins,85,0,0.00,10.3973766582203,-10.3973766582203
771,Polk,Empanelment,Peremptory Strike (Plaintiff/Petitioner),Hispanic/Latino/Spanish Origins,430,0,0.00,10.3973766582203,-10.3973766582203
771,Polk,Empanelment,Court,Black/African American,253,18,7.11,7.43300044716053,-0.32300044716052945
771,Polk,Empanelment,Not Used,Black/African American,440,17,3.86,7.43300044716053,-3.57300044716053
771,Polk,Empanelment,Alternate,Black/African American,85,2,2.35,7.43300044716053,-5.083000447160529
771,Polk,Empanelment,Peremptory Strike (Plaintiff/Petitioner),Black/African American,430,26,6.05,7.43300044716053,-1.38300044716053
771,Polk,Overall Pool,NULL,Black/African American,19037,1251,6.57,7.43300044716053,-0.8630004471605295
771,Polk,Empanelment,Challenged For Cause (Defendant/Respondent),Black/African American,32,2,6.25,7.43300044716053,-1.1830004471605298
771,Polk,Criminal Panel,NULL,Asian,4032,129,3.20,4.978983455060367,-1.7789834550603665
771,Polk,Empanelment,Peremptory Strike (Defendant/Respondent),Asian,436,9,2.06,4.978983455060367,-2.9189834550603666
771,Polk,Empanelment,Juror,Asian,788,20,2.54,4.978983455060367,-2.4389834550603666
771,Polk,Empanelment,Peremptory Strike (Plaintiff/Petitioner),American Indian/Alaskan Native,430,0,0.00,0.31042877726437124,-0.31042877726437124
771,Polk,Empanelment,Alternate,American Indian/Alaskan Native,85,0,0.00,0.31042877726437124,-0.31042877726437124
771,Polk,Empanelment,Not Used,American Indian/Alaskan Native,440,0,0.00,0.31042877726437124,-0.31042877726437124
771,Polk,Empanelment,Court,American Indian/Alaskan Native,253,0,0.00,0.31042877726437124,-0.31042877726437124
771,Polk,Empanelment,Challenged For Cause (Defendant/Respondent),American Indian/Alaskan Native,32,0,0.00,0.31042877726437124,-0.31042877726437124
771,Polk,Empanelment,Challenged For Cause (Plaintiff/Petitioner),American Indian/Alaskan Native,47,0,0.00,0.31042877726437124,-0.31042877726437124
771,Polk,Empanelment,No Result,American Indian/Alaskan Native,1521,0,0.00,0.31042877726437124,-0.31042877726437124
771,Polk,Empanelment,Juror,American Indian/Alaskan Native,788,0,0.00,0.31042877726437124,-0.31042877726437124
771,Polk,Empanelment,Peremptory Strike (Defendant/Respondent),American Indian/Alaskan Native,436,0,0.00,0.31042877726437124,-0.31042877726437124
771,Polk,Criminal Panel,NULL,Hispanic/Latino/Spanish Origins,4032,0,0.00,10.3973766582203,-10.3973766582203
771,Polk,Empanelment,No Result,Asian,1521,45,2.96,4.978983455060367,-2.0189834550603667
771,Polk,Empanelment,Challenged For Cause (Plaintiff/Petitioner),Asian,47,1,2.13,4.978983455060367,-2.8489834550603668
771,Polk,Empanelment,Challenged For Cause (Defendant/Respondent),Asian,32,1,3.13,4.978983455060367,-1.8489834550603668
771,Polk,Empanelment,Court,Asian,253,21,8.30,4.978983455060367,3.321016544939634
771,Polk,Empanelment,Not Used,Asian,440,12,2.73,4.978983455060367,-2.2489834550603667
771,Polk,Empanelment,Alternate,Asian,85,2,2.35,4.978983455060367,-2.6289834550603666
771,Polk,Empanelment,Peremptory Strike (Plaintiff/Petitioner),Asian,430,18,4.19,4.978983455060367,-0.7889834550603663
771,Polk,Criminal Panel,NULL,American Indian/Alaskan Native,4032,10,0.25,0.31042877726437124,-0.060428777264371236
771,Polk,Overall Pool,NULL,Asian,19037,905,4.75,4.978983455060367,-0.22898345506036666
771,Polk,Overall Pool,NULL,White,19037,15723,82.59,73.15745019128533,9.432549808714668
771,Polk,Overall Pool,NULL,American Indian/Alaskan Native,19037,55,0.29,0.31042877726437124,-0.020428777264371256
771,Polk,Criminal Panel,NULL,Black/African American,4032,189,4.69,7.43300044716053,-2.7430004471605294
771,Polk,Empanelment,Peremptory Strike (Defendant/Respondent),Native Hawaiian/Pacific Islander,436,1,0.23,0.04729964724002583,0.18270035275997418
771,Polk,Empanelment,Juror,Native Hawaiian/Pacific Islander,788,0,0.00,0.04729964724002583,-0.04729964724002583
771,Polk,Empanelment,No Result,Native Hawaiian/Pacific Islander,1521,3,0.20,0.04729964724002583,0.15270035275997418
771,Polk,Empanelment,Challenged For Cause (Plaintiff/Petitioner),Native Hawaiian/Pacific Islander,47,0,0.00,0.04729964724002583,-0.04729964724002583
771,Polk,Criminal Panel,NULL,Native Hawaiian/Pacific Islander,4032,4,0.10,0.04729964724002583,0.05270035275997417
771,Polk,Overall Pool,NULL,Native Hawaiian/Pacific Islander,19037,25,0.13,0.04729964724002583,0.08270035275997417
771,Polk,Criminal Panel,NULL,White,4032,3520,87.30,73.15745019128533,14.142549808714662
771,Polk,Overall Pool,NULL,Hispanic/Latino/Spanish Origins,19037,49,0.26,10.3973766582203,-10.137376658220301
771,Polk,Empanelment,Challenged For Cause (Defendant/Respondent),Native Hawaiian/Pacific Islander,32,0,0.00,0.04729964724002583,-0.04729964724002583
771,Polk,Empanelment,Court,Native Hawaiian/Pacific Islander,253,0,0.00,0.04729964724002583,-0.04729964724002583
771,Polk,Empanelment,Not Used,Native Hawaiian/Pacific Islander,440,0,0.00,0.04729964724002583,-0.04729964724002583
771,Polk,Empanelment,Alternate,Native Hawaiian/Pacific Islander,85,0,0.00,0.04729964724002583,-0.04729964724002583
771,Polk,Empanelment,Peremptory Strike (Plaintiff/Petitioner),Native Hawaiian/Pacific Islander,430,0,0.00,0.04729964724002583,-0.04729964724002583
771,Polk,Empanelment,Peremptory Strike (Plaintiff/Petitioner),White,430,359,83.49,73.15745019128533,10.33254980871466
771,Polk,Empanelment,Alternate,White,85,79,92.94,73.15745019128533,19.782549808714663
771,Polk,Empanelment,Not Used,White,440,395,89.77,73.15745019128533,16.61254980871466
771,Polk,Empanelment,Court,White,253,201,79.45,73.15745019128533,6.292549808714668
771,Polk,Empanelment,Challenged For Cause (Defendant/Respondent),White,32,25,78.13,73.15745019128533,4.9725498087146605
771,Polk,Empanelment,Challenged For Cause (Plaintiff/Petitioner),White,47,38,80.85,73.15745019128533,7.692549808714659
771,Polk,Empanelment,No Result,White,1521,1329,87.38,73.15745019128533,14.22254980871466
781,Pottawattamie,Empanelment,Juror,Hispanic/Latino/Spanish Origins,26,0,0.00,9.136838499743106,-9.136838499743106
781,Pottawattamie,Empanelment,Not Used,Hispanic/Latino/Spanish Origins,94,0,0.00,9.136838499743106,-9.136838499743106
781,Pottawattamie,Empanelment,Peremptory Strike (Plaintiff/Petitioner),Hispanic/Latino/Spanish Origins,12,0,0.00,9.136838499743106,-9.136838499743106
781,Pottawattamie,Empanelment,Challenged For Cause (Plaintiff/Petitioner),Hispanic/Latino/Spanish Origins,4,0,0.00,9.136838499743106,-9.136838499743106
781,Pottawattamie,Empanelment,No Result,Hispanic/Latino/Spanish Origins,40,0,0.00,9.136838499743106,-9.136838499743106
781,Pottawattamie,Empanelment,Challenged For Cause (Defendant/Respondent),Hispanic/Latino/Spanish Origins,2,0,0.00,9.136838499743106,-9.136838499743106
781,Pottawattamie,Empanelment,Peremptory Strike (Plaintiff/Petitioner),American Indian/Alaskan Native,12,0,0.00,0.27080835759547867,-0.27080835759547867
781,Pottawattamie,Overall Pool,NULL,Native Hawaiian/Pacific Islander,11686,15,0.13,0.17447336872752184,-0.044473368727521834
781,Pottawattamie,Overall Pool,NULL,American Indian/Alaskan Native,11686,41,0.35,0.27080835759547867,0.07919164240452131
781,Pottawattamie,Empanelment,Not Used,American Indian/Alaskan Native,94,0,0.00,0.27080835759547867,-0.27080835759547867
781,Pottawattamie,Empanelment,Juror,American Indian/Alaskan Native,26,0,0.00,0.27080835759547867,-0.27080835759547867
781,Pottawattamie,Criminal Panel,NULL,Black/African American,193,1,0.52,1.937403665011132,-1.417403665011132
781,Pottawattamie,Empanelment,Court,American Indian/Alaskan Native,3,0,0.00,0.27080835759547867,-0.27080835759547867
781,Pottawattamie,Empanelment,Challenged For Cause (Plaintiff/Petitioner),Black/African American,4,0,0.00,1.937403665011132,-1.937403665011132
781,Pottawattamie,Empanelment,Peremptory Strike (Defendant/Respondent),American Indian/Alaskan Native,12,0,0.00,0.27080835759547867,-0.27080835759547867
781,Pottawattamie,Empanelment,Challenged For Cause (Plaintiff/Petitioner),Native Hawaiian/Pacific Islander,4,0,0.00,0.17447336872752184,-0.17447336872752184
781,Pottawattamie,Empanelment,No Result,Native Hawaiian/Pacific Islander,40,0,0.00,0.17447336872752184,-0.17447336872752184
781,Pottawattamie,Empanelment,Challenged For Cause (Defendant/Respondent),Native Hawaiian/Pacific Islander,2,0,0.00,0.17447336872752184,-0.17447336872752184
781,Pottawattamie,Empanelment,No Result,White,40,39,97.50,84.54786778557973,12.952132214420274
781,Pottawattamie,Empanelment,Peremptory Strike (Plaintiff/Petitioner),Black/African American,12,0,0.00,1.937403665011132,-1.937403665011132
781,Pottawattamie,Empanelment,Peremptory Strike (Plaintiff/Petitioner),Native Hawaiian/Pacific Islander,12,0,0.00,0.17447336872752184,-0.17447336872752184
781,Pottawattamie,Empanelment,Not Used,Native Hawaiian/Pacific Islander,94,0,0.00,0.17447336872752184,-0.17447336872752184
781,Pottawattamie,Empanelment,Juror,Native Hawaiian/Pacific Islander,26,0,0.00,0.17447336872752184,-0.17447336872752184
781,Pottawattamie,Empanelment,Court,Native Hawaiian/Pacific Islander,3,0,0.00,0.17447336872752184,-0.17447336872752184
781,Pottawattamie,Empanelment,Peremptory Strike (Defendant/Respondent),Native Hawaiian/Pacific Islander,12,0,0.00,0.17447336872752184,-0.17447336872752184
781,Pottawattamie,Criminal Panel,NULL,Native Hawaiian/Pacific Islander,193,0,0.00,0.17447336872752184,-0.17447336872752184
781,Pottawattamie,Criminal Panel,NULL,Hispanic/Latino/Spanish Origins,193,0,0.00,9.136838499743106,-9.136838499743106
781,Pottawattamie,Empanelment,Court,White,3,3,100.00,84.54786778557973,15.452132214420274
781,Pottawattamie,Empanelment,Challenged For Cause (Defendant/Respondent),White,2,1,50.00,84.54786778557973,-34.547867785579726
781,Pottawattamie,Overall Pool,NULL,Black/African American,11686,176,1.51,1.937403665011132,-0.4274036650111319
781,Pottawattamie,Empanelment,No Result,American Indian/Alaskan Native,40,0,0.00,0.27080835759547867,-0.27080835759547867
781,Pottawattamie,Empanelment,Juror,White,26,26,100.00,84.54786778557973,15.452132214420274
781,Pottawattamie,Empanelment,Not Used,Black/African American,94,1,1.06,1.937403665011132,-0.8774036650111319
781,Pottawattamie,Empanelment,Juror,Black/African American,26,0,0.00,1.937403665011132,-1.937403665011132
781,Pottawattamie,Empanelment,Court,Black/African American,3,0,0.00,1.937403665011132,-1.937403665011132
781,Pottawattamie,Empanelment,Peremptory Strike (Defendant/Respondent),Black/African American,12,0,0.00,1.937403665011132,-1.937403665011132
781,Pottawattamie,Empanelment,Not Used,White,94,87,92.55,84.54786778557973,8.002132214420271
781,Pottawattamie,Criminal Panel,NULL,Asian,193,2,1.04,0.8873522863504025,0.1526477136495975
781,Pottawattamie,Criminal Panel,NULL,White,193,183,94.82,84.54786778557973,10.272132214420267
781,Pottawattamie,Empanelment,No Result,Asian,40,0,0.00,0.8873522863504025,-0.8873522863504025
781,Pottawattamie,Empanelment,Peremptory Strike (Plaintiff/Petitioner),White,12,12,100.00,84.54786778557973,15.452132214420274
781,Pottawattamie,Empanelment,Challenged For Cause (Plaintiff/Petitioner),White,4,4,100.00,84.54786778557973,15.452132214420274
781,Pottawattamie,Empanelment,No Result,Black/African American,40,0,0.00,1.937403665011132,-1.937403665011132
781,Pottawattamie,Overall Pool,NULL,Asian,11686,82,0.70,0.8873522863504025,-0.18735228635040257
781,Pottawattamie,Empanelment,Challenged For Cause (Defendant/Respondent),Asian,2,0,0.00,0.8873522863504025,-0.8873522863504025
781,Pottawattamie,Overall Pool,NULL,Hispanic/Latino/Spanish Origins,11686,59,0.50,9.136838499743106,-8.636838499743106
781,Pottawattamie,Overall Pool,NULL,White,11686,10761,92.08,84.54786778557973,7.5321322144202725
781,Pottawattamie,Empanelment,Challenged For Cause (Defendant/Respondent),Black/African American,2,0,0.00,1.937403665011132,-1.937403665011132
781,Pottawattamie,Empanelment,Peremptory Strike (Defendant/Respondent),Asian,12,0,0.00,0.8873522863504025,-0.8873522863504025
781,Pottawattamie,Empanelment,Court,Asian,3,0,0.00,0.8873522863504025,-0.8873522863504025
781,Pottawattamie,Empanelment,Juror,Asian,26,0,0.00,0.8873522863504025,-0.8873522863504025
781,Pottawattamie,Empanelment,Not Used,Asian,94,2,2.13,0.8873522863504025,1.2426477136495975
781,Pottawattamie,Empanelment,Peremptory Strike (Plaintiff/Petitioner),Asian,12,0,0.00,0.8873522863504025,-0.8873522863504025
781,Pottawattamie,Empanelment,Challenged For Cause (Plaintiff/Petitioner),Asian,4,0,0.00,0.8873522863504025,-0.8873522863504025
781,Pottawattamie,Empanelment,Peremptory Strike (Defendant/Respondent),White,12,11,91.67,84.54786778557973,7.122132214420276
781,Pottawattamie,Criminal Panel,NULL,American Indian/Alaskan Native,193,0,0.00,0.27080835759547867,-0.27080835759547867
781,Pottawattamie,Empanelment,Challenged For Cause (Defendant/Respondent),American Indian/Alaskan Native,2,0,0.00,0.27080835759547867,-0.27080835759547867
781,Pottawattamie,Empanelment,Challenged For Cause (Plaintiff/Petitioner),American Indian/Alaskan Native,4,0,0.00,0.27080835759547867,-0.27080835759547867
781,Pottawattamie,Empanelment,Peremptory Strike (Defendant/Respondent),Hispanic/Latino/Spanish Origins,12,0,0.00,9.136838499743106,-9.136838499743106
781,Pottawattamie,Empanelment,Court,Hispanic/Latino/Spanish Origins,3,0,0.00,9.136838499743106,-9.136838499743106
791,Poweshiek,Empanelment,Challenged For Cause (Plaintiff/Petitioner),Black/African American,1,0,0.00,1.0407117821515233,-1.0407117821515233
791,Poweshiek,Empanelment,Challenged For Cause (Defendant/Respondent),Native Hawaiian/Pacific Islander,1,0,0.00,0,0
791,Poweshiek,Empanelment,No Result,Native Hawaiian/Pacific Islander,50,0,0.00,0,0
791,Poweshiek,Empanelment,Juror,Native Hawaiian/Pacific Islander,6,0,0.00,0,0
791,Poweshiek,Empanelment,Peremptory Strike (Plaintiff/Petitioner),Native Hawaiian/Pacific Islander,4,0,0.00,0,0
791,Poweshiek,Empanelment,Peremptory Strike (Defendant/Respondent),Native Hawaiian/Pacific Islander,4,0,0.00,0,0
791,Poweshiek,Empanelment,Challenged For Cause (Defendant/Respondent),Black/African American,1,0,0.00,1.0407117821515233,-1.0407117821515233
791,Poweshiek,Criminal Panel,NULL,Native Hawaiian/Pacific Islander,73,0,0.00,0,0
791,Poweshiek,Empanelment,Peremptory Strike (Defendant/Respondent),White,4,4,100.00,89.79778916149905,10.202210838500946
791,Poweshiek,Empanelment,Peremptory Strike (Plaintiff/Petitioner),White,4,4,100.00,89.79778916149905,10.202210838500946
791,Poweshiek,Empanelment,Juror,White,6,6,100.00,89.79778916149905,10.202210838500946
791,Poweshiek,Empanelment,No Result,White,50,49,98.00,89.79778916149905,8.202210838500946
791,Poweshiek,Empanelment,Challenged For Cause (Defendant/Respondent),White,1,1,100.00,89.79778916149905,10.202210838500946
791,Poweshiek,Empanelment,Not Used,White,7,7,100.00,89.79778916149905,10.202210838500946
791,Poweshiek,Empanelment,Challenged For Cause (Plaintiff/Petitioner),White,1,1,100.00,89.79778916149905,10.202210838500946
791,Poweshiek,Criminal Panel,NULL,Hispanic/Latino/Spanish Origins,73,0,0.00,3.5427338905365326,-3.5427338905365326
791,Poweshiek,Overall Pool,NULL,Hispanic/Latino/Spanish Origins,1492,0,0.00,3.5427338905365326,-3.5427338905365326
791,Poweshiek,Empanelment,Peremptory Strike (Defendant/Respondent),Black/African American,4,0,0.00,1.0407117821515233,-1.0407117821515233
791,Poweshiek,Empanelment,Peremptory Strike (Plaintiff/Petitioner),Black/African American,4,0,0.00,1.0407117821515233,-1.0407117821515233
791,Poweshiek,Criminal Panel,NULL,American Indian/Alaskan Native,73,0,0.00,0.3019681854947425,-0.3019681854947425
791,Poweshiek,Empanelment,Challenged For Cause (Plaintiff/Petitioner),American Indian/Alaskan Native,1,0,0.00,0.3019681854947425,-0.3019681854947425
791,Poweshiek,Empanelment,Not Used,American Indian/Alaskan Native,7,0,0.00,0.3019681854947425,-0.3019681854947425
791,Poweshiek,Empanelment,Challenged For Cause (Defendant/Respondent),American Indian/Alaskan Native,1,0,0.00,0.3019681854947425,-0.3019681854947425
791,Poweshiek,Empanelment,No Result,American Indian/Alaskan Native,50,0,0.00,0.3019681854947425,-0.3019681854947425
791,Poweshiek,Empanelment,Juror,American Indian/Alaskan Native,6,0,0.00,0.3019681854947425,-0.3019681854947425
791,Poweshiek,Empanelment,Peremptory Strike (Plaintiff/Petitioner),American Indian/Alaskan Native,4,0,0.00,0.3019681854947425,-0.3019681854947425
791,Poweshiek,Empanelment,Peremptory Strike (Defendant/Respondent),American Indian/Alaskan Native,4,0,0.00,0.3019681854947425,-0.3019681854947425
791,Poweshiek,Empanelment,Peremptory Strike (Plaintiff/Petitioner),Hispanic/Latino/Spanish Origins,4,0,0.00,3.5427338905365326,-3.5427338905365326
791,Poweshiek,Empanelment,Juror,Black/African American,6,0,0.00,1.0407117821515233,-1.0407117821515233
791,Poweshiek,Overall Pool,NULL,Asian,1492,17,1.14,2.0490698301428956,-0.9090698301428957
791,Poweshiek,Overall Pool,NULL,White,1492,1414,94.77,89.79778916149905,4.972210838500942
791,Poweshiek,Empanelment,No Result,Hispanic/Latino/Spanish Origins,50,0,0.00,3.5427338905365326,-3.5427338905365326
791,Poweshiek,Empanelment,Challenged For Cause (Defendant/Respondent),Hispanic/Latino/Spanish Origins,1,0,0.00,3.5427338905365326,-3.5427338905365326
791,Poweshiek,Empanelment,Not Used,Hispanic/Latino/Spanish Origins,7,0,0.00,3.5427338905365326,-3.5427338905365326
791,Poweshiek,Empanelment,Challenged For Cause (Plaintiff/Petitioner),Hispanic/Latino/Spanish Origins,1,0,0.00,3.5427338905365326,-3.5427338905365326
791,Poweshiek,Empanelment,Peremptory Strike (Defendant/Respondent),Hispanic/Latino/Spanish Origins,4,0,0.00,3.5427338905365326,-3.5427338905365326
791,Poweshiek,Overall Pool,NULL,American Indian/Alaskan Native,1492,3,0.20,0.3019681854947425,-0.10196818549474251
791,Poweshiek,Criminal Panel,NULL,Black/African American,73,0,0.00,1.0407117821515233,-1.0407117821515233
791,Poweshiek,Overall Pool,NULL,Native Hawaiian/Pacific Islander,1492,0,0.00,0,0
791,Poweshiek,Empanelment,No Result,Black/African American,50,0,0.00,1.0407117821515233,-1.0407117821515233
791,Poweshiek,Empanelment,Challenged For Cause (Plaintiff/Petitioner),Native Hawaiian/Pacific Islander,1,0,0.00,0,0
791,Poweshiek,Empanelment,Not Used,Native Hawaiian/Pacific Islander,7,0,0.00,0,0
791,Poweshiek,Empanelment,Juror,Hispanic/Latino/Spanish Origins,6,0,0.00,3.5427338905365326,-3.5427338905365326
791,Poweshiek,Overall Pool,NULL,Black/African American,1492,10,0.67,1.0407117821515233,-0.37071178215152323
791,Poweshiek,Criminal Panel,NULL,White,73,72,98.63,89.79778916149905,8.832210838500941
791,Poweshiek,Criminal Panel,NULL,Asian,73,0,0.00,2.0490698301428956,-2.0490698301428956
791,Poweshiek,Empanelment,Not Used,Black/African American,7,0,0.00,1.0407117821515233,-1.0407117821515233
791,Poweshiek,Empanelment,Peremptory Strike (Defendant/Respondent),Asian,4,0,0.00,2.0490698301428956,-2.0490698301428956
791,Poweshiek,Empanelment,Peremptory Strike (Plaintiff/Petitioner),Asian,4,0,0.00,2.0490698301428956,-2.0490698301428956
791,Poweshiek,Empanelment,Juror,Asian,6,0,0.00,2.0490698301428956,-2.0490698301428956
791,Poweshiek,Empanelment,No Result,Asian,50,0,0.00,2.0490698301428956,-2.0490698301428956
791,Poweshiek,Empanelment,Challenged For Cause (Defendant/Respondent),Asian,1,0,0.00,2.0490698301428956,-2.0490698301428956
791,Poweshiek,Empanelment,Not Used,Asian,7,0,0.00,2.0490698301428956,-2.0490698301428956
791,Poweshiek,Empanelment,Challenged For Cause (Plaintiff/Petitioner),Asian,1,0,0.00,2.0490698301428956,-2.0490698301428956
801,Ringgold,Overall Pool,NULL,White,544,531,97.61,94.66092572658773,2.949074273412265
801,Ringgold,Overall Pool,NULL,Black/African American,544,0,0.00,0.38751345532831,-0.38751345532831
801,Ringgold,Overall Pool,NULL,Hispanic/Latino/Spanish Origins,544,0,0.00,2.1528525296017222,-2.1528525296017222
801,Ringgold,Overall Pool,NULL,Native Hawaiian/Pacific Islander,544,2,0.37,0,0.37
801,Ringgold,Overall Pool,NULL,American Indian/Alaskan Native,544,0,0.00,0.3444564047362756,-0.3444564047362756
801,Ringgold,Overall Pool,NULL,Asian,544,2,0.37,0,0.37
811,Sac,Overall Pool,NULL,American Indian/Alaskan Native,745,0,0.00,0.08256786046031583,-0.08256786046031583
811,Sac,Overall Pool,NULL,Hispanic/Latino/Spanish Origins,745,0,0.00,4.3554546392816595,-4.3554546392816595
811,Sac,Overall Pool,NULL,White,745,718,96.38,91.84642377954381,4.533576220456183
811,Sac,Overall Pool,NULL,Asian,745,8,1.07,0.6502219011249871,0.41977809887501294
811,Sac,Overall Pool,NULL,Black/African American,745,2,0.27,0.5057281453194344,-0.23572814531943442
811,Sac,Overall Pool,NULL,Native Hawaiian/Pacific Islander,745,1,0.13,0.17545670347817113,-0.04545670347817113
821,Scott,Overall Pool,NULL,White,21066,17481,82.98,77.02854393842206,5.951456061577943
821,Scott,Empanelment,Challenged For Cause (Plaintiff/Petitioner),Black/African American,114,4,3.51,7.225900302391643,-3.715900302391643
821,Scott,Empanelment,Peremptory Strike (Defendant/Respondent),Hispanic/Latino/Spanish Origins,399,0,0.00,7.389123064235316,-7.389123064235316
821,Scott,Empanelment,Challenged For Cause (Defendant/Respondent),Hispanic/Latino/Spanish Origins,95,0,0.00,7.389123064235316,-7.389123064235316
821,Scott,Empanelment,No Result,Hispanic/Latino/Spanish Origins,2512,3,0.12,7.389123064235316,-7.269123064235316
821,Scott,Empanelment,Challenged For Cause (Defendant/Respondent),White,95,84,88.42,77.02854393842206,11.39145606157794
821,Scott,Criminal Panel,NULL,American Indian/Alaskan Native,5916,17,0.29,0.19014019976175203,0.09985980023824795
821,Scott,Empanelment,Court,American Indian/Alaskan Native,226,0,0.00,0.19014019976175203,-0.19014019976175203
821,Scott,Empanelment,No Result,American Indian/Alaskan Native,2512,0,0.00,0.19014019976175203,-0.19014019976175203
821,Scott,Empanelment,Challenged For Cause (Defendant/Respondent),American Indian/Alaskan Native,95,0,0.00,0.19014019976175203,-0.19014019976175203
821,Scott,Empanelment,Peremptory Strike (Defendant/Respondent),American Indian/Alaskan Native,399,0,0.00,0.19014019976175203,-0.19014019976175203
821,Scott,Empanelment,Alternate,American Indian/Alaskan Native,2,0,0.00,0.19014019976175203,-0.19014019976175203
821,Scott,Empanelment,Peremptory Strike (Plaintiff/Petitioner),American Indian/Alaskan Native,387,0,0.00,0.19014019976175203,-0.19014019976175203
821,Scott,Empanelment,Juror,Black/African American,770,43,5.58,7.225900302391643,-1.6459003023916425
821,Scott,Empanelment,Not Used,White,1430,1275,89.16,77.02854393842206,12.131456061577936
821,Scott,Overall Pool,NULL,Asian,21066,633,3.00,2.859548245212132,0.14045175478786787
821,Scott,Empanelment,Challenged For Cause (Plaintiff/Petitioner),White,114,102,89.47,77.02854393842206,12.441456061577938
821,Scott,Empanelment,Peremptory Strike (Defendant/Respondent),Asian,399,4,1.00,2.859548245212132,-1.8595482452121321
821,Scott,Empanelment,Alternate,Asian,2,0,0.00,2.859548245212132,-2.859548245212132
821,Scott,Empanelment,Court,Native Hawaiian/Pacific Islander,226,1,0.44,0.05268945294602767,0.38731054705397233
821,Scott,Empanelment,No Result,Native Hawaiian/Pacific Islander,2512,1,0.04,0.05268945294602767,-0.01268945294602767
821,Scott,Empanelment,Juror,American Indian/Alaskan Native,770,0,0.00,0.19014019976175203,-0.19014019976175203
821,Scott,Empanelment,Peremptory Strike (Plaintiff/Petitioner),Asian,387,4,1.03,2.859548245212132,-1.829548245212132
821,Scott,Empanelment,Peremptory Strike (Plaintiff/Petitioner),Black/African American,387,28,7.24,7.225900302391643,0.014099697608357609
821,Scott,Empanelment,Challenged For Cause (Plaintiff/Petitioner),American Indian/Alaskan Native,114,0,0.00,0.19014019976175203,-0.19014019976175203
821,Scott,Empanelment,Not Used,American Indian/Alaskan Native,1430,0,0.00,0.19014019976175203,-0.19014019976175203
821,Scott,Empanelment,Challenged For Cause (Defendant/Respondent),Native Hawaiian/Pacific Islander,95,0,0.00,0.05268945294602767,-0.05268945294602767
821,Scott,Empanelment,Peremptory Strike (Defendant/Respondent),Native Hawaiian/Pacific Islander,399,1,0.25,0.05268945294602767,0.19731054705397233
821,Scott,Empanelment,Alternate,Native Hawaiian/Pacific Islander,2,0,0.00,0.05268945294602767,-0.05268945294602767
821,Scott,Empanelment,Peremptory Strike (Plaintiff/Petitioner),Native Hawaiian/Pacific Islander,387,1,0.26,0.05268945294602767,0.20731054705397234
821,Scott,Empanelment,Juror,Native Hawaiian/Pacific Islander,770,1,0.13,0.05268945294602767,0.07731054705397233
821,Scott,Empanelment,Juror,Asian,770,14,1.82,2.859548245212132,-1.039548245212132
821,Scott,Empanelment,Court,Asian,226,6,2.65,2.859548245212132,-0.20954824521213222
821,Scott,Empanelment,No Result,Asian,2512,49,1.95,2.859548245212132,-0.9095482452121322
821,Scott,Empanelment,Challenged For Cause (Defendant/Respondent),Asian,95,2,2.11,2.859548245212132,-0.7495482452121323
821,Scott,Empanelment,Alternate,Black/African American,2,1,50.00,7.225900302391643,42.77409969760836
821,Scott,Empanelment,Juror,White,770,668,86.75,77.02854393842206,9.721456061577939
821,Scott,Empanelment,Peremptory Strike (Plaintiff/Petitioner),Hispanic/Latino/Spanish Origins,387,0,0.00,7.389123064235316,-7.389123064235316
821,Scott,Empanelment,Peremptory Strike (Plaintiff/Petitioner),White,387,341,88.11,77.02854393842206,11.081456061577938
821,Scott,Criminal Panel,NULL,White,5916,5242,88.61,77.02854393842206,11.581456061577938
821,Scott,Criminal Panel,NULL,Native Hawaiian/Pacific Islander,5916,7,0.12,0.05268945294602767,0.06731054705397232
821,Scott,Overall Pool,NULL,Native Hawaiian/Pacific Islander,21066,23,0.11,0.05268945294602767,0.05731054705397233
821,Scott,Empanelment,Alternate,Hispanic/Latino/Spanish Origins,2,0,0.00,7.389123064235316,-7.389123064235316
821,Scott,Empanelment,Challenged For Cause (Defendant/Respondent),Black/African American,95,4,4.21,7.225900302391643,-3.0159003023916426
821,Scott,Empanelment,No Result,Black/African American,2512,130,5.18,7.225900302391643,-2.045900302391643
821,Scott,Empanelment,Court,Black/African American,226,18,7.96,7.225900302391643,0.7340996976083574
821,Scott,Empanelment,Court,Hispanic/Latino/Spanish Origins,226,0,0.00,7.389123064235316,-7.389123064235316
821,Scott,Empanelment,Alternate,White,2,1,50.00,77.02854393842206,-27.02854393842206
821,Scott,Empanelment,Peremptory Strike (Defendant/Respondent),White,399,367,91.98,77.02854393842206,14.951456061577943
821,Scott,Empanelment,Challenged For Cause (Plaintiff/Petitioner),Asian,114,4,3.51,2.859548245212132,0.6504517547878677
821,Scott,Empanelment,Not Used,Hispanic/Latino/Spanish Origins,1430,1,0.07,7.389123064235316,-7.319123064235316
821,Scott,Empanelment,Challenged For Cause (Plaintiff/Petitioner),Hispanic/Latino/Spanish Origins,114,0,0.00,7.389123064235316,-7.389123064235316
821,Scott,Empanelment,Juror,Hispanic/Latino/Spanish Origins,770,0,0.00,7.389123064235316,-7.389123064235316
821,Scott,Empanelment,Peremptory Strike (Defendant/Respondent),Black/African American,399,12,3.01,7.225900302391643,-4.215900302391643
821,Scott,Overall Pool,NULL,Black/African American,21066,1704,8.09,7.225900302391643,0.8640996976083573
821,Scott,Empanelment,Challenged For Cause (Plaintiff/Petitioner),Native Hawaiian/Pacific Islander,114,0,0.00,0.05268945294602767,-0.05268945294602767
821,Scott,Overall Pool,NULL,American Indian/Alaskan Native,21066,97,0.46,0.19014019976175203,0.26985980023824796
821,Scott,Empanelment,Not Used,Native Hawaiian/Pacific Islander,1430,2,0.14,0.05268945294602767,0.08731054705397234
821,Scott,Criminal Panel,NULL,Black/African American,5916,305,5.16,7.225900302391643,-2.0659003023916425
821,Scott,Empanelment,Not Used,Asian,1430,16,1.12,2.859548245212132,-1.739548245212132
821,Scott,Empanelment,Not Used,Black/African American,1430,65,4.55,7.225900302391643,-2.675900302391643
821,Scott,Overall Pool,NULL,Hispanic/Latino/Spanish Origins,21066,86,0.41,7.389123064235316,-6.979123064235316
821,Scott,Empanelment,No Result,White,2512,2218,88.30,77.02854393842206,11.271456061577936
821,Scott,Empanelment,Court,White,226,186,82.30,77.02854393842206,5.271456061577936
821,Scott,Criminal Panel,NULL,Asian,5916,99,1.67,2.859548245212132,-1.1895482452121322
821,Scott,Criminal Panel,NULL,Hispanic/Latino/Spanish Origins,5916,4,0.07,7.389123064235316,-7.319123064235316
831,Shelby,Overall Pool,NULL,Black/African American,1182,5,0.42,0.3141450161317711,0.10585498386822889
831,Shelby,Overall Pool,NULL,Native Hawaiian/Pacific Islander,1182,0,0.00,0,0
831,Shelby,Overall Pool,NULL,Asian,1182,1,0.08,0.47546272711835624,-0.3954627271183562
831,Shelby,Overall Pool,NULL,White,1182,1145,96.87,91.280353200883,5.589646799117006
831,Shelby,Overall Pool,NULL,American Indian/Alaskan Native,1182,1,0.08,0.8575309899813212,-0.7775309899813212
831,Shelby,Overall Pool,NULL,Hispanic/Latino/Spanish Origins,1182,1,0.08,4.398030225844796,-4.318030225844796
841,Sioux,Empanelment,Peremptory Strike (Plaintiff/Petitioner),Black/African American,12,0,0.00,0.5909643212194853,-0.5909643212194853
841,Sioux,Empanelment,Alternate,Black/African American,3,0,0.00,0.5909643212194853,-0.5909643212194853
841,Sioux,Empanelment,Not Used,Asian,131,2,1.53,0.5440185573842925,0.9859814426157075
841,Sioux,Empanelment,Alternate,Asian,3,0,0.00,0.5440185573842925,-0.5440185573842925
841,Sioux,Criminal Panel,NULL,Native Hawaiian/Pacific Islander,182,1,0.55,0.016569093118303322,0.5334309068816967
841,Sioux,Criminal Panel,NULL,American Indian/Alaskan Native,182,0,0.00,0.3589970175632387,-0.3589970175632387
841,Sioux,Criminal Panel,NULL,Hispanic/Latino/Spanish Origins,182,0,0.00,14.340550093891528,-14.340550093891528
841,Sioux,Overall Pool,NULL,Black/African American,2335,11,0.47,0.5909643212194853,-0.1209643212194853
841,Sioux,Criminal Panel,NULL,Asian,182,2,1.10,0.5440185573842925,0.5559814426157076
841,Sioux,Empanelment,Peremptory Strike (Plaintiff/Petitioner),Asian,12,0,0.00,0.5440185573842925,-0.5440185573842925
841,Sioux,Empanelment,Peremptory Strike (Defendant/Respondent),Asian,12,0,0.00,0.5440185573842925,-0.5440185573842925
841,Sioux,Empanelment,Juror,Asian,24,0,0.00,0.5440185573842925,-0.5440185573842925
841,Sioux,Overall Pool,NULL,Native Hawaiian/Pacific Islander,2335,1,0.04,0.016569093118303322,0.02343090688169668
841,Sioux,Empanelment,Alternate,Hispanic/Latino/Spanish Origins,3,0,0.00,14.340550093891528,-14.340550093891528
841,Sioux,Criminal Panel,NULL,White,182,176,96.70,82.79575831216171,13.904241687838294
841,Sioux,Empanelment,Peremptory Strike (Plaintiff/Petitioner),Hispanic/Latino/Spanish Origins,12,0,0.00,14.340550093891528,-14.340550093891528
841,Sioux,Empanelment,Not Used,Hispanic/Latino/Spanish Origins,131,0,0.00,14.340550093891528,-14.340550093891528
841,Sioux,Overall Pool,NULL,American Indian/Alaskan Native,2335,4,0.17,0.3589970175632387,-0.1889970175632387
841,Sioux,Empanelment,Peremptory Strike (Defendant/Respondent),Hispanic/Latino/Spanish Origins,12,0,0.00,14.340550093891528,-14.340550093891528
841,Sioux,Criminal Panel,NULL,Black/African American,182,0,0.00,0.5909643212194853,-0.5909643212194853
841,Sioux,Empanelment,Juror,White,24,24,100.00,82.79575831216171,17.20424168783829
841,Sioux,Empanelment,Peremptory Strike (Defendant/Respondent),White,12,12,100.00,82.79575831216171,17.20424168783829
841,Sioux,Empanelment,Peremptory Strike (Plaintiff/Petitioner),White,12,11,91.67,82.79575831216171,8.874241687838293
841,Sioux,Empanelment,Not Used,White,131,126,96.18,82.79575831216171,13.384241687838298
841,Sioux,Empanelment,Alternate,White,3,3,100.00,82.79575831216171,17.20424168783829
841,Sioux,Overall Pool,NULL,Hispanic/Latino/Spanish Origins,2335,11,0.47,14.340550093891528,-13.870550093891527
841,Sioux,Empanelment,Alternate,Native Hawaiian/Pacific Islander,3,0,0.00,0.016569093118303322,-0.016569093118303322
841,Sioux,Empanelment,Not Used,Native Hawaiian/Pacific Islander,131,1,0.76,0.016569093118303322,0.7434309068816967
841,Sioux,Empanelment,Peremptory Strike (Plaintiff/Petitioner),Native Hawaiian/Pacific Islander,12,0,0.00,0.016569093118303322,-0.016569093118303322
841,Sioux,Empanelment,Peremptory Strike (Defendant/Respondent),Native Hawaiian/Pacific Islander,12,0,0.00,0.016569093118303322,-0.016569093118303322
841,Sioux,Empanelment,Juror,Native Hawaiian/Pacific Islander,24,0,0.00,0.016569093118303322,-0.016569093118303322
841,Sioux,Empanelment,Alternate,American Indian/Alaskan Native,3,0,0.00,0.3589970175632387,-0.3589970175632387
841,Sioux,Empanelment,Not Used,American Indian/Alaskan Native,131,0,0.00,0.3589970175632387,-0.3589970175632387
841,Sioux,Empanelment,Peremptory Strike (Plaintiff/Petitioner),American Indian/Alaskan Native,12,0,0.00,0.3589970175632387,-0.3589970175632387
841,Sioux,Empanelment,Peremptory Strike (Defendant/Respondent),American Indian/Alaskan Native,12,0,0.00,0.3589970175632387,-0.3589970175632387
841,Sioux,Empanelment,Juror,American Indian/Alaskan Native,24,0,0.00,0.3589970175632387,-0.3589970175632387
841,Sioux,Overall Pool,NULL,Asian,2335,20,0.86,0.5440185573842925,0.3159814426157075
841,Sioux,Empanelment,Juror,Hispanic/Latino/Spanish Origins,24,0,0.00,14.340550093891528,-14.340550093891528
841,Sioux,Empanelment,Juror,Black/African American,24,0,0.00,0.5909643212194853,-0.5909643212194853
841,Sioux,Empanelment,Peremptory Strike (Defendant/Respondent),Black/African American,12,0,0.00,0.5909643212194853,-0.5909643212194853
841,Sioux,Overall Pool,NULL,White,2335,2197,94.09,82.79575831216171,11.294241687838294
841,Sioux,Empanelment,Not Used,Black/African American,131,0,0.00,0.5909643212194853,-0.5909643212194853
851,Story,Empanelment,Court,Native Hawaiian/Pacific Islander,57,0,0.00,0.10948977763621523,-0.10948977763621523
851,Story,Empanelment,Alternate,Native Hawaiian/Pacific Islander,11,0,0.00,0.10948977763621523,-0.10948977763621523
851,Story,Empanelment,Not Used,Native Hawaiian/Pacific Islander,268,0,0.00,0.10948977763621523,-0.10948977763621523
851,Story,Empanelment,Peremptory Strike (Defendant/Respondent),Asian,76,1,1.32,6.610196484382776,-5.290196484382776
851,Story,Overall Pool,NULL,Native Hawaiian/Pacific Islander,8614,10,0.12,0.10948977763621523,0.010510222363784766
851,Story,Criminal Panel,NULL,White,718,664,92.48,80.98361634781917,11.496383652180839
851,Story,Empanelment,Juror,Asian,168,2,1.19,6.610196484382776,-5.420196484382776
851,Story,Empanelment,Juror,Native Hawaiian/Pacific Islander,168,0,0.00,0.10948977763621523,-0.10948977763621523
851,Story,Overall Pool,NULL,Hispanic/Latino/Spanish Origins,8614,17,0.20,5.159954611510361,-4.959954611510361
851,Story,Empanelment,Peremptory Strike (Defendant/Respondent),Native Hawaiian/Pacific Islander,76,0,0.00,0.10948977763621523,-0.10948977763621523
851,Story,Empanelment,No Result,Asian,62,3,4.84,6.610196484382776,-1.770196484382776
851,Story,Criminal Panel,NULL,Native Hawaiian/Pacific Islander,718,1,0.14,0.10948977763621523,0.030510222363784784
851,Story,Empanelment,Not Used,American Indian/Alaskan Native,268,0,0.00,0.462843150916728,-0.462843150916728
851,Story,Empanelment,Alternate,American Indian/Alaskan Native,11,0,0.00,0.462843150916728,-0.462843150916728
851,Story,Empanelment,Peremptory Strike (Plaintiff/Petitioner),American Indian/Alaskan Native,76,0,0.00,0.462843150916728,-0.462843150916728
851,Story,Empanelment,Court,American Indian/Alaskan Native,57,0,0.00,0.462843150916728,-0.462843150916728
851,Story,Empanelment,No Result,American Indian/Alaskan Native,62,0,0.00,0.462843150916728,-0.462843150916728
851,Story,Overall Pool,NULL,American Indian/Alaskan Native,8614,17,0.20,0.462843150916728,-0.262843150916728
851,Story,Criminal Panel,NULL,Black/African American,718,9,1.25,2.7830310751896166,-1.5330310751896166
851,Story,Empanelment,Court,Asian,57,3,5.26,6.610196484382776,-1.350196484382776
851,Story,Empanelment,Juror,American Indian/Alaskan Native,168,0,0.00,0.462843150916728,-0.462843150916728
851,Story,Empanelment,Peremptory Strike (Defendant/Respondent),White,76,74,97.37,80.98361634781917,16.38638365218084
851,Story,Empanelment,Juror,White,168,159,94.64,80.98361634781917,13.656383652180835
851,Story,Empanelment,No Result,White,62,57,91.94,80.98361634781917,10.956383652180833
851,Story,Empanelment,Court,White,57,51,89.47,80.98361634781917,8.486383652180834
851,Story,Empanelment,Peremptory Strike (Plaintiff/Petitioner),White,76,63,82.89,80.98361634781917,1.9063836521808355
851,Story,Empanelment,Alternate,White,11,9,81.82,80.98361634781917,0.8363836521808281
851,Story,Empanelment,Not Used,White,268,251,93.66,80.98361634781917,12.676383652180832
851,Story,Empanelment,Peremptory Strike (Defendant/Respondent),American Indian/Alaskan Native,76,0,0.00,0.462843150916728,-0.462843150916728
851,Story,Overall Pool,NULL,Asian,8614,421,4.89,6.610196484382776,-1.7201964843827762
851,Story,Overall Pool,NULL,White,8614,7670,89.04,80.98361634781917,8.056383652180841
851,Story,Empanelment,Peremptory Strike (Defendant/Respondent),Black/African American,76,0,0.00,2.7830310751896166,-2.7830310751896166
851,Story,Empanelment,Peremptory Strike (Plaintiff/Petitioner),Asian,76,3,3.95,6.610196484382776,-2.6601964843827757
851,Story,Criminal Panel,NULL,American Indian/Alaskan Native,718,1,0.14,0.462843150916728,-0.322843150916728
851,Story,Empanelment,Juror,Black/African American,168,3,1.79,2.7830310751896166,-0.9930310751896165
851,Story,Criminal Panel,NULL,Hispanic/Latino/Spanish Origins,718,1,0.14,5.159954611510361,-5.019954611510362
851,Story,Empanelment,Alternate,Asian,11,1,9.09,6.610196484382776,2.479803515617224
851,Story,Empanelment,No Result,Black/African American,62,1,1.61,2.7830310751896166,-1.1730310751896165
851,Story,Overall Pool,NULL,Black/African American,8614,186,2.16,2.7830310751896166,-0.6230310751896164
851,Story,Criminal Panel,NULL,Asian,718,23,3.20,6.610196484382776,-3.4101964843827757
851,Story,Empanelment,Not Used,Asian,268,10,3.73,6.610196484382776,-2.880196484382776
851,Story,Empanelment,Not Used,Black/African American,268,2,0.75,2.7830310751896166,-2.0330310751896166
851,Story,Empanelment,Alternate,Black/African American,11,0,0.00,2.7830310751896166,-2.7830310751896166
851,Story,Empanelment,Peremptory Strike (Plaintiff/Petitioner),Black/African American,76,2,2.63,2.7830310751896166,-0.15303107518961667
851,Story,Empanelment,Court,Black/African American,57,1,1.75,2.7830310751896166,-1.0330310751896166
851,Story,Empanelment,Not Used,Hispanic/Latino/Spanish Origins,268,1,0.37,5.159954611510361,-4.789954611510361
851,Story,Empanelment,Alternate,Hispanic/Latino/Spanish Origins,11,0,0.00,5.159954611510361,-5.159954611510361
851,Story,Empanelment,Peremptory Strike (Plaintiff/Petitioner),Hispanic/Latino/Spanish Origins,76,0,0.00,5.159954611510361,-5.159954611510361
851,Story,Empanelment,Court,Hispanic/Latino/Spanish Origins,57,0,0.00,5.159954611510361,-5.159954611510361
851,Story,Empanelment,No Result,Hispanic/Latino/Spanish Origins,62,0,0.00,5.159954611510361,-5.159954611510361
851,Story,Empanelment,Juror,Hispanic/Latino/Spanish Origins,168,0,0.00,5.159954611510361,-5.159954611510361
851,Story,Empanelment,Peremptory Strike (Defendant/Respondent),Hispanic/Latino/Spanish Origins,76,0,0.00,5.159954611510361,-5.159954611510361
851,Story,Empanelment,No Result,Native Hawaiian/Pacific Islander,62,0,0.00,0.10948977763621523,-0.10948977763621523
851,Story,Empanelment,Peremptory Strike (Plaintiff/Petitioner),Native Hawaiian/Pacific Islander,76,1,1.32,0.10948977763621523,1.210510222363785
861,Tama,Criminal Panel,NULL,White,297,267,89.90,78.37325112639317,11.526748873606834
861,Tama,Empanelment,Challenged For Cause (Plaintiff/Petitioner),Asian,1,0,0.00,0.6876926725160066,-0.6876926725160066
861,Tama,Empanelment,Peremptory Strike (Defendant/Respondent),Asian,23,0,0.00,0.6876926725160066,-0.6876926725160066
861,Tama,Empanelment,No Result,Asian,150,0,0.00,0.6876926725160066,-0.6876926725160066
861,Tama,Criminal Panel,NULL,Asian,297,0,0.00,0.6876926725160066,-0.6876926725160066
861,Tama,Criminal Panel,NULL,Hispanic/Latino/Spanish Origins,297,0,0.00,11.667061892340525,-11.667061892340525
861,Tama,Criminal Panel,NULL,American Indian/Alaskan Native,297,16,5.39,6.10030827602561,-0.7103082760256108
861,Tama,Criminal Panel,NULL,Black/African American,297,1,0.34,1.227175717334598,-0.887175717334598
861,Tama,Criminal Panel,NULL,Native Hawaiian/Pacific Islander,297,2,0.67,0.03557031064737966,0.6344296893526203
861,Tama,Empanelment,Peremptory Strike (Plaintiff/Petitioner),Asian,23,0,0.00,0.6876926725160066,-0.6876926725160066
861,Tama,Empanelment,Court,Native Hawaiian/Pacific Islander,12,1,8.33,0.03557031064737966,8.29442968935262
861,Tama,Empanelment,Juror,Native Hawaiian/Pacific Islander,53,0,0.00,0.03557031064737966,-0.03557031064737966
861,Tama,Overall Pool,NULL,Native Hawaiian/Pacific Islander,1675,4,0.24,0.03557031064737966,0.20442968935262035
861,Tama,Empanelment,Not Used,Native Hawaiian/Pacific Islander,34,1,2.94,0.03557031064737966,2.9044296893526202
861,Tama,Empanelment,Challenged For Cause (Defendant/Respondent),Native Hawaiian/Pacific Islander,1,0,0.00,0.03557031064737966,-0.03557031064737966
861,Tama,Empanelment,Peremptory Strike (Plaintiff/Petitioner),Native Hawaiian/Pacific Islander,23,0,0.00,0.03557031064737966,-0.03557031064737966
861,Tama,Empanelment,Challenged For Cause (Plaintiff/Petitioner),Native Hawaiian/Pacific Islander,1,0,0.00,0.03557031064737966,-0.03557031064737966
861,Tama,Empanelment,Peremptory Strike (Defendant/Respondent),Native Hawaiian/Pacific Islander,23,0,0.00,0.03557031064737966,-0.03557031064737966
861,Tama,Empanelment,No Result,Native Hawaiian/Pacific Islander,150,0,0.00,0.03557031064737966,-0.03557031064737966
861,Tama,Overall Pool,NULL,American Indian/Alaskan Native,1675,110,6.57,6.10030827602561,0.46969172397438985
861,Tama,Empanelment,Court,White,12,9,75.00,78.37325112639317,-3.3732511263931713
861,Tama,Empanelment,Juror,White,53,50,94.34,78.37325112639317,15.966748873606832
861,Tama,Empanelment,Not Used,White,34,30,88.24,78.37325112639317,9.866748873606824
861,Tama,Empanelment,Challenged For Cause (Defendant/Respondent),White,1,1,100.00,78.37325112639317,21.62674887360683
861,Tama,Empanelment,Peremptory Strike (Plaintiff/Petitioner),White,23,17,73.91,78.37325112639317,-4.463251126393175
861,Tama,Empanelment,Challenged For Cause (Plaintiff/Petitioner),White,1,1,100.00,78.37325112639317,21.62674887360683
861,Tama,Overall Pool,NULL,Asian,1675,6,0.36,0.6876926725160066,-0.32769267251600664
861,Tama,Empanelment,Peremptory Strike (Defendant/Respondent),White,23,22,95.65,78.37325112639317,17.276748873606834
861,Tama,Empanelment,No Result,White,150,137,91.33,78.37325112639317,12.956748873606827
861,Tama,Empanelment,No Result,Hispanic/Latino/Spanish Origins,150,0,0.00,11.667061892340525,-11.667061892340525
861,Tama,Empanelment,Peremptory Strike (Defendant/Respondent),Hispanic/Latino/Spanish Origins,23,0,0.00,11.667061892340525,-11.667061892340525
861,Tama,Empanelment,Challenged For Cause (Plaintiff/Petitioner),Hispanic/Latino/Spanish Origins,1,0,0.00,11.667061892340525,-11.667061892340525
861,Tama,Empanelment,Peremptory Strike (Plaintiff/Petitioner),Hispanic/Latino/Spanish Origins,23,0,0.00,11.667061892340525,-11.667061892340525
861,Tama,Empanelment,Challenged For Cause (Defendant/Respondent),Hispanic/Latino/Spanish Origins,1,0,0.00,11.667061892340525,-11.667061892340525
861,Tama,Empanelment,Not Used,Hispanic/Latino/Spanish Origins,34,0,0.00,11.667061892340525,-11.667061892340525
861,Tama,Empanelment,Juror,Hispanic/Latino/Spanish Origins,53,0,0.00,11.667061892340525,-11.667061892340525
861,Tama,Empanelment,Court,Hispanic/Latino/Spanish Origins,12,0,0.00,11.667061892340525,-11.667061892340525
861,Tama,Empanelment,Court,American Indian/Alaskan Native,12,0,0.00,6.10030827602561,-6.10030827602561
861,Tama,Empanelment,Juror,American Indian/Alaskan Native,53,0,0.00,6.10030827602561,-6.10030827602561
861,Tama,Empanelment,Not Used,American Indian/Alaskan Native,34,0,0.00,6.10030827602561,-6.10030827602561
861,Tama,Empanelment,Challenged For Cause (Defendant/Respondent),American Indian/Alaskan Native,1,0,0.00,6.10030827602561,-6.10030827602561
861,Tama,Empanelment,Peremptory Strike (Plaintiff/Petitioner),American Indian/Alaskan Native,23,0,0.00,6.10030827602561,-6.10030827602561
861,Tama,Empanelment,Challenged For Cause (Plaintiff/Petitioner),American Indian/Alaskan Native,1,0,0.00,6.10030827602561,-6.10030827602561
861,Tama,Empanelment,Peremptory Strike (Defendant/Respondent),American Indian/Alaskan Native,23,0,0.00,6.10030827602561,-6.10030827602561
861,Tama,Empanelment,No Result,American Indian/Alaskan Native,150,0,0.00,6.10030827602561,-6.10030827602561
861,Tama,Overall Pool,NULL,Hispanic/Latino/Spanish Origins,1675,20,1.19,11.667061892340525,-10.477061892340526
861,Tama,Overall Pool,NULL,Black/African American,1675,11,0.66,1.227175717334598,-0.567175717334598
861,Tama,Empanelment,Court,Black/African American,12,0,0.00,1.227175717334598,-1.227175717334598
861,Tama,Empanelment,Juror,Black/African American,53,0,0.00,1.227175717334598,-1.227175717334598
861,Tama,Empanelment,Not Used,Black/African American,34,0,0.00,1.227175717334598,-1.227175717334598
861,Tama,Empanelment,Challenged For Cause (Defendant/Respondent),Black/African American,1,0,0.00,1.227175717334598,-1.227175717334598
861,Tama,Empanelment,Peremptory Strike (Plaintiff/Petitioner),Black/African American,23,1,4.35,1.227175717334598,3.122824282665402
861,Tama,Empanelment,Challenged For Cause (Plaintiff/Petitioner),Black/African American,1,0,0.00,1.227175717334598,-1.227175717334598
861,Tama,Empanelment,Peremptory Strike (Defendant/Respondent),Black/African American,23,0,0.00,1.227175717334598,-1.227175717334598
861,Tama,Empanelment,No Result,Black/African American,150,0,0.00,1.227175717334598,-1.227175717334598
861,Tama,Overall Pool,NULL,White,1675,1473,87.94,78.37325112639317,9.566748873606826
861,Tama,Empanelment,Court,Asian,12,0,0.00,0.6876926725160066,-0.6876926725160066
861,Tama,Empanelment,Juror,Asian,53,0,0.00,0.6876926725160066,-0.6876926725160066
861,Tama,Empanelment,Not Used,Asian,34,0,0.00,0.6876926725160066,-0.6876926725160066
861,Tama,Empanelment,Challenged For Cause (Defendant/Respondent),Asian,1,0,0.00,0.6876926725160066,-0.6876926725160066
871,Taylor,Empanelment,Juror,Black/African American,13,0,0.00,0.17041581458759372,-0.17041581458759372
871,Taylor,Empanelment,Peremptory Strike (Defendant/Respondent),Native Hawaiian/Pacific Islander,11,0,0.00,0,0
871,Taylor,Empanelment,Juror,Native Hawaiian/Pacific Islander,13,0,0.00,0,0
871,Taylor,Empanelment,Not Used,Native Hawaiian/Pacific Islander,34,1,2.94,0,2.94
871,Taylor,Empanelment,Not Used,Black/African American,34,0,0.00,0.17041581458759372,-0.17041581458759372
871,Taylor,Overall Pool,NULL,American Indian/Alaskan Native,634,1,0.16,0.3067484662576687,-0.1467484662576687
871,Taylor,Criminal Panel,NULL,Native Hawaiian/Pacific Islander,69,1,1.45,0,1.45
871,Taylor,Empanelment,Peremptory Strike (Plaintiff/Petitioner),Native Hawaiian/Pacific Islander,11,0,0.00,0,0
871,Taylor,Empanelment,Peremptory Strike (Plaintiff/Petitioner),Black/African American,11,0,0.00,0.17041581458759372,-0.17041581458759372
871,Taylor,Criminal Panel,NULL,American Indian/Alaskan Native,69,0,0.00,0.3067484662576687,-0.3067484662576687
871,Taylor,Empanelment,Peremptory Strike (Defendant/Respondent),Hispanic/Latino/Spanish Origins,11,0,0.00,8.11179277436946,-8.11179277436946
871,Taylor,Empanelment,Juror,Hispanic/Latino/Spanish Origins,13,0,0.00,8.11179277436946,-8.11179277436946
871,Taylor,Overall Pool,NULL,Hispanic/Latino/Spanish Origins,634,8,1.26,8.11179277436946,-6.851792774369461
871,Taylor,Overall Pool,NULL,Black/African American,634,4,0.63,0.17041581458759372,0.4595841854124063
871,Taylor,Empanelment,Not Used,Hispanic/Latino/Spanish Origins,34,0,0.00,8.11179277436946,-8.11179277436946
871,Taylor,Empanelment,Peremptory Strike (Plaintiff/Petitioner),Hispanic/Latino/Spanish Origins,11,0,0.00,8.11179277436946,-8.11179277436946
871,Taylor,Empanelment,Peremptory Strike (Defendant/Respondent),White,11,11,100.00,88.87184730743013,11.12815269256987
871,Taylor,Empanelment,Peremptory Strike (Plaintiff/Petitioner),Asian,11,0,0.00,0.15337423312883436,-0.15337423312883436
871,Taylor,Empanelment,Peremptory Strike (Plaintiff/Petitioner),American Indian/Alaskan Native,11,0,0.00,0.3067484662576687,-0.3067484662576687
871,Taylor,Empanelment,Not Used,American Indian/Alaskan Native,34,0,0.00,0.3067484662576687,-0.3067484662576687
871,Taylor,Empanelment,Juror,American Indian/Alaskan Native,13,0,0.00,0.3067484662576687,-0.3067484662576687
871,Taylor,Empanelment,Peremptory Strike (Defendant/Respondent),American Indian/Alaskan Native,11,0,0.00,0.3067484662576687,-0.3067484662576687
871,Taylor,Empanelment,Juror,White,13,13,100.00,88.87184730743013,11.12815269256987
871,Taylor,Empanelment,Not Used,White,34,30,88.24,88.87184730743013,-0.6318473074301352
871,Taylor,Empanelment,Peremptory Strike (Plaintiff/Petitioner),White,11,11,100.00,88.87184730743013,11.12815269256987
871,Taylor,Empanelment,Not Used,Asian,34,0,0.00,0.15337423312883436,-0.15337423312883436
871,Taylor,Overall Pool,NULL,Asian,634,3,0.47,0.15337423312883436,0.3166257668711656
871,Taylor,Overall Pool,NULL,Native Hawaiian/Pacific Islander,634,1,0.16,0,0.16
871,Taylor,Criminal Panel,NULL,Hispanic/Latino/Spanish Origins,69,0,0.00,8.11179277436946,-8.11179277436946
871,Taylor,Overall Pool,NULL,White,634,599,94.48,88.87184730743013,5.608152692569874
871,Taylor,Empanelment,Juror,Asian,13,0,0.00,0.15337423312883436,-0.15337423312883436
871,Taylor,Criminal Panel,NULL,Black/African American,69,0,0.00,0.17041581458759372,-0.17041581458759372
871,Taylor,Criminal Panel,NULL,White,69,65,94.20,88.87184730743013,5.328152692569873
871,Taylor,Empanelment,Peremptory Strike (Defendant/Respondent),Asian,11,0,0.00,0.15337423312883436,-0.15337423312883436
871,Taylor,Empanelment,Peremptory Strike (Defendant/Respondent),Black/African American,11,0,0.00,0.17041581458759372,-0.17041581458759372
871,Taylor,Criminal Panel,NULL,Asian,69,0,0.00,0.15337423312883436,-0.15337423312883436
881,Union,Empanelment,Peremptory Strike (Plaintiff/Petitioner),Hispanic/Latino/Spanish Origins,22,0,0.00,3.835570749603936,-3.835570749603936
881,Union,Empanelment,Challenged For Cause (Plaintiff/Petitioner),Asian,6,0,0.00,0.8838489118652547,-0.8838489118652547
881,Union,Empanelment,No Result,Asian,117,1,0.85,0.8838489118652547,-0.03384891186525474
881,Union,Empanelment,Juror,Black/African American,52,0,0.00,1.6342866672225465,-1.6342866672225465
881,Union,Empanelment,Not Used,Black/African American,30,0,0.00,1.6342866672225465,-1.6342866672225465
881,Union,Empanelment,No Result,Black/African American,117,0,0.00,1.6342866672225465,-1.6342866672225465
881,Union,Empanelment,Peremptory Strike (Plaintiff/Petitioner),American Indian/Alaskan Native,22,0,0.00,0.13341115650796298,-0.13341115650796298
881,Union,Empanelment,Peremptory Strike (Defendant/Respondent),American Indian/Alaskan Native,22,0,0.00,0.13341115650796298,-0.13341115650796298
881,Union,Empanelment,Challenged For Cause (Defendant/Respondent),American Indian/Alaskan Native,5,0,0.00,0.13341115650796298,-0.13341115650796298
881,Union,Empanelment,Challenged For Cause (Plaintiff/Petitioner),American Indian/Alaskan Native,6,0,0.00,0.13341115650796298,-0.13341115650796298
881,Union,Empanelment,No Result,American Indian/Alaskan Native,117,0,0.00,0.13341115650796298,-0.13341115650796298
881,Union,Empanelment,Juror,American Indian/Alaskan Native,52,0,0.00,0.13341115650796298,-0.13341115650796298
881,Union,Empanelment,Not Used,American Indian/Alaskan Native,30,0,0.00,0.13341115650796298,-0.13341115650796298
881,Union,Empanelment,No Result,Hispanic/Latino/Spanish Origins,117,0,0.00,3.835570749603936,-3.835570749603936
881,Union,Overall Pool,NULL,White,755,725,96.03,91.87025765029601,4.15974234970399
881,Union,Empanelment,Challenged For Cause (Plaintiff/Petitioner),Black/African American,6,0,0.00,1.6342866672225465,-1.6342866672225465
881,Union,Empanelment,Challenged For Cause (Defendant/Respondent),Black/African American,5,0,0.00,1.6342866672225465,-1.6342866672225465
881,Union,Empanelment,Peremptory Strike (Defendant/Respondent),Black/African American,22,0,0.00,1.6342866672225465,-1.6342866672225465
881,Union,Criminal Panel,NULL,Asian,251,3,1.20,0.8838489118652547,0.31615108813474524
881,Union,Criminal Panel,NULL,Hispanic/Latino/Spanish Origins,251,0,0.00,3.835570749603936,-3.835570749603936
881,Union,Empanelment,Juror,Asian,52,0,0.00,0.8838489118652547,-0.8838489118652547
881,Union,Overall Pool,NULL,Black/African American,755,4,0.53,1.6342866672225465,-1.1042866672225464
881,Union,Empanelment,Challenged For Cause (Defendant/Respondent),Hispanic/Latino/Spanish Origins,5,0,0.00,3.835570749603936,-3.835570749603936
881,Union,Criminal Panel,NULL,American Indian/Alaskan Native,251,2,0.80,0.13341115650796298,0.6665888434920371
881,Union,Criminal Panel,NULL,Black/African American,251,1,0.40,1.6342866672225465,-1.2342866672225465
881,Union,Empanelment,No Result,Native Hawaiian/Pacific Islander,117,0,0.00,0,0
881,Union,Empanelment,Juror,Native Hawaiian/Pacific Islander,52,0,0.00,0,0
881,Union,Empanelment,Not Used,Native Hawaiian/Pacific Islander,30,0,0.00,0,0
881,Union,Empanelment,Peremptory Strike (Plaintiff/Petitioner),Black/African American,22,1,4.55,1.6342866672225465,2.9157133327774534
881,Union,Criminal Panel,NULL,Native Hawaiian/Pacific Islander,251,0,0.00,0,0
881,Union,Overall Pool,NULL,Hispanic/Latino/Spanish Origins,755,0,0.00,3.835570749603936,-3.835570749603936
881,Union,Empanelment,Not Used,Asian,30,0,0.00,0.8838489118652547,-0.8838489118652547
881,Union,Overall Pool,NULL,Native Hawaiian/Pacific Islander,755,0,0.00,0,0
881,Union,Criminal Panel,NULL,White,251,242,96.41,91.87025765029601,4.539742349703985
881,Union,Empanelment,Juror,Hispanic/Latino/Spanish Origins,52,0,0.00,3.835570749603936,-3.835570749603936
881,Union,Empanelment,Not Used,Hispanic/Latino/Spanish Origins,30,0,0.00,3.835570749603936,-3.835570749603936
881,Union,Empanelment,Not Used,White,30,30,100.00,91.87025765029601,8.129742349703989
881,Union,Empanelment,Juror,White,52,50,96.15,91.87025765029601,4.279742349703994
881,Union,Empanelment,No Result,White,117,110,94.02,91.87025765029601,2.1497423497039847
881,Union,Empanelment,Challenged For Cause (Plaintiff/Petitioner),White,6,6,100.00,91.87025765029601,8.129742349703989
881,Union,Empanelment,Challenged For Cause (Defendant/Respondent),White,5,4,80.00,91.87025765029601,-11.870257650296011
881,Union,Empanelment,Peremptory Strike (Defendant/Respondent),White,22,22,100.00,91.87025765029601,8.129742349703989
881,Union,Empanelment,Peremptory Strike (Plaintiff/Petitioner),White,22,20,90.91,91.87025765029601,-0.9602576502960147
881,Union,Empanelment,Peremptory Strike (Plaintiff/Petitioner),Asian,22,1,4.55,0.8838489118652547,3.666151088134745
881,Union,Overall Pool,NULL,Asian,755,7,0.93,0.8838489118652547,0.04615108813474533
881,Union,Empanelment,Challenged For Cause (Plaintiff/Petitioner),Hispanic/Latino/Spanish Origins,6,0,0.00,3.835570749603936,-3.835570749603936
881,Union,Empanelment,Peremptory Strike (Defendant/Respondent),Asian,22,0,0.00,0.8838489118652547,-0.8838489118652547
881,Union,Empanelment,Challenged For Cause (Defendant/Respondent),Asian,5,1,20.00,0.8838489118652547,19.116151088134746
881,Union,Empanelment,Challenged For Cause (Plaintiff/Petitioner),Native Hawaiian/Pacific Islander,6,0,0.00,0,0
881,Union,Empanelment,Challenged For Cause (Defendant/Respondent),Native Hawaiian/Pacific Islander,5,0,0.00,0,0
881,Union,Empanelment,Peremptory Strike (Defendant/Respondent),Native Hawaiian/Pacific Islander,22,0,0.00,0,0
881,Union,Empanelment,Peremptory Strike (Plaintiff/Petitioner),Native Hawaiian/Pacific Islander,22,0,0.00,0,0
881,Union,Empanelment,Peremptory Strike (Defendant/Respondent),Hispanic/Latino/Spanish Origins,22,0,0.00,3.835570749603936,-3.835570749603936
881,Union,Overall Pool,NULL,American Indian/Alaskan Native,755,3,0.40,0.13341115650796298,0.26658884349203704
891,Van Buren,Empanelment,Peremptory Strike (Defendant/Respondent),Native Hawaiian/Pacific Islander,5,0,0.00,0,0
891,Van Buren,Empanelment,Court,Hispanic/Latino/Spanish Origins,4,0,0.00,1.7677116420383925,-1.7677116420383925
891,Van Buren,Empanelment,Juror,Hispanic/Latino/Spanish Origins,12,0,0.00,1.7677116420383925,-1.7677116420383925
891,Van Buren,Empanelment,Not Used,Hispanic/Latino/Spanish Origins,2,0,0.00,1.7677116420383925,-1.7677116420383925
891,Van Buren,Empanelment,Alternate,Hispanic/Latino/Spanish Origins,1,0,0.00,1.7677116420383925,-1.7677116420383925
891,Van Buren,Empanelment,Peremptory Strike (Defendant/Respondent),Hispanic/Latino/Spanish Origins,5,0,0.00,1.7677116420383925,-1.7677116420383925
891,Van Buren,Empanelment,Peremptory Strike (Plaintiff/Petitioner),Hispanic/Latino/Spanish Origins,5,0,0.00,1.7677116420383925,-1.7677116420383925
891,Van Buren,Empanelment,Juror,White,12,12,100.00,94.36541914100263,5.634580858997367
891,Van Buren,Empanelment,Court,White,4,4,100.00,94.36541914100263,5.634580858997367
891,Van Buren,Overall Pool,NULL,Asian,622,6,0.96,0.041430741610274824,0.9185692583897251
891,Van Buren,Empanelment,Peremptory Strike (Plaintiff/Petitioner),Black/African American,5,0,0.00,0.4281176633061732,-0.4281176633061732
891,Van Buren,Overall Pool,NULL,American Indian/Alaskan Native,622,2,0.32,0.055240988813699765,0.26475901118630024
891,Van Buren,Empanelment,Peremptory Strike (Plaintiff/Petitioner),Asian,5,0,0.00,0.041430741610274824,-0.041430741610274824
891,Van Buren,Empanelment,Peremptory Strike (Defendant/Respondent),Asian,5,0,0.00,0.041430741610274824,-0.041430741610274824
891,Van Buren,Empanelment,Alternate,Asian,1,0,0.00,0.041430741610274824,-0.041430741610274824
891,Van Buren,Empanelment,Not Used,Asian,2,0,0.00,0.041430741610274824,-0.041430741610274824
891,Van Buren,Empanelment,Juror,Asian,12,0,0.00,0.041430741610274824,-0.041430741610274824
891,Van Buren,Empanelment,Court,Asian,4,0,0.00,0.041430741610274824,-0.041430741610274824
891,Van Buren,Empanelment,Court,American Indian/Alaskan Native,4,0,0.00,0.055240988813699765,-0.055240988813699765
891,Van Buren,Empanelment,Juror,American Indian/Alaskan Native,12,0,0.00,0.055240988813699765,-0.055240988813699765
891,Van Buren,Empanelment,Not Used,American Indian/Alaskan Native,2,0,0.00,0.055240988813699765,-0.055240988813699765
891,Van Buren,Empanelment,Alternate,American Indian/Alaskan Native,1,0,0.00,0.055240988813699765,-0.055240988813699765
891,Van Buren,Empanelment,Peremptory Strike (Defendant/Respondent),American Indian/Alaskan Native,5,0,0.00,0.055240988813699765,-0.055240988813699765
891,Van Buren,Empanelment,Peremptory Strike (Plaintiff/Petitioner),American Indian/Alaskan Native,5,0,0.00,0.055240988813699765,-0.055240988813699765
891,Van Buren,Empanelment,Court,Native Hawaiian/Pacific Islander,4,0,0.00,0,0
891,Van Buren,Empanelment,Juror,Native Hawaiian/Pacific Islander,12,0,0.00,0,0
891,Van Buren,Empanelment,Not Used,Native Hawaiian/Pacific Islander,2,0,0.00,0,0
891,Van Buren,Empanelment,Alternate,Native Hawaiian/Pacific Islander,1,0,0.00,0,0
891,Van Buren,Overall Pool,NULL,Hispanic/Latino/Spanish Origins,622,0,0.00,1.7677116420383925,-1.7677116420383925
891,Van Buren,Empanelment,Peremptory Strike (Defendant/Respondent),Black/African American,5,0,0.00,0.4281176633061732,-0.4281176633061732
891,Van Buren,Overall Pool,NULL,Native Hawaiian/Pacific Islander,622,0,0.00,0,0
891,Van Buren,Empanelment,Alternate,Black/African American,1,0,0.00,0.4281176633061732,-0.4281176633061732
891,Van Buren,Criminal Panel,NULL,White,29,29,100.00,94.36541914100263,5.634580858997367
891,Van Buren,Criminal Panel,NULL,Native Hawaiian/Pacific Islander,29,0,0.00,0,0
891,Van Buren,Empanelment,Not Used,Black/African American,2,0,0.00,0.4281176633061732,-0.4281176633061732
891,Van Buren,Criminal Panel,NULL,Black/African American,29,0,0.00,0.4281176633061732,-0.4281176633061732
891,Van Buren,Criminal Panel,NULL,American Indian/Alaskan Native,29,0,0.00,0.055240988813699765,-0.055240988813699765
891,Van Buren,Empanelment,Juror,Black/African American,12,0,0.00,0.4281176633061732,-0.4281176633061732
891,Van Buren,Empanelment,Peremptory Strike (Plaintiff/Petitioner),Native Hawaiian/Pacific Islander,5,0,0.00,0,0
891,Van Buren,Overall Pool,NULL,Black/African American,622,1,0.16,0.4281176633061732,-0.26811766330617315
891,Van Buren,Criminal Panel,NULL,Hispanic/Latino/Spanish Origins,29,0,0.00,1.7677116420383925,-1.7677116420383925
891,Van Buren,Empanelment,Court,Black/African American,4,0,0.00,0.4281176633061732,-0.4281176633061732
891,Van Buren,Criminal Panel,NULL,Asian,29,0,0.00,0.041430741610274824,-0.041430741610274824
891,Van Buren,Overall Pool,NULL,White,622,599,96.30,94.36541914100263,1.9345808589973643
891,Van Buren,Empanelment,Peremptory Strike (Plaintiff/Petitioner),White,5,5,100.00,94.36541914100263,5.634580858997367
891,Van Buren,Empanelment,Peremptory Strike (Defendant/Respondent),White,5,5,100.00,94.36541914100263,5.634580858997367
891,Van Buren,Empanelment,Alternate,White,1,1,100.00,94.36541914100263,5.634580858997367
891,Van Buren,Empanelment,Not Used,White,2,2,100.00,94.36541914100263,5.634580858997367
901,Wapello,Criminal Panel,NULL,Black/African American,674,4,0.59,3.020191165658051,-2.430191165658051
901,Wapello,Empanelment,No Result,Native Hawaiian/Pacific Islander,69,0,0.00,2.4235054578360953,-2.4235054578360953
901,Wapello,Empanelment,Alternate,Native Hawaiian/Pacific Islander,18,1,5.56,2.4235054578360953,3.1364945421639043
901,Wapello,Empanelment,Juror,Native Hawaiian/Pacific Islander,114,1,0.88,2.4235054578360953,-1.5435054578360954
901,Wapello,Empanelment,Peremptory Strike (Defendant/Respondent),Native Hawaiian/Pacific Islander,58,1,1.72,2.4235054578360953,-0.7035054578360953
901,Wapello,Overall Pool,NULL,White,3175,2783,87.65,75.64617385894464,12.00382614105537
901,Wapello,Empanelment,No Result,Black/African American,69,1,1.45,3.020191165658051,-1.570191165658051
901,Wapello,Empanelment,Not Used,Hispanic/Latino/Spanish Origins,299,0,0.00,13.426842373168938,-13.426842373168938
901,Wapello,Empanelment,Peremptory Strike (Defendant/Respondent),Black/African American,58,0,0.00,3.020191165658051,-3.020191165658051
901,Wapello,Empanelment,Juror,Asian,114,0,0.00,1.7928850178157343,-1.7928850178157343
901,Wapello,Empanelment,Alternate,Asian,18,0,0.00,1.7928850178157343,-1.7928850178157343
901,Wapello,Empanelment,No Result,Asian,69,1,1.45,1.7928850178157343,-0.3428850178157343
901,Wapello,Empanelment,Court,Asian,13,0,0.00,1.7928850178157343,-1.7928850178157343
901,Wapello,Empanelment,Peremptory Strike (Plaintiff/Petitioner),Asian,58,0,0.00,1.7928850178157343,-1.7928850178157343
901,Wapello,Empanelment,Challenged For Cause (Plaintiff/Petitioner),Asian,37,0,0.00,1.7928850178157343,-1.7928850178157343
901,Wapello,Empanelment,Challenged For Cause (Defendant/Respondent),Asian,8,0,0.00,1.7928850178157343,-1.7928850178157343
901,Wapello,Empanelment,Not Used,Asian,299,0,0.00,1.7928850178157343,-1.7928850178157343
901,Wapello,Empanelment,Court,Black/African American,13,0,0.00,3.020191165658051,-3.020191165658051
901,Wapello,Empanelment,Not Used,White,299,280,93.65,75.64617385894464,18.00382614105537
901,Wapello,Empanelment,Challenged For Cause (Defendant/Respondent),White,8,7,87.50,75.64617385894464,11.853826141055364
901,Wapello,Empanelment,Challenged For Cause (Plaintiff/Petitioner),White,37,34,91.89,75.64617385894464,16.243826141055365
901,Wapello,Empanelment,Peremptory Strike (Plaintiff/Petitioner),White,58,55,94.83,75.64617385894464,19.183826141055363
901,Wapello,Empanelment,Court,White,13,12,92.31,75.64617385894464,16.663826141055367
901,Wapello,Criminal Panel,NULL,Native Hawaiian/Pacific Islander,674,5,0.74,2.4235054578360953,-1.6835054578360953
901,Wapello,Empanelment,No Result,White,69,62,89.86,75.64617385894464,14.213826141055364
901,Wapello,Overall Pool,NULL,Native Hawaiian/Pacific Islander,3175,30,0.94,2.4235054578360953,-1.4835054578360953
901,Wapello,Empanelment,Alternate,White,18,15,83.33,75.64617385894464,7.683826141055363
901,Wapello,Criminal Panel,NULL,White,674,628,93.18,75.64617385894464,17.53382614105537
901,Wapello,Empanelment,Juror,White,114,109,95.61,75.64617385894464,19.963826141055364
901,Wapello,Overall Pool,NULL,Hispanic/Latino/Spanish Origins,3175,21,0.66,13.426842373168938,-12.766842373168938
901,Wapello,Empanelment,Peremptory Strike (Defendant/Respondent),White,58,54,93.10,75.64617385894464,17.45382614105536
901,Wapello,Criminal Panel,NULL,American Indian/Alaskan Native,674,6,0.89,0.4383236242293988,0.4516763757706012
901,Wapello,Empanelment,Peremptory Strike (Defendant/Respondent),American Indian/Alaskan Native,58,0,0.00,0.4383236242293988,-0.4383236242293988
901,Wapello,Empanelment,Juror,American Indian/Alaskan Native,114,0,0.00,0.4383236242293988,-0.4383236242293988
901,Wapello,Empanelment,Alternate,American Indian/Alaskan Native,18,0,0.00,0.4383236242293988,-0.4383236242293988
901,Wapello,Empanelment,Peremptory Strike (Plaintiff/Petitioner),Black/African American,58,0,0.00,3.020191165658051,-3.020191165658051
901,Wapello,Empanelment,Not Used,Native Hawaiian/Pacific Islander,299,2,0.67,2.4235054578360953,-1.7535054578360953
901,Wapello,Empanelment,Challenged For Cause (Defendant/Respondent),Native Hawaiian/Pacific Islander,8,0,0.00,2.4235054578360953,-2.4235054578360953
901,Wapello,Empanelment,Challenged For Cause (Plaintiff/Petitioner),Native Hawaiian/Pacific Islander,37,0,0.00,2.4235054578360953,-2.4235054578360953
901,Wapello,Empanelment,Peremptory Strike (Plaintiff/Petitioner),Native Hawaiian/Pacific Islander,58,0,0.00,2.4235054578360953,-2.4235054578360953
901,Wapello,Empanelment,Court,Native Hawaiian/Pacific Islander,13,0,0.00,2.4235054578360953,-2.4235054578360953
901,Wapello,Overall Pool,NULL,Black/African American,3175,82,2.58,3.020191165658051,-0.44019116565805083
901,Wapello,Empanelment,Challenged For Cause (Plaintiff/Petitioner),Black/African American,37,1,2.70,3.020191165658051,-0.3201911656580507
901,Wapello,Empanelment,No Result,American Indian/Alaskan Native,69,0,0.00,0.4383236242293988,-0.4383236242293988
901,Wapello,Empanelment,Court,American Indian/Alaskan Native,13,0,0.00,0.4383236242293988,-0.4383236242293988
901,Wapello,Empanelment,Peremptory Strike (Plaintiff/Petitioner),American Indian/Alaskan Native,58,0,0.00,0.4383236242293988,-0.4383236242293988
901,Wapello,Empanelment,Challenged For Cause (Plaintiff/Petitioner),American Indian/Alaskan Native,37,0,0.00,0.4383236242293988,-0.4383236242293988
901,Wapello,Empanelment,Challenged For Cause (Defendant/Respondent),Black/African American,8,0,0.00,3.020191165658051,-3.020191165658051
901,Wapello,Criminal Panel,NULL,Hispanic/Latino/Spanish Origins,674,0,0.00,13.426842373168938,-13.426842373168938
901,Wapello,Empanelment,Juror,Black/African American,114,0,0.00,3.020191165658051,-3.020191165658051
901,Wapello,Empanelment,Challenged For Cause (Defendant/Respondent),American Indian/Alaskan Native,8,0,0.00,0.4383236242293988,-0.4383236242293988
901,Wapello,Empanelment,Not Used,American Indian/Alaskan Native,299,0,0.00,0.4383236242293988,-0.4383236242293988
901,Wapello,Empanelment,Alternate,Black/African American,18,0,0.00,3.020191165658051,-3.020191165658051
901,Wapello,Criminal Panel,NULL,Asian,674,2,0.30,1.7928850178157343,-1.4928850178157342
901,Wapello,Empanelment,Peremptory Strike (Defendant/Respondent),Asian,58,1,1.72,1.7928850178157343,-0.07288501781573431
901,Wapello,Overall Pool,NULL,American Indian/Alaskan Native,3175,18,0.57,0.4383236242293988,0.13167637577060115
901,Wapello,Overall Pool,NULL,Asian,3175,42,1.32,1.7928850178157343,-0.4728850178157342
901,Wapello,Empanelment,Not Used,Black/African American,299,2,0.67,3.020191165658051,-2.350191165658051
901,Wapello,Empanelment,Peremptory Strike (Defendant/Respondent),Hispanic/Latino/Spanish Origins,58,0,0.00,13.426842373168938,-13.426842373168938
901,Wapello,Empanelment,Juror,Hispanic/Latino/Spanish Origins,114,0,0.00,13.426842373168938,-13.426842373168938
901,Wapello,Empanelment,Alternate,Hispanic/Latino/Spanish Origins,18,0,0.00,13.426842373168938,-13.426842373168938
901,Wapello,Empanelment,No Result,Hispanic/Latino/Spanish Origins,69,0,0.00,13.426842373168938,-13.426842373168938
901,Wapello,Empanelment,Court,Hispanic/Latino/Spanish Origins,13,0,0.00,13.426842373168938,-13.426842373168938
901,Wapello,Empanelment,Peremptory Strike (Plaintiff/Petitioner),Hispanic/Latino/Spanish Origins,58,0,0.00,13.426842373168938,-13.426842373168938
901,Wapello,Empanelment,Challenged For Cause (Plaintiff/Petitioner),Hispanic/Latino/Spanish Origins,37,0,0.00,13.426842373168938,-13.426842373168938
901,Wapello,Empanelment,Challenged For Cause (Defendant/Respondent),Hispanic/Latino/Spanish Origins,8,0,0.00,13.426842373168938,-13.426842373168938
911,Warren,Criminal Panel,NULL,Black/African American,574,1,0.17,0.7443621459684978,-0.5743621459684978
911,Warren,Empanelment,Not Used,Black/African American,331,1,0.30,0.7443621459684978,-0.4443621459684978
911,Warren,Empanelment,Juror,White,161,155,96.27,91.92780606149718,4.342193938502817
911,Warren,Empanelment,No Result,American Indian/Alaskan Native,83,0,0.00,0.28304140859049054,-0.28304140859049054
911,Warren,Empanelment,Not Used,Asian,331,2,0.60,0.748038008417725,-0.14803800841772508
911,Warren,Empanelment,Not Used,White,331,315,95.17,91.92780606149718,3.2421939385028224
911,Warren,Empanelment,Juror,Asian,161,2,1.24,0.748038008417725,0.49196199158227494
911,Warren,Empanelment,No Result,Asian,83,1,1.20,0.748038008417725,0.4519619915822749
911,Warren,Empanelment,No Result,White,83,79,95.18,91.92780606149718,3.2521939385028276
911,Warren,Overall Pool,NULL,American Indian/Alaskan Native,1994,5,0.25,0.28304140859049054,-0.03304140859049054
911,Warren,Criminal Panel,NULL,White,574,549,95.64,91.92780606149718,3.7121939385028213
911,Warren,Overall Pool,NULL,Asian,1994,23,1.15,0.748038008417725,0.40196199158227486
911,Warren,Empanelment,No Result,Native Hawaiian/Pacific Islander,83,0,0.00,0.014703449796908599,-0.014703449796908599
911,Warren,Empanelment,Juror,Native Hawaiian/Pacific Islander,161,1,0.62,0.014703449796908599,0.6052965502030914
911,Warren,Overall Pool,NULL,Black/African American,1994,13,0.65,0.7443621459684978,-0.09436214596849779
911,Warren,Empanelment,Not Used,Hispanic/Latino/Spanish Origins,331,0,0.00,3.7126210737194216,-3.7126210737194216
911,Warren,Empanelment,Juror,Hispanic/Latino/Spanish Origins,161,0,0.00,3.7126210737194216,-3.7126210737194216
911,Warren,Empanelment,No Result,Hispanic/Latino/Spanish Origins,83,0,0.00,3.7126210737194216,-3.7126210737194216
911,Warren,Empanelment,Not Used,Native Hawaiian/Pacific Islander,331,0,0.00,0.014703449796908599,-0.014703449796908599
911,Warren,Overall Pool,NULL,White,1994,1905,95.54,91.92780606149718,3.612193938502827
911,Warren,Criminal Panel,NULL,Native Hawaiian/Pacific Islander,574,1,0.17,0.014703449796908599,0.1552965502030914
911,Warren,Empanelment,Not Used,American Indian/Alaskan Native,331,0,0.00,0.28304140859049054,-0.28304140859049054
911,Warren,Empanelment,Juror,American Indian/Alaskan Native,161,0,0.00,0.28304140859049054,-0.28304140859049054
911,Warren,Criminal Panel,NULL,Hispanic/Latino/Spanish Origins,574,0,0.00,3.7126210737194216,-3.7126210737194216
911,Warren,Empanelment,No Result,Black/African American,83,0,0.00,0.7443621459684978,-0.7443621459684978
911,Warren,Overall Pool,NULL,Native Hawaiian/Pacific Islander,1994,5,0.25,0.014703449796908599,0.2352965502030914
911,Warren,Empanelment,Juror,Black/African American,161,0,0.00,0.7443621459684978,-0.7443621459684978
911,Warren,Overall Pool,NULL,Hispanic/Latino/Spanish Origins,1994,2,0.10,3.7126210737194216,-3.6126210737194215
911,Warren,Criminal Panel,NULL,American Indian/Alaskan Native,574,0,0.00,0.28304140859049054,-0.28304140859049054
911,Warren,Criminal Panel,NULL,Asian,574,5,0.87,0.748038008417725,0.12196199158227494
921,Washington,Empanelment,No Result,Black/African American,68,0,0.00,1.046052923186029,-1.046052923186029
921,Washington,Overall Pool,NULL,White,1575,1484,94.22,88.68401223350028,5.535987766499716
921,Washington,Overall Pool,NULL,Black/African American,1575,18,1.14,1.046052923186029,0.09394707681397096
921,Washington,Overall Pool,NULL,Hispanic/Latino/Spanish Origins,1575,1,0.06,7.752315943442223,-7.692315943442224
921,Washington,Overall Pool,NULL,Asian,1575,7,0.44,0.3856212047338327,0.05437879526616729
921,Washington,Overall Pool,NULL,American Indian/Alaskan Native,1575,5,0.32,0.008864855281237535,0.31113514471876247
921,Washington,Overall Pool,NULL,Native Hawaiian/Pacific Islander,1575,0,0.00,0.01772971056247507,-0.01772971056247507
921,Washington,Criminal Panel,NULL,White,244,239,97.95,88.68401223350028,9.26598776649972
921,Washington,Criminal Panel,NULL,Black/African American,244,1,0.41,1.046052923186029,-0.636052923186029
921,Washington,Criminal Panel,NULL,Hispanic/Latino/Spanish Origins,244,0,0.00,7.752315943442223,-7.752315943442223
921,Washington,Criminal Panel,NULL,Asian,244,0,0.00,0.3856212047338327,-0.3856212047338327
921,Washington,Criminal Panel,NULL,American Indian/Alaskan Native,244,1,0.41,0.008864855281237535,0.40113514471876244
921,Washington,Criminal Panel,NULL,Native Hawaiian/Pacific Islander,244,0,0.00,0.01772971056247507,-0.01772971056247507
921,Washington,Empanelment,Peremptory Strike (Defendant/Respondent),White,23,23,100.00,88.68401223350028,11.315987766499717
921,Washington,Empanelment,No Result,White,68,66,97.06,88.68401223350028,8.375987766499719
921,Washington,Empanelment,Juror,White,42,41,97.62,88.68401223350028,8.935987766499721
921,Washington,Empanelment,Peremptory Strike (Plaintiff/Petitioner),White,23,22,95.65,88.68401223350028,6.9659877664997225
921,Washington,Empanelment,Not Used,White,71,69,97.18,88.68401223350028,8.495987766499724
921,Washington,Empanelment,Challenged For Cause (Plaintiff/Petitioner),White,13,13,100.00,88.68401223350028,11.315987766499717
921,Washington,Empanelment,Alternate,White,4,4,100.00,88.68401223350028,11.315987766499717
921,Washington,Empanelment,Challenged For Cause (Defendant/Respondent),White,2,1,50.00,88.68401223350028,-38.68401223350028
921,Washington,Empanelment,Peremptory Strike (Defendant/Respondent),Black/African American,23,0,0.00,1.046052923186029,-1.046052923186029
921,Washington,Empanelment,Juror,Black/African American,42,1,2.38,1.046052923186029,1.333947076813971
921,Washington,Empanelment,Peremptory Strike (Plaintiff/Petitioner),Black/African American,23,0,0.00,1.046052923186029,-1.046052923186029
921,Washington,Empanelment,Not Used,Black/African American,71,0,0.00,1.046052923186029,-1.046052923186029
921,Washington,Empanelment,Challenged For Cause (Plaintiff/Petitioner),Black/African American,13,0,0.00,1.046052923186029,-1.046052923186029
921,Washington,Empanelment,Alternate,Black/African American,4,0,0.00,1.046052923186029,-1.046052923186029
921,Washington,Empanelment,Challenged For Cause (Defendant/Respondent),Black/African American,2,0,0.00,1.046052923186029,-1.046052923186029
921,Washington,Empanelment,Peremptory Strike (Defendant/Respondent),Hispanic/Latino/Spanish Origins,23,0,0.00,7.752315943442223,-7.752315943442223
921,Washington,Empanelment,No Result,Hispanic/Latino/Spanish Origins,68,0,0.00,7.752315943442223,-7.752315943442223
921,Washington,Empanelment,Juror,Hispanic/Latino/Spanish Origins,42,0,0.00,7.752315943442223,-7.752315943442223
921,Washington,Empanelment,Peremptory Strike (Plaintiff/Petitioner),Hispanic/Latino/Spanish Origins,23,0,0.00,7.752315943442223,-7.752315943442223
921,Washington,Empanelment,Not Used,Hispanic/Latino/Spanish Origins,71,0,0.00,7.752315943442223,-7.752315943442223
921,Washington,Empanelment,Challenged For Cause (Plaintiff/Petitioner),Hispanic/Latino/Spanish Origins,13,0,0.00,7.752315943442223,-7.752315943442223
921,Washington,Empanelment,Alternate,Hispanic/Latino/Spanish Origins,4,0,0.00,7.752315943442223,-7.752315943442223
921,Washington,Empanelment,Challenged For Cause (Defendant/Respondent),Hispanic/Latino/Spanish Origins,2,0,0.00,7.752315943442223,-7.752315943442223
921,Washington,Empanelment,Peremptory Strike (Defendant/Respondent),Asian,23,0,0.00,0.3856212047338327,-0.3856212047338327
921,Washington,Empanelment,No Result,Asian,68,0,0.00,0.3856212047338327,-0.3856212047338327
921,Washington,Empanelment,Juror,Asian,42,0,0.00,0.3856212047338327,-0.3856212047338327
921,Washington,Empanelment,Peremptory Strike (Plaintiff/Petitioner),Asian,23,0,0.00,0.3856212047338327,-0.3856212047338327
921,Washington,Empanelment,Not Used,Asian,71,0,0.00,0.3856212047338327,-0.3856212047338327
921,Washington,Empanelment,Challenged For Cause (Plaintiff/Petitioner),Asian,13,0,0.00,0.3856212047338327,-0.3856212047338327
921,Washington,Empanelment,Alternate,Asian,4,0,0.00,0.3856212047338327,-0.3856212047338327
921,Washington,Empanelment,Challenged For Cause (Defendant/Respondent),Asian,2,0,0.00,0.3856212047338327,-0.3856212047338327
921,Washington,Empanelment,Peremptory Strike (Defendant/Respondent),American Indian/Alaskan Native,23,0,0.00,0.008864855281237535,-0.008864855281237535
921,Washington,Empanelment,No Result,American Indian/Alaskan Native,68,0,0.00,0.008864855281237535,-0.008864855281237535
921,Washington,Empanelment,Juror,American Indian/Alaskan Native,42,0,0.00,0.008864855281237535,-0.008864855281237535
921,Washington,Empanelment,Peremptory Strike (Plaintiff/Petitioner),American Indian/Alaskan Native,23,0,0.00,0.008864855281237535,-0.008864855281237535
921,Washington,Empanelment,Not Used,American Indian/Alaskan Native,71,0,0.00,0.008864855281237535,-0.008864855281237535
921,Washington,Empanelment,Challenged For Cause (Plaintiff/Petitioner),American Indian/Alaskan Native,13,0,0.00,0.008864855281237535,-0.008864855281237535
921,Washington,Empanelment,Alternate,American Indian/Alaskan Native,4,0,0.00,0.008864855281237535,-0.008864855281237535
921,Washington,Empanelment,Challenged For Cause (Defendant/Respondent),American Indian/Alaskan Native,2,0,0.00,0.008864855281237535,-0.008864855281237535
921,Washington,Empanelment,Peremptory Strike (Defendant/Respondent),Native Hawaiian/Pacific Islander,23,0,0.00,0.01772971056247507,-0.01772971056247507
921,Washington,Empanelment,No Result,Native Hawaiian/Pacific Islander,68,0,0.00,0.01772971056247507,-0.01772971056247507
921,Washington,Empanelment,Juror,Native Hawaiian/Pacific Islander,42,0,0.00,0.01772971056247507,-0.01772971056247507
921,Washington,Empanelment,Peremptory Strike (Plaintiff/Petitioner),Native Hawaiian/Pacific Islander,23,0,0.00,0.01772971056247507,-0.01772971056247507
921,Washington,Empanelment,Not Used,Native Hawaiian/Pacific Islander,71,0,0.00,0.01772971056247507,-0.01772971056247507
921,Washington,Empanelment,Challenged For Cause (Plaintiff/Petitioner),Native Hawaiian/Pacific Islander,13,0,0.00,0.01772971056247507,-0.01772971056247507
921,Washington,Empanelment,Alternate,Native Hawaiian/Pacific Islander,4,0,0.00,0.01772971056247507,-0.01772971056247507
921,Washington,Empanelment,Challenged For Cause (Defendant/Respondent),Native Hawaiian/Pacific Islander,2,0,0.00,0.01772971056247507,-0.01772971056247507
931,Wayne,Empanelment,Juror,American Indian/Alaskan Native,13,0,0.00,0.1224739742804654,-0.1224739742804654
931,Wayne,Empanelment,Court,American Indian/Alaskan Native,18,0,0.00,0.1224739742804654,-0.1224739742804654
931,Wayne,Empanelment,Not Used,American Indian/Alaskan Native,5,0,0.00,0.1224739742804654,-0.1224739742804654
931,Wayne,Empanelment,No Result,American Indian/Alaskan Native,61,0,0.00,0.1224739742804654,-0.1224739742804654
931,Wayne,Empanelment,Peremptory Strike (Defendant/Respondent),American Indian/Alaskan Native,7,0,0.00,0.1224739742804654,-0.1224739742804654
931,Wayne,Empanelment,Peremptory Strike (Plaintiff/Petitioner),White,7,6,85.71,93.72320881812615,-8.01320881812616
931,Wayne,Criminal Panel,NULL,Black/African American,111,1,0.90,0.1837109614206981,0.7162890385793019
931,Wayne,Empanelment,Peremptory Strike (Defendant/Respondent),Hispanic/Latino/Spanish Origins,7,0,0.00,1.1788120024494795,-1.1788120024494795
931,Wayne,Overall Pool,NULL,Asian,530,0,0.00,0.09185548071034905,-0.09185548071034905
931,Wayne,Criminal Panel,NULL,Asian,111,0,0.00,0.09185548071034905,-0.09185548071034905
931,Wayne,Criminal Panel,NULL,Hispanic/Latino/Spanish Origins,111,0,0.00,1.1788120024494795,-1.1788120024494795
931,Wayne,Empanelment,Juror,Native Hawaiian/Pacific Islander,13,0,0.00,0,0
931,Wayne,Criminal Panel,NULL,White,111,109,98.20,93.72320881812615,4.47679118187385
931,Wayne,Empanelment,Peremptory Strike (Plaintiff/Petitioner),Native Hawaiian/Pacific Islander,7,0,0.00,0,0
931,Wayne,Empanelment,Juror,White,13,13,100.00,93.72320881812615,6.276791181873847
931,Wayne,Empanelment,Court,White,18,18,100.00,93.72320881812615,6.276791181873847
931,Wayne,Empanelment,Not Used,White,5,5,100.00,93.72320881812615,6.276791181873847
931,Wayne,Empanelment,No Result,Hispanic/Latino/Spanish Origins,61,0,0.00,1.1788120024494795,-1.1788120024494795
931,Wayne,Empanelment,Not Used,Hispanic/Latino/Spanish Origins,5,0,0.00,1.1788120024494795,-1.1788120024494795
931,Wayne,Overall Pool,NULL,Hispanic/Latino/Spanish Origins,530,0,0.00,1.1788120024494795,-1.1788120024494795
931,Wayne,Empanelment,No Result,White,61,60,98.36,93.72320881812615,4.636791181873846
931,Wayne,Empanelment,Peremptory Strike (Defendant/Respondent),White,7,7,100.00,93.72320881812615,6.276791181873847
931,Wayne,Empanelment,Peremptory Strike (Defendant/Respondent),Asian,7,0,0.00,0.09185548071034905,-0.09185548071034905
931,Wayne,Empanelment,No Result,Asian,61,0,0.00,0.09185548071034905,-0.09185548071034905
931,Wayne,Empanelment,Not Used,Asian,5,0,0.00,0.09185548071034905,-0.09185548071034905
931,Wayne,Empanelment,Court,Asian,18,0,0.00,0.09185548071034905,-0.09185548071034905
931,Wayne,Empanelment,Juror,Asian,13,0,0.00,0.09185548071034905,-0.09185548071034905
931,Wayne,Empanelment,Peremptory Strike (Plaintiff/Petitioner),Asian,7,0,0.00,0.09185548071034905,-0.09185548071034905
931,Wayne,Empanelment,Court,Hispanic/Latino/Spanish Origins,18,0,0.00,1.1788120024494795,-1.1788120024494795
931,Wayne,Empanelment,Juror,Hispanic/Latino/Spanish Origins,13,0,0.00,1.1788120024494795,-1.1788120024494795
931,Wayne,Empanelment,Not Used,Native Hawaiian/Pacific Islander,5,0,0.00,0,0
931,Wayne,Empanelment,Peremptory Strike (Plaintiff/Petitioner),Black/African American,7,0,0.00,0.1837109614206981,-0.1837109614206981
931,Wayne,Empanelment,Juror,Black/African American,13,0,0.00,0.1837109614206981,-0.1837109614206981
931,Wayne,Empanelment,Court,Black/African American,18,0,0.00,0.1837109614206981,-0.1837109614206981
931,Wayne,Empanelment,Not Used,Black/African American,5,0,0.00,0.1837109614206981,-0.1837109614206981
931,Wayne,Empanelment,No Result,Black/African American,61,1,1.64,0.1837109614206981,1.456289038579302
931,Wayne,Empanelment,Peremptory Strike (Defendant/Respondent),Black/African American,7,0,0.00,0.1837109614206981,-0.1837109614206981
931,Wayne,Empanelment,Peremptory Strike (Plaintiff/Petitioner),Hispanic/Latino/Spanish Origins,7,0,0.00,1.1788120024494795,-1.1788120024494795
931,Wayne,Empanelment,No Result,Native Hawaiian/Pacific Islander,61,0,0.00,0,0
931,Wayne,Criminal Panel,NULL,American Indian/Alaskan Native,111,1,0.90,0.1224739742804654,0.7775260257195347
931,Wayne,Empanelment,Court,Native Hawaiian/Pacific Islander,18,0,0.00,0,0
931,Wayne,Overall Pool,NULL,Black/African American,530,2,0.38,0.1837109614206981,0.1962890385793019
931,Wayne,Overall Pool,NULL,White,530,521,98.30,93.72320881812615,4.576791181873844
931,Wayne,Overall Pool,NULL,American Indian/Alaskan Native,530,4,0.75,0.1224739742804654,0.6275260257195346
931,Wayne,Overall Pool,NULL,Native Hawaiian/Pacific Islander,530,0,0.00,0,0
931,Wayne,Empanelment,Peremptory Strike (Defendant/Respondent),Native Hawaiian/Pacific Islander,7,0,0.00,0,0
931,Wayne,Criminal Panel,NULL,Native Hawaiian/Pacific Islander,111,0,0.00,0,0
931,Wayne,Empanelment,Peremptory Strike (Plaintiff/Petitioner),American Indian/Alaskan Native,7,0,0.00,0.1224739742804654,-0.1224739742804654
941,Webster,Empanelment,Not Used,Black/African American,493,12,2.43,3.2559778777856097,-0.8259778777856095
941,Webster,Empanelment,Alternate,Black/African American,5,0,0.00,3.2559778777856097,-3.2559778777856097
941,Webster,Empanelment,Peremptory Strike (Plaintiff/Petitioner),Black/African American,45,1,2.22,3.2559778777856097,-1.0359778777856095
941,Webster,Empanelment,Challenged For Cause (Defendant/Respondent),Black/African American,1,0,0.00,3.2559778777856097,-3.2559778777856097
941,Webster,Empanelment,Peremptory Strike (Defendant/Respondent),Black/African American,45,0,0.00,3.2559778777856097,-3.2559778777856097
941,Webster,Empanelment,Juror,Black/African American,73,0,0.00,3.2559778777856097,-3.2559778777856097
941,Webster,Empanelment,Peremptory Strike (Defendant/Respondent),White,45,44,97.78,83.88006289649189,13.899937103508108
941,Webster,Empanelment,Alternate,American Indian/Alaskan Native,5,0,0.00,0.26026134576804205,-0.26026134576804205
941,Webster,Empanelment,Peremptory Strike (Plaintiff/Petitioner),American Indian/Alaskan Native,45,0,0.00,0.26026134576804205,-0.26026134576804205
941,Webster,Empanelment,Challenged For Cause (Defendant/Respondent),American Indian/Alaskan Native,1,0,0.00,0.26026134576804205,-0.26026134576804205
941,Webster,Empanelment,Peremptory Strike (Defendant/Respondent),American Indian/Alaskan Native,45,0,0.00,0.26026134576804205,-0.26026134576804205
941,Webster,Empanelment,Juror,American Indian/Alaskan Native,73,0,0.00,0.26026134576804205,-0.26026134576804205
941,Webster,Criminal Panel,NULL,American Indian/Alaskan Native,728,3,0.41,0.26026134576804205,0.14973865423195792
941,Webster,Criminal Panel,NULL,Black/African American,728,19,2.61,3.2559778777856097,-0.6459778777856098
941,Webster,Empanelment,Juror,Hispanic/Latino/Spanish Origins,73,0,0.00,6.612264815919319,-6.612264815919319
941,Webster,Empanelment,Peremptory Strike (Defendant/Respondent),Hispanic/Latino/Spanish Origins,45,0,0.00,6.612264815919319,-6.612264815919319
941,Webster,Empanelment,Challenged For Cause (Defendant/Respondent),Hispanic/Latino/Spanish Origins,1,0,0.00,6.612264815919319,-6.612264815919319
941,Webster,Empanelment,Peremptory Strike (Plaintiff/Petitioner),Hispanic/Latino/Spanish Origins,45,0,0.00,6.612264815919319,-6.612264815919319
941,Webster,Empanelment,Alternate,Hispanic/Latino/Spanish Origins,5,0,0.00,6.612264815919319,-6.612264815919319
941,Webster,Empanelment,Not Used,Hispanic/Latino/Spanish Origins,493,0,0.00,6.612264815919319,-6.612264815919319
941,Webster,Empanelment,Challenged For Cause (Plaintiff/Petitioner),Hispanic/Latino/Spanish Origins,66,0,0.00,6.612264815919319,-6.612264815919319
941,Webster,Overall Pool,NULL,American Indian/Alaskan Native,4115,17,0.41,0.26026134576804205,0.14973865423195792
941,Webster,Overall Pool,NULL,White,4115,3770,91.62,83.88006289649189,7.739937103508112
941,Webster,Criminal Panel,NULL,Native Hawaiian/Pacific Islander,728,1,0.14,0,0.14
941,Webster,Empanelment,Challenged For Cause (Plaintiff/Petitioner),Native Hawaiian/Pacific Islander,66,0,0.00,0,0
941,Webster,Overall Pool,NULL,Asian,4115,36,0.87,1.233530336713116,-0.3635303367131161
941,Webster,Criminal Panel,NULL,Hispanic/Latino/Spanish Origins,728,0,0.00,6.612264815919319,-6.612264815919319
941,Webster,Overall Pool,NULL,Hispanic/Latino/Spanish Origins,4115,15,0.36,6.612264815919319,-6.252264815919319
941,Webster,Empanelment,Challenged For Cause (Plaintiff/Petitioner),White,66,57,86.36,83.88006289649189,2.4799371035081066
941,Webster,Empanelment,Not Used,White,493,462,93.71,83.88006289649189,9.829937103508101
941,Webster,Overall Pool,NULL,Black/African American,4115,128,3.11,3.2559778777856097,-0.14597787778560978
941,Webster,Empanelment,Alternate,White,5,5,100.00,83.88006289649189,16.119937103508107
941,Webster,Empanelment,Peremptory Strike (Plaintiff/Petitioner),White,45,43,95.56,83.88006289649189,11.67993710350811
941,Webster,Empanelment,Challenged For Cause (Defendant/Respondent),White,1,1,100.00,83.88006289649189,16.119937103508107
941,Webster,Empanelment,Not Used,American Indian/Alaskan Native,493,0,0.00,0.26026134576804205,-0.26026134576804205
941,Webster,Empanelment,Juror,White,73,70,95.89,83.88006289649189,12.009937103508108
941,Webster,Empanelment,Challenged For Cause (Plaintiff/Petitioner),American Indian/Alaskan Native,66,0,0.00,0.26026134576804205,-0.26026134576804205
941,Webster,Empanelment,Not Used,Native Hawaiian/Pacific Islander,493,1,0.20,0,0.2
941,Webster,Empanelment,Alternate,Native Hawaiian/Pacific Islander,5,0,0.00,0,0
941,Webster,Empanelment,Peremptory Strike (Plaintiff/Petitioner),Native Hawaiian/Pacific Islander,45,0,0.00,0,0
941,Webster,Criminal Panel,NULL,White,728,682,93.68,83.88006289649189,9.799937103508114
941,Webster,Criminal Panel,NULL,Asian,728,2,0.27,1.233530336713116,-0.963530336713116
941,Webster,Empanelment,Juror,Asian,73,1,1.37,1.233530336713116,0.13646966328688404
941,Webster,Empanelment,Peremptory Strike (Defendant/Respondent),Asian,45,0,0.00,1.233530336713116,-1.233530336713116
941,Webster,Empanelment,Challenged For Cause (Defendant/Respondent),Asian,1,0,0.00,1.233530336713116,-1.233530336713116
941,Webster,Empanelment,Peremptory Strike (Plaintiff/Petitioner),Asian,45,0,0.00,1.233530336713116,-1.233530336713116
941,Webster,Empanelment,Alternate,Asian,5,0,0.00,1.233530336713116,-1.233530336713116
941,Webster,Empanelment,Not Used,Asian,493,1,0.20,1.233530336713116,-1.0335303367131161
941,Webster,Empanelment,Challenged For Cause (Plaintiff/Petitioner),Asian,66,0,0.00,1.233530336713116,-1.233530336713116
941,Webster,Empanelment,Challenged For Cause (Defendant/Respondent),Native Hawaiian/Pacific Islander,1,0,0.00,0,0
941,Webster,Empanelment,Peremptory Strike (Defendant/Respondent),Native Hawaiian/Pacific Islander,45,0,0.00,0,0
941,Webster,Empanelment,Juror,Native Hawaiian/Pacific Islander,73,0,0.00,0,0
941,Webster,Empanelment,Challenged For Cause (Plaintiff/Petitioner),Black/African American,66,6,9.09,3.2559778777856097,5.834022122214391
941,Webster,Overall Pool,NULL,Native Hawaiian/Pacific Islander,4115,3,0.07,0,0.07
951,Winnebago,Empanelment,Peremptory Strike (Plaintiff/Petitioner),Black/African American,31,0,0.00,2.2394406123027495,-2.2394406123027495
951,Winnebago,Criminal Panel,NULL,Black/African American,310,1,0.32,2.2394406123027495,-1.9194406123027494
951,Winnebago,Criminal Panel,NULL,White,310,296,95.48,88.96343191911556,6.51656808088444
951,Winnebago,Overall Pool,NULL,Native Hawaiian/Pacific Islander,1032,0,0.00,0,0
951,Winnebago,Overall Pool,NULL,American Indian/Alaskan Native,1032,1,0.10,0.20788056316734382,-0.10788056316734382
951,Winnebago,Overall Pool,NULL,Asian,1032,8,0.78,1.3228763110649153,-0.5428763110649153
951,Winnebago,Overall Pool,NULL,White,1032,974,94.38,88.96343191911556,5.416568080884431
951,Winnebago,Overall Pool,NULL,Hispanic/Latino/Spanish Origins,1032,3,0.29,5.849003118208448,-5.559003118208448
951,Winnebago,Overall Pool,NULL,Black/African American,1032,14,1.36,2.2394406123027495,-0.8794406123027494
951,Winnebago,Empanelment,Peremptory Strike (Plaintiff/Petitioner),Asian,31,2,6.45,1.3228763110649153,5.127123688935085
951,Winnebago,Empanelment,Peremptory Strike (Defendant/Respondent),Asian,31,0,0.00,1.3228763110649153,-1.3228763110649153
951,Winnebago,Empanelment,Court,Asian,21,0,0.00,1.3228763110649153,-1.3228763110649153
951,Winnebago,Empanelment,Alternate,Asian,4,0,0.00,1.3228763110649153,-1.3228763110649153
951,Winnebago,Empanelment,Not Used,Asian,163,1,0.61,1.3228763110649153,-0.7128763110649153
951,Winnebago,Empanelment,Juror,Asian,60,0,0.00,1.3228763110649153,-1.3228763110649153
951,Winnebago,Empanelment,Peremptory Strike (Plaintiff/Petitioner),American Indian/Alaskan Native,31,0,0.00,0.20788056316734382,-0.20788056316734382
951,Winnebago,Empanelment,Peremptory Strike (Defendant/Respondent),American Indian/Alaskan Native,31,0,0.00,0.20788056316734382,-0.20788056316734382
951,Winnebago,Empanelment,Court,American Indian/Alaskan Native,21,0,0.00,0.20788056316734382,-0.20788056316734382
951,Winnebago,Empanelment,Alternate,American Indian/Alaskan Native,4,0,0.00,0.20788056316734382,-0.20788056316734382
951,Winnebago,Empanelment,Peremptory Strike (Plaintiff/Petitioner),Hispanic/Latino/Spanish Origins,31,0,0.00,5.849003118208448,-5.849003118208448
951,Winnebago,Empanelment,Peremptory Strike (Defendant/Respondent),Hispanic/Latino/Spanish Origins,31,0,0.00,5.849003118208448,-5.849003118208448
951,Winnebago,Empanelment,Court,Hispanic/Latino/Spanish Origins,21,0,0.00,5.849003118208448,-5.849003118208448
951,Winnebago,Empanelment,Alternate,Hispanic/Latino/Spanish Origins,4,0,0.00,5.849003118208448,-5.849003118208448
951,Winnebago,Empanelment,Not Used,Hispanic/Latino/Spanish Origins,163,0,0.00,5.849003118208448,-5.849003118208448
951,Winnebago,Empanelment,Juror,Hispanic/Latino/Spanish Origins,60,0,0.00,5.849003118208448,-5.849003118208448
951,Winnebago,Empanelment,Peremptory Strike (Plaintiff/Petitioner),Native Hawaiian/Pacific Islander,31,0,0.00,0,0
951,Winnebago,Empanelment,Peremptory Strike (Defendant/Respondent),Native Hawaiian/Pacific Islander,31,0,0.00,0,0
951,Winnebago,Empanelment,Court,Native Hawaiian/Pacific Islander,21,0,0.00,0,0
951,Winnebago,Empanelment,Alternate,Native Hawaiian/Pacific Islander,4,0,0.00,0,0
951,Winnebago,Empanelment,Not Used,Native Hawaiian/Pacific Islander,163,0,0.00,0,0
951,Winnebago,Empanelment,Juror,Native Hawaiian/Pacific Islander,60,0,0.00,0,0
951,Winnebago,Empanelment,Not Used,American Indian/Alaskan Native,163,0,0.00,0.20788056316734382,-0.20788056316734382
951,Winnebago,Empanelment,Juror,American Indian/Alaskan Native,60,0,0.00,0.20788056316734382,-0.20788056316734382
951,Winnebago,Empanelment,Peremptory Strike (Defendant/Respondent),Black/African American,31,0,0.00,2.2394406123027495,-2.2394406123027495
951,Winnebago,Empanelment,Court,Black/African American,21,0,0.00,2.2394406123027495,-2.2394406123027495
951,Winnebago,Empanelment,Alternate,Black/African American,4,0,0.00,2.2394406123027495,-2.2394406123027495
951,Winnebago,Empanelment,Not Used,Black/African American,163,0,0.00,2.2394406123027495,-2.2394406123027495
951,Winnebago,Empanelment,Juror,Black/African American,60,1,1.67,2.2394406123027495,-0.5694406123027496
951,Winnebago,Empanelment,Peremptory Strike (Plaintiff/Petitioner),White,31,28,90.32,88.96343191911556,1.3565680808844292
951,Winnebago,Empanelment,Peremptory Strike (Defendant/Respondent),White,31,30,96.77,88.96343191911556,7.806568080884432
951,Winnebago,Empanelment,Court,White,21,21,100.00,88.96343191911556,11.036568080884436
951,Winnebago,Empanelment,Alternate,White,4,4,100.00,88.96343191911556,11.036568080884436
951,Winnebago,Empanelment,Not Used,White,163,154,94.48,88.96343191911556,5.51656808088444
951,Winnebago,Empanelment,Juror,White,60,59,98.33,88.96343191911556,9.366568080884434
951,Winnebago,Criminal Panel,NULL,Native Hawaiian/Pacific Islander,310,0,0.00,0,0
951,Winnebago,Criminal Panel,NULL,American Indian/Alaskan Native,310,0,0.00,0.20788056316734382,-0.20788056316734382
951,Winnebago,Criminal Panel,NULL,Asian,310,3,0.97,1.3228763110649153,-0.35287631106491535
951,Winnebago,Criminal Panel,NULL,Hispanic/Latino/Spanish Origins,310,0,0.00,5.849003118208448,-5.849003118208448
961,Winneshiek,Empanelment,Juror,Black/African American,14,0,0.00,0.40758818497458865,-0.40758818497458865
961,Winneshiek,Empanelment,Peremptory Strike (Defendant/Respondent),Black/African American,13,0,0.00,0.40758818497458865,-0.40758818497458865
961,Winneshiek,Empanelment,Peremptory Strike (Plaintiff/Petitioner),Black/African American,13,0,0.00,0.40758818497458865,-0.40758818497458865
961,Winneshiek,Criminal Panel,NULL,Asian,142,3,2.11,0.5384189603985307,1.5715810396014693
961,Winneshiek,Criminal Panel,NULL,Black/African American,142,0,0.00,0.40758818497458865,-0.40758818497458865
961,Winneshiek,Empanelment,Peremptory Strike (Plaintiff/Petitioner),American Indian/Alaskan Native,13,0,0.00,0.3673325617672219,-0.3673325617672219
961,Winneshiek,Empanelment,Peremptory Strike (Defendant/Respondent),American Indian/Alaskan Native,13,0,0.00,0.3673325617672219,-0.3673325617672219
961,Winneshiek,Empanelment,Juror,American Indian/Alaskan Native,14,0,0.00,0.3673325617672219,-0.3673325617672219
961,Winneshiek,Empanelment,No Result,American Indian/Alaskan Native,33,0,0.00,0.3673325617672219,-0.3673325617672219
961,Winneshiek,Empanelment,Peremptory Strike (Plaintiff/Petitioner),Native Hawaiian/Pacific Islander,13,0,0.00,0.005031952900920848,-0.005031952900920848
961,Winneshiek,Empanelment,Peremptory Strike (Defendant/Respondent),Native Hawaiian/Pacific Islander,13,0,0.00,0.005031952900920848,-0.005031952900920848
961,Winneshiek,Empanelment,Juror,Native Hawaiian/Pacific Islander,14,0,0.00,0.005031952900920848,-0.005031952900920848
961,Winneshiek,Empanelment,No Result,Native Hawaiian/Pacific Islander,33,0,0.00,0.005031952900920848,-0.005031952900920848
961,Winneshiek,Empanelment,Not Used,Native Hawaiian/Pacific Islander,61,0,0.00,0.005031952900920848,-0.005031952900920848
961,Winneshiek,Empanelment,Court,Native Hawaiian/Pacific Islander,9,0,0.00,0.005031952900920848,-0.005031952900920848
961,Winneshiek,Empanelment,Peremptory Strike (Plaintiff/Petitioner),Asian,13,0,0.00,0.5384189603985307,-0.5384189603985307
961,Winneshiek,Empanelment,Peremptory Strike (Defendant/Respondent),Asian,13,0,0.00,0.5384189603985307,-0.5384189603985307
961,Winneshiek,Empanelment,Juror,Asian,14,0,0.00,0.5384189603985307,-0.5384189603985307
961,Winneshiek,Empanelment,No Result,Asian,33,0,0.00,0.5384189603985307,-0.5384189603985307
961,Winneshiek,Empanelment,Not Used,Asian,61,3,4.92,0.5384189603985307,4.381581039601469
961,Winneshiek,Empanelment,Court,Asian,9,0,0.00,0.5384189603985307,-0.5384189603985307
961,Winneshiek,Empanelment,Court,White,9,8,88.89,93.25718311276606,-4.367183112766057
961,Winneshiek,Empanelment,Not Used,White,61,58,95.08,93.25718311276606,1.822816887233941
961,Winneshiek,Empanelment,No Result,White,33,33,100.00,93.25718311276606,6.742816887233943
961,Winneshiek,Empanelment,Juror,White,14,14,100.00,93.25718311276606,6.742816887233943
961,Winneshiek,Empanelment,Peremptory Strike (Defendant/Respondent),White,13,12,92.31,93.25718311276606,-0.947183112766055
961,Winneshiek,Empanelment,Peremptory Strike (Plaintiff/Petitioner),White,13,13,100.00,93.25718311276606,6.742816887233943
961,Winneshiek,Criminal Panel,NULL,White,142,138,97.18,93.25718311276606,3.9228168872339495
961,Winneshiek,Criminal Panel,NULL,Hispanic/Latino/Spanish Origins,142,0,0.00,3.0795551753635584,-3.0795551753635584
961,Winneshiek,Empanelment,Not Used,American Indian/Alaskan Native,61,0,0.00,0.3673325617672219,-0.3673325617672219
961,Winneshiek,Empanelment,Court,American Indian/Alaskan Native,9,0,0.00,0.3673325617672219,-0.3673325617672219
961,Winneshiek,Overall Pool,NULL,Black/African American,1316,4,0.30,0.40758818497458865,-0.10758818497458866
961,Winneshiek,Overall Pool,NULL,White,1316,1286,97.72,93.25718311276606,4.4628168872339415
961,Winneshiek,Overall Pool,NULL,Hispanic/Latino/Spanish Origins,1316,0,0.00,3.0795551753635584,-3.0795551753635584
961,Winneshiek,Overall Pool,NULL,Asian,1316,10,0.76,0.5384189603985307,0.22158103960146935
961,Winneshiek,Criminal Panel,NULL,Native Hawaiian/Pacific Islander,142,0,0.00,0.005031952900920848,-0.005031952900920848
961,Winneshiek,Overall Pool,NULL,American Indian/Alaskan Native,1316,0,0.00,0.3673325617672219,-0.3673325617672219
961,Winneshiek,Criminal Panel,NULL,American Indian/Alaskan Native,142,0,0.00,0.3673325617672219,-0.3673325617672219
961,Winneshiek,Overall Pool,NULL,Native Hawaiian/Pacific Islander,1316,2,0.15,0.005031952900920848,0.14496804709907915
961,Winneshiek,Empanelment,Peremptory Strike (Plaintiff/Petitioner),Hispanic/Latino/Spanish Origins,13,0,0.00,3.0795551753635584,-3.0795551753635584
961,Winneshiek,Empanelment,Peremptory Strike (Defendant/Respondent),Hispanic/Latino/Spanish Origins,13,0,0.00,3.0795551753635584,-3.0795551753635584
961,Winneshiek,Empanelment,Juror,Hispanic/Latino/Spanish Origins,14,0,0.00,3.0795551753635584,-3.0795551753635584
961,Winneshiek,Empanelment,No Result,Hispanic/Latino/Spanish Origins,33,0,0.00,3.0795551753635584,-3.0795551753635584
961,Winneshiek,Empanelment,Not Used,Hispanic/Latino/Spanish Origins,61,0,0.00,3.0795551753635584,-3.0795551753635584
961,Winneshiek,Empanelment,Court,Hispanic/Latino/Spanish Origins,9,0,0.00,3.0795551753635584,-3.0795551753635584
961,Winneshiek,Empanelment,Court,Black/African American,9,0,0.00,0.40758818497458865,-0.40758818497458865
961,Winneshiek,Empanelment,Not Used,Black/African American,61,0,0.00,0.40758818497458865,-0.40758818497458865
961,Winneshiek,Empanelment,No Result,Black/African American,33,0,0.00,0.40758818497458865,-0.40758818497458865
971,Woodbury,Empanelment,Juror,American Indian/Alaskan Native,296,0,0.00,1.7873445838470732,-1.7873445838470732
971,Woodbury,Empanelment,Court,Native Hawaiian/Pacific Islander,183,1,0.55,0.7294323604431184,-0.1794323604431184
971,Woodbury,Criminal Panel,NULL,White,1463,1263,86.33,67.08801189680649,19.241988103193506
971,Woodbury,Empanelment,No Result,Native Hawaiian/Pacific Islander,198,0,0.00,0.7294323604431184,-0.7294323604431184
971,Woodbury,Overall Pool,NULL,Native Hawaiian/Pacific Islander,10699,32,0.30,0.7294323604431184,-0.42943236044311844
971,Woodbury,Empanelment,Peremptory Strike (Defendant/Respondent),Native Hawaiian/Pacific Islander,155,0,0.00,0.7294323604431184,-0.7294323604431184
971,Woodbury,Criminal Panel,NULL,Asian,1463,29,1.98,2.36524325392717,-0.38524325392716996
971,Woodbury,Empanelment,Not Used,Native Hawaiian/Pacific Islander,477,2,0.42,0.7294323604431184,-0.30943236044311845
971,Woodbury,Criminal Panel,NULL,Hispanic/Latino/Spanish Origins,1463,2,0.14,19.121481077112765,-18.981481077112765
971,Woodbury,Empanelment,No Result,Hispanic/Latino/Spanish Origins,198,0,0.00,19.121481077112765,-19.121481077112765
971,Woodbury,Empanelment,Not Used,Hispanic/Latino/Spanish Origins,477,1,0.21,19.121481077112765,-18.911481077112764
971,Woodbury,Empanelment,Peremptory Strike (Defendant/Respondent),Hispanic/Latino/Spanish Origins,155,0,0.00,19.121481077112765,-19.121481077112765
971,Woodbury,Empanelment,Court,Hispanic/Latino/Spanish Origins,183,0,0.00,19.121481077112765,-19.121481077112765
971,Woodbury,Empanelment,Juror,Hispanic/Latino/Spanish Origins,296,1,0.34,19.121481077112765,-18.781481077112765
971,Woodbury,Empanelment,Peremptory Strike (Plaintiff/Petitioner),Hispanic/Latino/Spanish Origins,156,0,0.00,19.121481077112765,-19.121481077112765
971,Woodbury,Criminal Panel,NULL,American Indian/Alaskan Native,1463,22,1.50,1.7873445838470732,-0.2873445838470732
971,Woodbury,Empanelment,Juror,Asian,296,3,1.01,2.36524325392717,-1.35524325392717
971,Woodbury,Empanelment,Peremptory Strike (Plaintiff/Petitioner),Asian,156,0,0.00,2.36524325392717,-2.36524325392717
971,Woodbury,Empanelment,Not Used,Black/African American,477,8,1.68,4.946022005327209,-3.2660220053272093
971,Woodbury,Empanelment,Peremptory Strike (Plaintiff/Petitioner),American Indian/Alaskan Native,156,0,0.00,1.7873445838470732,-1.7873445838470732
971,Woodbury,Overall Pool,NULL,White,10699,8864,82.85,67.08801189680649,15.761988103193502
971,Woodbury,Empanelment,Court,American Indian/Alaskan Native,183,0,0.00,1.7873445838470732,-1.7873445838470732
971,Woodbury,Overall Pool,NULL,Black/African American,10699,362,3.38,4.946022005327209,-1.5660220053272091
971,Woodbury,Empanelment,No Result,American Indian/Alaskan Native,198,0,0.00,1.7873445838470732,-1.7873445838470732
971,Woodbury,Empanelment,No Result,Black/African American,198,9,4.55,4.946022005327209,-0.3960220053272092
971,Woodbury,Empanelment,Peremptory Strike (Plaintiff/Petitioner),Black/African American,156,6,3.85,4.946022005327209,-1.096022005327209
971,Woodbury,Overall Pool,NULL,Hispanic/Latino/Spanish Origins,10699,174,1.63,19.121481077112765,-17.491481077112766
971,Woodbury,Empanelment,Not Used,American Indian/Alaskan Native,477,0,0.00,1.7873445838470732,-1.7873445838470732
971,Woodbury,Empanelment,Juror,Black/African American,296,5,1.69,4.946022005327209,-3.256022005327209
971,Woodbury,Overall Pool,NULL,Asian,10699,281,2.63,2.36524325392717,0.26475674607282995
971,Woodbury,Empanelment,Juror,Native Hawaiian/Pacific Islander,296,1,0.34,0.7294323604431184,-0.3894323604431184
971,Woodbury,Empanelment,No Result,Asian,198,7,3.54,2.36524325392717,1.17475674607283
971,Woodbury,Empanelment,Not Used,Asian,477,5,1.05,2.36524325392717,-1.31524325392717
971,Woodbury,Empanelment,Peremptory Strike (Defendant/Respondent),Asian,155,3,1.94,2.36524325392717,-0.42524325392717
971,Woodbury,Empanelment,Court,Asian,183,11,6.01,2.36524325392717,3.64475674607283
971,Woodbury,Empanelment,Peremptory Strike (Plaintiff/Petitioner),Native Hawaiian/Pacific Islander,156,0,0.00,0.7294323604431184,-0.7294323604431184
971,Woodbury,Empanelment,Peremptory Strike (Plaintiff/Petitioner),White,156,132,84.62,67.08801189680649,17.531988103193513
971,Woodbury,Empanelment,Juror,White,296,262,88.51,67.08801189680649,21.421988103193513
971,Woodbury,Empanelment,Court,White,183,138,75.41,67.08801189680649,8.321988103193505
971,Woodbury,Empanelment,Peremptory Strike (Defendant/Respondent),White,155,146,94.19,67.08801189680649,27.101988103193506
971,Woodbury,Empanelment,Not Used,White,477,426,89.31,67.08801189680649,22.22198810319351
971,Woodbury,Empanelment,No Result,White,198,159,80.30,67.08801189680649,13.211988103193505
971,Woodbury,Criminal Panel,NULL,Native Hawaiian/Pacific Islander,1463,4,0.27,0.7294323604431184,-0.4594323604431184
971,Woodbury,Empanelment,Court,Black/African American,183,5,2.73,4.946022005327209,-2.216022005327209
971,Woodbury,Criminal Panel,NULL,Black/African American,1463,34,2.32,4.946022005327209,-2.626022005327209
971,Woodbury,Empanelment,Peremptory Strike (Defendant/Respondent),American Indian/Alaskan Native,155,0,0.00,1.7873445838470732,-1.7873445838470732
971,Woodbury,Empanelment,Peremptory Strike (Defendant/Respondent),Black/African American,155,1,0.65,4.946022005327209,-4.296022005327209
971,Woodbury,Overall Pool,NULL,American Indian/Alaskan Native,10699,152,1.42,1.7873445838470732,-0.36734458384707325
981,Worth,Empanelment,Challenged For Cause (Defendant/Respondent),Black/African American,3,0,0.00,0.8027210884353742,-0.8027210884353742
981,Worth,Empanelment,Peremptory Strike (Plaintiff/Petitioner),American Indian/Alaskan Native,7,0,0.00,0.163265306122449,-0.163265306122449
981,Worth,Empanelment,Challenged For Cause (Plaintiff/Petitioner),American Indian/Alaskan Native,1,0,0.00,0.163265306122449,-0.163265306122449
981,Worth,Empanelment,Not Used,American Indian/Alaskan Native,24,0,0.00,0.163265306122449,-0.163265306122449
981,Worth,Empanelment,Alternate,American Indian/Alaskan Native,2,0,0.00,0.163265306122449,-0.163265306122449
981,Worth,Empanelment,Peremptory Strike (Defendant/Respondent),American Indian/Alaskan Native,7,0,0.00,0.163265306122449,-0.163265306122449
981,Worth,Empanelment,Challenged For Cause (Defendant/Respondent),Asian,3,0,0.00,0.5578231292517006,-0.5578231292517006
981,Worth,Empanelment,Juror,Asian,12,0,0.00,0.5578231292517006,-0.5578231292517006
981,Worth,Empanelment,Court,Asian,16,0,0.00,0.5578231292517006,-0.5578231292517006
981,Worth,Empanelment,Peremptory Strike (Plaintiff/Petitioner),Asian,7,0,0.00,0.5578231292517006,-0.5578231292517006
981,Worth,Empanelment,Challenged For Cause (Plaintiff/Petitioner),Asian,1,0,0.00,0.5578231292517006,-0.5578231292517006
981,Worth,Empanelment,Not Used,Asian,24,0,0.00,0.5578231292517006,-0.5578231292517006
981,Worth,Empanelment,Alternate,Asian,2,0,0.00,0.5578231292517006,-0.5578231292517006
981,Worth,Empanelment,Peremptory Strike (Defendant/Respondent),Asian,7,0,0.00,0.5578231292517006,-0.5578231292517006
981,Worth,Empanelment,Challenged For Cause (Defendant/Respondent),Hispanic/Latino/Spanish Origins,3,0,0.00,3.510204081632653,-3.510204081632653
981,Worth,Empanelment,Juror,Hispanic/Latino/Spanish Origins,12,0,0.00,3.510204081632653,-3.510204081632653
981,Worth,Empanelment,Court,Hispanic/Latino/Spanish Origins,16,0,0.00,3.510204081632653,-3.510204081632653
981,Worth,Empanelment,Peremptory Strike (Plaintiff/Petitioner),Hispanic/Latino/Spanish Origins,7,0,0.00,3.510204081632653,-3.510204081632653
981,Worth,Empanelment,Challenged For Cause (Plaintiff/Petitioner),Hispanic/Latino/Spanish Origins,1,0,0.00,3.510204081632653,-3.510204081632653
981,Worth,Empanelment,Not Used,Hispanic/Latino/Spanish Origins,24,0,0.00,3.510204081632653,-3.510204081632653
981,Worth,Empanelment,Alternate,Hispanic/Latino/Spanish Origins,2,0,0.00,3.510204081632653,-3.510204081632653
981,Worth,Empanelment,Peremptory Strike (Defendant/Respondent),Hispanic/Latino/Spanish Origins,7,0,0.00,3.510204081632653,-3.510204081632653
981,Worth,Empanelment,Court,American Indian/Alaskan Native,16,0,0.00,0.163265306122449,-0.163265306122449
981,Worth,Empanelment,Juror,Black/African American,12,0,0.00,0.8027210884353742,-0.8027210884353742
981,Worth,Empanelment,Court,Black/African American,16,0,0.00,0.8027210884353742,-0.8027210884353742
981,Worth,Empanelment,Peremptory Strike (Plaintiff/Petitioner),Black/African American,7,0,0.00,0.8027210884353742,-0.8027210884353742
981,Worth,Empanelment,Challenged For Cause (Plaintiff/Petitioner),Black/African American,1,0,0.00,0.8027210884353742,-0.8027210884353742
981,Worth,Empanelment,Not Used,Black/African American,24,0,0.00,0.8027210884353742,-0.8027210884353742
981,Worth,Empanelment,Alternate,Black/African American,2,0,0.00,0.8027210884353742,-0.8027210884353742
981,Worth,Empanelment,Peremptory Strike (Defendant/Respondent),Black/African American,7,0,0.00,0.8027210884353742,-0.8027210884353742
981,Worth,Empanelment,Challenged For Cause (Defendant/Respondent),White,3,3,100.00,93.29251700680273,6.707482993197274
981,Worth,Empanelment,Juror,White,12,12,100.00,93.29251700680273,6.707482993197274
981,Worth,Empanelment,Court,White,16,16,100.00,93.29251700680273,6.707482993197274
981,Worth,Empanelment,Peremptory Strike (Plaintiff/Petitioner),White,7,7,100.00,93.29251700680273,6.707482993197274
981,Worth,Empanelment,Challenged For Cause (Plaintiff/Petitioner),White,1,1,100.00,93.29251700680273,6.707482993197274
981,Worth,Empanelment,Not Used,White,24,24,100.00,93.29251700680273,6.707482993197274
981,Worth,Empanelment,Alternate,White,2,2,100.00,93.29251700680273,6.707482993197274
981,Worth,Empanelment,Peremptory Strike (Defendant/Respondent),White,7,6,85.71,93.29251700680273,-7.582517006802732
981,Worth,Criminal Panel,NULL,Native Hawaiian/Pacific Islander,72,0,0.00,0,0
981,Worth,Criminal Panel,NULL,American Indian/Alaskan Native,72,0,0.00,0.163265306122449,-0.163265306122449
981,Worth,Criminal Panel,NULL,Asian,72,0,0.00,0.5578231292517006,-0.5578231292517006
981,Worth,Criminal Panel,NULL,Hispanic/Latino/Spanish Origins,72,0,0.00,3.510204081632653,-3.510204081632653
981,Worth,Criminal Panel,NULL,Black/African American,72,0,0.00,0.8027210884353742,-0.8027210884353742
981,Worth,Criminal Panel,NULL,White,72,71,98.61,93.29251700680273,5.317482993197274
981,Worth,Overall Pool,NULL,Native Hawaiian/Pacific Islander,931,0,0.00,0,0
981,Worth,Overall Pool,NULL,American Indian/Alaskan Native,931,1,0.11,0.163265306122449,-0.053265306122448994
981,Worth,Overall Pool,NULL,Asian,931,0,0.00,0.5578231292517006,-0.5578231292517006
981,Worth,Overall Pool,NULL,Hispanic/Latino/Spanish Origins,931,0,0.00,3.510204081632653,-3.510204081632653
981,Worth,Overall Pool,NULL,Black/African American,931,2,0.21,0.8027210884353742,-0.5927210884353742
981,Worth,Overall Pool,NULL,White,931,912,97.96,93.29251700680273,4.667482993197268
981,Worth,Empanelment,Juror,Native Hawaiian/Pacific Islander,12,0,0.00,0,0
981,Worth,Empanelment,Challenged For Cause (Defendant/Respondent),Native Hawaiian/Pacific Islander,3,0,0.00,0,0
981,Worth,Empanelment,Peremptory Strike (Defendant/Respondent),Native Hawaiian/Pacific Islander,7,0,0.00,0,0
981,Worth,Empanelment,Alternate,Native Hawaiian/Pacific Islander,2,0,0.00,0,0
981,Worth,Empanelment,Not Used,Native Hawaiian/Pacific Islander,24,0,0.00,0,0
981,Worth,Empanelment,Challenged For Cause (Plaintiff/Petitioner),Native Hawaiian/Pacific Islander,1,0,0.00,0,0
981,Worth,Empanelment,Peremptory Strike (Plaintiff/Petitioner),Native Hawaiian/Pacific Islander,7,0,0.00,0,0
981,Worth,Empanelment,Court,Native Hawaiian/Pacific Islander,16,0,0.00,0,0
981,Worth,Empanelment,Challenged For Cause (Defendant/Respondent),American Indian/Alaskan Native,3,0,0.00,0.163265306122449,-0.163265306122449
981,Worth,Empanelment,Juror,American Indian/Alaskan Native,12,0,0.00,0.163265306122449,-0.163265306122449
991,Wright,Empanelment,Peremptory Strike (Defendant/Respondent),Native Hawaiian/Pacific Islander,5,0,0.00,0,0
991,Wright,Empanelment,Challenged For Cause (Plaintiff/Petitioner),Native Hawaiian/Pacific Islander,1,0,0.00,0,0
991,Wright,Empanelment,Not Used,Native Hawaiian/Pacific Islander,28,0,0.00,0,0
991,Wright,Overall Pool,NULL,Native Hawaiian/Pacific Islander,797,0,0.00,0,0
991,Wright,Criminal Panel,NULL,White,54,52,96.30,75.53748729575483,20.762512704245168
991,Wright,Criminal Panel,NULL,Black/African American,54,0,0.00,0.4378078336330232,-0.4378078336330232
991,Wright,Criminal Panel,NULL,Hispanic/Latino/Spanish Origins,54,0,0.00,19.912438433273397,-19.912438433273397
991,Wright,Criminal Panel,NULL,Asian,54,1,1.85,0.4690798217496677,1.3809201782503324
991,Wright,Criminal Panel,NULL,American Indian/Alaskan Native,54,0,0.00,0.5472597920412791,-0.5472597920412791
991,Wright,Criminal Panel,NULL,Native Hawaiian/Pacific Islander,54,0,0.00,0,0
991,Wright,Empanelment,Court,White,2,2,100.00,75.53748729575483,24.46251270424517
991,Wright,Empanelment,Peremptory Strike (Plaintiff/Petitioner),White,5,5,100.00,75.53748729575483,24.46251270424517
991,Wright,Empanelment,Juror,White,13,13,100.00,75.53748729575483,24.46251270424517
991,Wright,Empanelment,Peremptory Strike (Defendant/Respondent),White,5,3,60.00,75.53748729575483,-15.53748729575483
991,Wright,Empanelment,Challenged For Cause (Plaintiff/Petitioner),White,1,1,100.00,75.53748729575483,24.46251270424517
991,Wright,Empanelment,Not Used,White,28,28,100.00,75.53748729575483,24.46251270424517
991,Wright,Empanelment,Court,Black/African American,2,0,0.00,0.4378078336330232,-0.4378078336330232
991,Wright,Empanelment,Peremptory Strike (Plaintiff/Petitioner),Black/African American,5,0,0.00,0.4378078336330232,-0.4378078336330232
991,Wright,Empanelment,Juror,Black/African American,13,0,0.00,0.4378078336330232,-0.4378078336330232
991,Wright,Empanelment,Peremptory Strike (Defendant/Respondent),Black/African American,5,0,0.00,0.4378078336330232,-0.4378078336330232
991,Wright,Empanelment,Challenged For Cause (Plaintiff/Petitioner),Black/African American,1,0,0.00,0.4378078336330232,-0.4378078336330232
991,Wright,Empanelment,Not Used,Black/African American,28,0,0.00,0.4378078336330232,-0.4378078336330232
991,Wright,Empanelment,Court,Hispanic/Latino/Spanish Origins,2,0,0.00,19.912438433273397,-19.912438433273397
991,Wright,Empanelment,Peremptory Strike (Plaintiff/Petitioner),Hispanic/Latino/Spanish Origins,5,0,0.00,19.912438433273397,-19.912438433273397
991,Wright,Empanelment,Juror,Hispanic/Latino/Spanish Origins,13,0,0.00,19.912438433273397,-19.912438433273397
991,Wright,Empanelment,Peremptory Strike (Defendant/Respondent),Hispanic/Latino/Spanish Origins,5,0,0.00,19.912438433273397,-19.912438433273397
991,Wright,Empanelment,Challenged For Cause (Plaintiff/Petitioner),Hispanic/Latino/Spanish Origins,1,0,0.00,19.912438433273397,-19.912438433273397
991,Wright,Empanelment,Not Used,Hispanic/Latino/Spanish Origins,28,0,0.00,19.912438433273397,-19.912438433273397
991,Wright,Empanelment,Court,Asian,2,0,0.00,0.4690798217496677,-0.4690798217496677
991,Wright,Empanelment,Peremptory Strike (Plaintiff/Petitioner),Asian,5,0,0.00,0.4690798217496677,-0.4690798217496677
991,Wright,Empanelment,Juror,Asian,13,0,0.00,0.4690798217496677,-0.4690798217496677
991,Wright,Empanelment,Peremptory Strike (Defendant/Respondent),Asian,5,1,20.00,0.4690798217496677,19.530920178250334
991,Wright,Empanelment,Challenged For Cause (Plaintiff/Petitioner),Asian,1,0,0.00,0.4690798217496677,-0.4690798217496677
991,Wright,Empanelment,Not Used,Asian,28,0,0.00,0.4690798217496677,-0.4690798217496677
991,Wright,Empanelment,Not Used,American Indian/Alaskan Native,28,0,0.00,0.5472597920412791,-0.5472597920412791
991,Wright,Empanelment,Challenged For Cause (Plaintiff/Petitioner),American Indian/Alaskan Native,1,0,0.00,0.5472597920412791,-0.5472597920412791
991,Wright,Empanelment,Peremptory Strike (Defendant/Respondent),American Indian/Alaskan Native,5,0,0.00,0.5472597920412791,-0.5472597920412791
991,Wright,Empanelment,Juror,American Indian/Alaskan Native,13,0,0.00,0.5472597920412791,-0.5472597920412791
991,Wright,Overall Pool,NULL,White,797,732,91.84,75.53748729575483,16.302512704245174
991,Wright,Overall Pool,NULL,Black/African American,797,5,0.63,0.4378078336330232,0.19219216636697678
991,Wright,Overall Pool,NULL,Hispanic/Latino/Spanish Origins,797,7,0.88,19.912438433273397,-19.0324384332734
991,Wright,Overall Pool,NULL,Asian,797,6,0.75,0.4690798217496677,0.2809201782503323
991,Wright,Overall Pool,NULL,American Indian/Alaskan Native,797,3,0.38,0.5472597920412791,-0.16725979204127905
991,Wright,Empanelment,Peremptory Strike (Plaintiff/Petitioner),American Indian/Alaskan Native,5,0,0.00,0.5472597920412791,-0.5472597920412791
991,Wright,Empanelment,Court,American Indian/Alaskan Native,2,0,0.00,0.5472597920412791,-0.5472597920412791
991,Wright,Empanelment,Court,Native Hawaiian/Pacific Islander,2,0,0.00,0,0
991,Wright,Empanelment,Peremptory Strike (Plaintiff/Petitioner),Native Hawaiian/Pacific Islander,5,0,0.00,0,0
991,Wright,Empanelment,Juror,Native Hawaiian/Pacific Islander,13,0,0.00,0,0
