"court_number","county_name","dataset","race","adjusted_total","jury_count","jury_pool_pct","county_population_pct","representation_gap","population_proportion","expected_count","expected_binomial_sd","standardized_difference","below_expected_1sd","below_expected_2sd","above_expected_1sd","above_expected_2sd"
"011","Adair","Overall Pool","Hispanic/Latino/Spanish Origins",715,0,0,3.15013404825737,-3.15013404825737,0.0315013404825737,22.5234584450402,4.67053950970527,-4.82245325154343,TRUE,TRUE,FALSE,FALSE
"011","Adair","Overall Pool","Black/African American",715,4,0.56,1.54155495978552,-0.981554959785523,0.0154155495978552,11.0221179624665,3.29426865272744,-2.1316166660095,TRUE,TRUE,FALSE,FALSE
"011","Adair","Overall Pool","American Indian/Alaskan Native",715,1,0.14,0.17426273458445,-0.0342627345844504,0.0017426273458445,1.24597855227882,1.11526107973931,-0.220556923170239,FALSE,FALSE,FALSE,FALSE
"011","Adair","Overall Pool","Native Hawaiian/Pacific Islander",715,0,0,0.0670241286863271,-0.0670241286863271,0.000670241286863271,0.479222520107239,0.692026968685952,-0.692491104815185,FALSE,FALSE,FALSE,FALSE
"011","Adair","Overall Pool","Asian",715,3,0.42,0.308310991957105,0.111689008042895,0.00308310991957105,2.2044235924933,1.48243958131465,0.536667003184827,FALSE,FALSE,FALSE,FALSE
"011","Adair","Overall Pool","White",715,699,97.76,93.0563002680965,4.70369973190348,0.930563002680965,665.35254691689,6.79706429397876,4.95029201252617,FALSE,FALSE,TRUE,TRUE
"021","Adams","Overall Pool","White",661,643,97.28,94.4781888459415,2.80181115405853,0.944781888459415,624.500828271673,5.87228715175723,3.15024985159166,FALSE,FALSE,TRUE,TRUE
"021","Adams","Overall Pool","Hispanic/Latino/Spanish Origins",661,1,0.15,1.73937051352844,-1.58937051352844,0.0173937051352844,11.497239094423,3.36113961443804,-3.12311903062022,TRUE,TRUE,FALSE,FALSE
"021","Adams","Overall Pool","Asian",661,5,0.76,0,0.76,0,0,0,NA,NA,NA,NA,NA
"021","Adams","Overall Pool","Native Hawaiian/Pacific Islander",661,0,0,0,0,0,0,0,NA,NA,NA,NA,NA
"021","Adams","Overall Pool","American Indian/Alaskan Native",661,0,0,0.220872446162341,-0.220872446162341,0.00220872446162341,1.45996686913308,1.20695575917101,-1.20962749300426,TRUE,FALSE,FALSE,FALSE
"021","Adams","Overall Pool","Black/African American",661,2,0.3,0.303699613473219,-0.00369961347321923,0.00303699613473219,2.00745444505798,1.41469354054781,-0.00526930027198147,FALSE,FALSE,FALSE,FALSE
"031","Allamakee","Overall Pool","Black/African American",994,5,0.5,1.8237297757593,-1.3237297757593,0.018237297757593,18.1278739710474,4.21868113700541,-3.11184314355791,TRUE,TRUE,FALSE,FALSE
"031","Allamakee","Overall Pool","American Indian/Alaskan Native",994,5,0.5,0.879931876241839,-0.379931876241839,0.00879931876241839,8.74652284984388,2.94441155534095,-1.27241819950338,TRUE,FALSE,FALSE,FALSE
"031","Allamakee","Overall Pool","Asian",994,6,0.6,0.40448481407891,0.19551518592109,0.0040448481407891,4.02057905194437,2.00107881410034,0.989176905031379,FALSE,FALSE,FALSE,FALSE
"031","Allamakee","Overall Pool","White",994,953,95.88,86.5242690888447,9.35573091115526,0.865242690888447,860.051234743117,10.7656021704339,8.6338658799926,FALSE,FALSE,TRUE,TRUE
"031","Allamakee","Overall Pool","Hispanic/Latino/Spanish Origins",994,1,0.1,9.14703377803009,-9.04703377803009,0.0914703377803009,90.9215157536191,9.08872345250633,-9.89374538938382,TRUE,TRUE,FALSE,FALSE
"031","Allamakee","Overall Pool","Native Hawaiian/Pacific Islander",994,0,0,0,0,0,0,0,NA,NA,NA,NA,NA
"041","Appanoose","Overall Pool","Hispanic/Latino/Spanish Origins",836,0,0,2.04366382140512,-2.04366382140512,0.0204366382140512,17.0850295469468,4.09094964271372,-4.17629915767272,TRUE,TRUE,FALSE,FALSE
"041","Appanoose","Overall Pool","American Indian/Alaskan Native",836,4,0.48,0.0246224556795798,0.45537754432042,0.000246224556795798,0.205843729481287,0.453644184025571,8.36372735312053,FALSE,FALSE,TRUE,TRUE
"041","Appanoose","Overall Pool","Native Hawaiian/Pacific Islander",836,0,0,0,0,0,0,0,NA,NA,NA,NA,NA
"041","Appanoose","Overall Pool","White",836,812,97.13,93.7541037426132,3.37589625738674,0.937541037426132,783.784307288247,6.99673886284899,4.03269198191345,FALSE,FALSE,TRUE,TRUE
"041","Appanoose","Overall Pool","Black/African American",836,5,0.6,0.820748522652659,-0.220748522652659,0.00820748522652659,6.86145764937623,2.6086667738687,-0.71356666478933,FALSE,FALSE,FALSE,FALSE
"041","Appanoose","Overall Pool","Asian",836,8,0.96,0.911030860144452,0.0489691398555483,0.00911030860144451,7.61621799080761,2.74714977650209,0.139701887561824,FALSE,FALSE,FALSE,FALSE
"051","Audubon","Overall Pool","Native Hawaiian/Pacific Islander",976,0,0,0.250044650830505,-0.250044650830505,0.00250044650830505,2.44043579210573,1.56023511463837,-1.56414617848886,TRUE,FALSE,FALSE,FALSE
"051","Audubon","Overall Pool","Asian",976,3,0.31,0.0535809966065369,0.256419003393463,0.000535809966065369,0.5229505268798,0.722959421251109,3.42626349461436,FALSE,FALSE,TRUE,TRUE
"051","Audubon","Overall Pool","Black/African American",976,6,0.61,0.500089301661011,0.109910698338989,0.00500089301661011,4.88087158421147,2.20373838456179,0.507831793296585,FALSE,FALSE,FALSE,FALSE
"051","Audubon","Overall Pool","American Indian/Alaskan Native",976,3,0.31,0.17860332202179,0.13139667797821,0.0017860332202179,1.74316842293267,1.31911146845931,0.95278648326459,FALSE,FALSE,FALSE,FALSE
"051","Audubon","Overall Pool","Hispanic/Latino/Spanish Origins",976,2,0.2,2.50044650830505,-2.30044650830505,0.0250044650830505,24.4043579210573,4.87792373920975,-4.59301110859248,TRUE,TRUE,FALSE,FALSE
"051","Audubon","Overall Pool","White",976,952,97.54,93.8381853902483,3.70181460975174,0.938381853902483,915.860689408823,7.51223254199214,4.81072842050135,FALSE,FALSE,TRUE,TRUE
"061","Benton","Overall Pool","American Indian/Alaskan Native",1761,5,0.28,0.101072928004976,0.178927071995024,0.00101072928004976,1.77989426216763,1.33345238794696,2.41486367787768,FALSE,FALSE,TRUE,TRUE
"061","Benton","Overall Pool","Native Hawaiian/Pacific Islander",1761,1,0.06,0,0.06,0,0,0,NA,NA,NA,NA,NA
"061","Benton","Overall Pool","Black/African American",1761,5,0.28,0.415953972943555,-0.135953972943555,0.00415953972943555,7.324949463536,2.70082969570951,-0.860827866055151,FALSE,FALSE,FALSE,FALSE
"061","Benton","Overall Pool","Asian",1761,3,0.17,0.233245218473021,-0.0632452184730213,0.00233245218473021,4.10744829730991,2.02431911282663,-0.547071995859159,FALSE,FALSE,FALSE,FALSE
"061","Benton","Overall Pool","White",1761,1716,97.44,94.4371015394184,3.00289846058155,0.944371015394184,1663.03735810916,9.61837198246932,5.50640399304295,FALSE,FALSE,TRUE,TRUE
"061","Benton","Overall Pool","Hispanic/Latino/Spanish Origins",1761,1,0.06,1.97092209609703,-1.91092209609703,0.0197092209609703,34.7079381122687,5.83299851627911,-5.77883536541187,TRUE,TRUE,FALSE,FALSE
"071","Black Hawk","Overall Pool","American Indian/Alaskan Native",16467,41,0.25,0.29149402132027,-0.0414940213202695,0.0029149402132027,48.0003204908088,6.91812130757791,-1.01188172042326,TRUE,FALSE,FALSE,FALSE
"071","Black Hawk","Overall Pool","Asian",16467,412,2.5,2.7203565078711,-0.220356507871101,0.027203565078711,447.961106151134,20.8752237604108,-1.72266925441697,TRUE,FALSE,FALSE,FALSE
"071","Black Hawk","Overall Pool","Black/African American",16467,1586,9.63,9.25989515372113,0.370104846278874,0.0925989515372113,1524.82693496326,37.1971713912491,1.64456228118284,FALSE,FALSE,TRUE,FALSE
"071","Black Hawk","Overall Pool","Hispanic/Latino/Spanish Origins",16467,35,0.21,5.23544628345123,-5.02544628345123,0.0523544628345123,862.120939495914,28.5829505266727,-28.9375632765438,TRUE,TRUE,FALSE,FALSE
"071","Black Hawk","Overall Pool","White",16467,13613,82.67,78.0601149188471,4.60988508115285,0.780601149188471,12854.1591236866,53.1054398332728,14.2893247602479,FALSE,FALSE,TRUE,TRUE
"071","Black Hawk","Overall Pool","Native Hawaiian/Pacific Islander",16467,54,0.33,0.735602713488848,-0.405602713488848,0.00735602713488848,121.131698830209,10.9654298031002,-6.1221219811401,TRUE,TRUE,FALSE,FALSE
"081","Boone","Overall Pool","White",5730,5522,96.37,92.8866056697165,3.48339433028349,0.928866056697165,5322.40250487476,19.457735685753,10.2580021822061,FALSE,FALSE,TRUE,TRUE
"081","Boone","Overall Pool","Black/African American",5730,37,0.65,1.15119244037798,-0.501192440377981,0.0115119244037798,65.9633268336583,8.07489702731418,-3.58683544021513,TRUE,TRUE,FALSE,FALSE
"081","Boone","Overall Pool","Asian",5730,18,0.31,0.19874006299685,0.11125993700315,0.0019874006299685,11.3878056097195,3.3712272954633,1.96136119305233,FALSE,FALSE,TRUE,FALSE
"081","Boone","Overall Pool","Native Hawaiian/Pacific Islander",5730,0,0,0,0,0,0,0,NA,NA,NA,NA,NA
"081","Boone","Overall Pool","American Indian/Alaskan Native",5730,12,0.21,0.0412479376031198,0.16875206239688,0.000412479376031198,2.36350682465877,1.53705300066019,6.26946056590255,FALSE,FALSE,TRUE,TRUE
"081","Boone","Overall Pool","Hispanic/Latino/Spanish Origins",5730,4,0.07,2.93610319484026,-2.86610319484026,0.0293610319484026,168.238713064347,12.7788517025242,-12.8523843055401,TRUE,TRUE,FALSE,FALSE
"091","Bremer","Overall Pool","Black/African American",1018,11,1.08,1.1466433899381,-0.0666433899381049,0.0114664338993811,11.6728297095699,3.39690800277052,-0.19807121918555,FALSE,FALSE,FALSE,FALSE
"091","Bremer","Overall Pool","Hispanic/Latino/Spanish Origins",1018,0,0,2.09490557054436,-2.09490557054436,0.0209490557054436,21.3261387081416,4.56939560996448,-4.66716838035114,TRUE,TRUE,FALSE,FALSE
"091","Bremer","Overall Pool","Asian",1018,6,0.59,0.896683066179971,-0.306683066179971,0.00896683066179971,9.12823361371211,3.00772044722521,-1.04006794135342,TRUE,FALSE,FALSE,FALSE
"091","Bremer","Overall Pool","American Indian/Alaskan Native",1018,1,0.1,0.0476114902396445,0.0523885097603555,0.000476114902396445,0.484684970639581,0.696027445509221,0.740365962125831,FALSE,FALSE,FALSE,FALSE
"091","Bremer","Overall Pool","Native Hawaiian/Pacific Islander",1018,0,0,0.0317409934930963,-0.0317409934930963,0.000317409934930963,0.323123313759721,0.568349145516843,-0.568529602460966,FALSE,FALSE,FALSE,FALSE
"091","Bremer","Overall Pool","White",1018,987,96.95,92.271068084431,4.67893191556897,0.92271068084431,939.319473099508,8.52052595474845,5.59596052564336,FALSE,FALSE,TRUE,TRUE
"101","Buchanan","Overall Pool","American Indian/Alaskan Native",1546,2,0.13,0.280274475693438,-0.150274475693438,0.00280274475693438,4.33304339422055,2.07867721870564,-1.12236925157302,TRUE,FALSE,FALSE,FALSE
"101","Buchanan","Overall Pool","Hispanic/Latino/Spanish Origins",1546,0,0,1.93292741857543,-1.93292741857543,0.0193292741857543,29.8830578911762,5.41344992326417,-5.5201504243633,TRUE,TRUE,FALSE,FALSE
"101","Buchanan","Overall Pool","Black/African American",1546,8,0.52,0.599207499758384,-0.079207499758384,0.00599207499758384,9.26374794626462,3.034508011822,-0.416458925579119,FALSE,FALSE,FALSE,FALSE
"101","Buchanan","Overall Pool","White",1546,1506,97.41,94.9502271189717,2.45977288102831,0.949502271189717,1467.9305112593,8.60971293771822,4.42169082942586,FALSE,FALSE,TRUE,TRUE
"101","Buchanan","Overall Pool","Native Hawaiian/Pacific Islander",1546,0,0,0.0628201411037016,-0.0628201411037016,0.000628201411037016,0.971199381463226,0.985184892617316,-0.985804176191806,FALSE,FALSE,FALSE,FALSE
"101","Buchanan","Overall Pool","Asian",1546,8,0.52,0.193292741857543,0.326707258142457,0.00193292741857543,2.98830578911762,1.72700017687398,2.90196508257109,FALSE,FALSE,TRUE,TRUE
"111","Buena Vista","Overall Pool","Native Hawaiian/Pacific Islander",1329,21,1.58,2.92969691128993,-1.34969691128993,0.0292969691128993,38.9356719510432,6.14776176933553,-2.91743119268295,TRUE,TRUE,FALSE,FALSE
"111","Buena Vista","Overall Pool","Hispanic/Latino/Spanish Origins",1329,14,1.05,29.3644292391461,-28.3144292391461,0.293644292391461,390.253264588252,16.6029401268202,-22.6618455354456,TRUE,TRUE,FALSE,FALSE
"111","Buena Vista","Overall Pool","Black/African American",1329,14,1.05,3.27181612297017,-2.22181612297017,0.0327181612297017,43.4824362742736,6.48535048502328,-4.54600508366631,TRUE,TRUE,FALSE,FALSE
"111","Buena Vista","Overall Pool","American Indian/Alaskan Native",1329,4,0.3,0.409579337927047,-0.109579337927047,0.00409579337927047,5.44330940105045,2.32830726718883,-0.619896446396908,FALSE,FALSE,FALSE,FALSE
"111","Buena Vista","Overall Pool","Asian",1329,100,7.52,9.55042644436949,-2.03042644436949,0.0955042644436949,126.925167445671,10.714628910484,-2.51293513481601,TRUE,TRUE,FALSE,FALSE
"111","Buena Vista","Overall Pool","White",1329,1016,76.45,52.0792174625355,24.3707825374645,0.520792174625355,692.132800077097,18.2119590927338,17.78321586787,FALSE,FALSE,TRUE,TRUE
"121","Butler","Overall Pool","Asian",945,2,0.21,1.25455564900477,-1.04455564900477,0.0125455564900477,11.855550883095,3.4215225265619,-2.88045769290852,TRUE,TRUE,FALSE,FALSE
"121","Butler","Overall Pool","American Indian/Alaskan Native",945,1,0.11,0.0490608354359406,0.0609391645640594,0.000490608354359406,0.463624894869638,0.680733014200814,0.787937552522071,FALSE,FALSE,FALSE,FALSE
"121","Butler","Overall Pool","Black/African American",945,3,0.32,0.168208578637511,0.151791421362489,0.00168208578637511,1.58957106812447,1.2597211093033,1.1196358634139,FALSE,FALSE,TRUE,FALSE
"121","Butler","Overall Pool","Hispanic/Latino/Spanish Origins",945,0,0,1.74516400336417,-1.74516400336417,0.0174516400336417,16.4917998317914,4.02541809972829,-4.09691600306179,TRUE,TRUE,FALSE,FALSE
"121","Butler","Overall Pool","Native Hawaiian/Pacific Islander",945,1,0.11,0,0.11,0,0,0,NA,NA,NA,NA,NA
"121","Butler","Overall Pool","White",945,926,97.99,94.5682646481637,3.42173535183628,0.945682646481637,893.670100925147,6.96719418422812,4.64030400473682,FALSE,FALSE,TRUE,TRUE
"131","Calhoun","Overall Pool","Black/African American",581,6,1.03,1.61175150464144,-0.581751504641436,0.0161175150464144,9.36427624196675,3.03534963039484,-1.10836531260787,TRUE,FALSE,FALSE,FALSE
"131","Calhoun","Overall Pool","American Indian/Alaskan Native",581,0,0,0.173416301132306,-0.173416301132306,0.00173416301132306,1.0075487095787,1.00289653298555,-1.00463874032877,TRUE,FALSE,FALSE,FALSE
"131","Calhoun","Overall Pool","Native Hawaiian/Pacific Islander",581,1,0.17,0,0.17,0,0,0,NA,NA,NA,NA,NA
"131","Calhoun","Overall Pool","Hispanic/Latino/Spanish Origins",581,0,0,2.71345506477609,-2.71345506477609,0.0271345506477609,15.7651739263491,3.91629838188739,-4.02552931085688,TRUE,TRUE,FALSE,FALSE
"131","Calhoun","Overall Pool","White",581,560,96.39,91.3393859022748,5.05061409772519,0.913393859022748,530.681832092217,6.77940303892938,4.32459432481438,FALSE,FALSE,TRUE,TRUE
"131","Calhoun","Overall Pool","Asian",581,2,0.34,0.224421095582985,0.115578904417015,0.00224421095582985,1.30388656533714,1.14059649693573,0.610306481330605,FALSE,FALSE,FALSE,FALSE
"141","Carroll","Overall Pool","Hispanic/Latino/Spanish Origins",1186,2,0.17,3.49616393124211,-3.32616393124211,0.0349616393124211,41.4645042245314,6.32572819393665,-6.23872904661933,TRUE,TRUE,FALSE,FALSE
"141","Carroll","Overall Pool","Black/African American",1186,9,0.76,0.674953870059241,0.0850461299407594,0.00674953870059241,8.00495289890259,2.81973813669196,0.352886350739211,FALSE,FALSE,FALSE,FALSE
"141","Carroll","Overall Pool","American Indian/Alaskan Native",1186,1,0.08,0.106827231232398,-0.0268272312323978,0.00106827231232398,1.26697096241624,1.1249966632913,-0.237308225995252,FALSE,FALSE,FALSE,FALSE
"141","Carroll","Overall Pool","Asian",1186,6,0.51,0.189375546275614,0.320624453724386,0.00189375546275614,2.24599397882878,1.49724434060111,2.50727681472755,FALSE,FALSE,TRUE,TRUE
"141","Carroll","Overall Pool","Native Hawaiian/Pacific Islander",1186,0,0,0,0,0,0,0,NA,NA,NA,NA,NA
"141","Carroll","Overall Pool","White",1186,1150,96.96,91.9296882587161,5.03031174128385,0.919296882587161,1090.28610274837,9.38027117751338,6.365903087618,FALSE,FALSE,TRUE,TRUE
"151","Cass","Overall Pool","Asian",1723,7,0.41,0.519242516799023,-0.109242516799023,0.00519242516799023,8.94654856444716,2.98330257944354,-0.652481105289106,FALSE,FALSE,FALSE,FALSE
"151","Cass","Overall Pool","American Indian/Alaskan Native",1723,8,0.46,0.328344532681735,0.131655467318265,0.00328344532681735,5.65737629810629,2.37461588732541,0.986527427192559,FALSE,FALSE,FALSE,FALSE
"151","Cass","Overall Pool","Native Hawaiian/Pacific Islander",1723,4,0.23,0.412339645693341,-0.182339645693341,0.00412339645693341,7.10461209529627,2.65994679701581,-1.16717074897112,TRUE,FALSE,FALSE,FALSE
"151","Cass","Overall Pool","Black/African American",1723,6,0.35,0.901038485033598,-0.551038485033598,0.00901038485033598,15.5248930971289,3.9223727303207,-2.4283498157887,TRUE,TRUE,FALSE,FALSE
"151","Cass","Overall Pool","Hispanic/Latino/Spanish Origins",1723,1,0.06,2.72602321319487,-2.66602321319487,0.0272602321319487,46.9693799633476,6.75936267428025,-6.80084531316298,TRUE,TRUE,FALSE,FALSE
"151","Cass","Overall Pool","White",1723,1669,96.87,93.4941967012828,3.37580329871716,0.934941967012829,1610.9050091631,10.2372999968416,5.67483524511539,FALSE,FALSE,TRUE,TRUE
"161","Cedar","Overall Pool","Black/African American",2509,17,0.68,0.430541173905935,0.249458826094065,0.00430541173905935,10.8022780532999,3.27959903014997,1.88978039379914,FALSE,FALSE,TRUE,FALSE
"161","Cedar","Overall Pool","Native Hawaiian/Pacific Islander",2509,2,0.08,0.0544988827729031,0.0255011172270968,0.000544988827729032,1.36737696877214,1.16903026633226,0.541151969668559,FALSE,FALSE,FALSE,FALSE
"161","Cedar","Overall Pool","American Indian/Alaskan Native",2509,9,0.36,0.0708485476047741,0.289151452395226,0.000708485476047741,1.77759005940378,1.33279055468754,5.4190134490332,FALSE,FALSE,TRUE,TRUE
"161","Cedar","Overall Pool","White",2509,2422,96.53,93.165840100278,3.36415989972205,0.93165840100278,2337.53092811597,12.6392484481041,6.68307710152628,FALSE,FALSE,TRUE,TRUE
"161","Cedar","Overall Pool","Hispanic/Latino/Spanish Origins",2509,2,0.08,2.76309335658619,-2.68309335658619,0.0276309335658619,69.3260123167475,8.21038792482044,-8.2001012538296,TRUE,TRUE,FALSE,FALSE
"161","Cedar","Overall Pool","Asian",2509,12,0.48,0.52318927461987,-0.0431892746198703,0.0052318927461987,13.1268189002125,3.61360495788179,-0.311826808227831,FALSE,FALSE,FALSE,FALSE
"171","Cerro Gordo","Overall Pool","Black/African American",2820,43,1.52,2.3151623193845,-0.7951623193845,0.023151623193845,65.2875774066429,7.98599173648992,-2.7908340181227,TRUE,TRUE,FALSE,FALSE
"171","Cerro Gordo","Overall Pool","White",2820,2652,94.04,88.2412272471383,5.79877275286171,0.882412272471383,2488.4026083693,17.1057185728758,9.56390057124596,FALSE,FALSE,TRUE,TRUE
"171","Cerro Gordo","Overall Pool","Native Hawaiian/Pacific Islander",2820,10,0.35,0.626290110714956,-0.276290110714956,0.00626290110714956,17.6613811221618,4.18936387041971,-1.82876956004163,TRUE,FALSE,FALSE,FALSE
"171","Cerro Gordo","Overall Pool","American Indian/Alaskan Native",2820,6,0.21,0.180615500093826,0.0293844999061737,0.00180615500093826,5.0933571026459,2.25480768808415,0.402093226018956,FALSE,FALSE,FALSE,FALSE
"171","Cerro Gordo","Overall Pool","Asian",2820,27,0.96,1.17048226684181,-0.210482266841809,0.0117048226684181,33.007599924939,5.71150171330689,-1.05184244468355,TRUE,FALSE,FALSE,FALSE
"171","Cerro Gordo","Overall Pool","Hispanic/Latino/Spanish Origins",2820,6,0.21,5.62253706136236,-5.41253706136236,0.0562253706136236,158.555545130418,12.2327715928409,-12.4710531846846,TRUE,TRUE,FALSE,FALSE
"181","Cherokee","Overall Pool","Black/African American",964,9,0.93,1.74137931034483,-0.811379310344827,0.0174137931034483,16.7868965517241,4.06135113088285,-1.91731675020954,TRUE,FALSE,FALSE,FALSE
"181","Cherokee","Overall Pool","Asian",964,3,0.31,0.370689655172414,-0.0606896551724138,0.00370689655172414,3.57344827586207,1.88684972183015,-0.303918361503561,FALSE,FALSE,FALSE,FALSE
"181","Cherokee","Overall Pool","White",964,930,96.47,88.6206896551724,7.84931034482759,0.886206896551724,854.303448275862,9.85970794019143,7.67736247192209,FALSE,FALSE,TRUE,TRUE
"181","Cherokee","Overall Pool","Native Hawaiian/Pacific Islander",964,0,0,0,0,0,0,0,NA,NA,NA,NA,NA
"181","Cherokee","Overall Pool","American Indian/Alaskan Native",964,1,0.1,0,0.1,0,0,0,NA,NA,NA,NA,NA
"181","Cherokee","Overall Pool","Hispanic/Latino/Spanish Origins",964,0,0,5.35344827586207,-5.35344827586207,0.0535344827586207,51.6072413793103,6.98888219999949,-7.38419104836452,TRUE,TRUE,FALSE,FALSE
"191","Chickasaw","Overall Pool","Native Hawaiian/Pacific Islander",1038,2,0.19,0.0169391039214026,0.173060896078597,0.000169391039214026,0.175827898704159,0.419282858025074,4.35069563751818,FALSE,FALSE,TRUE,TRUE
"191","Chickasaw","Overall Pool","White",1038,1005,96.82,92.572202930465,4.24779706953501,0.92572202930465,960.899466418227,8.44829346127315,5.2200522843968,FALSE,FALSE,TRUE,TRUE
"191","Chickasaw","Overall Pool","American Indian/Alaskan Native",1038,2,0.19,0.389599390192259,-0.199599390192259,0.00389599390192259,4.04404167019565,2.00705906951177,-1.01842626420202,TRUE,FALSE,FALSE,FALSE
"191","Chickasaw","Overall Pool","Hispanic/Latino/Spanish Origins",1038,4,0.39,4.6159058185822,-4.2259058185822,0.046159058185822,47.9131023968832,6.76028688115247,-6.49574539792267,TRUE,TRUE,FALSE,FALSE
"191","Chickasaw","Overall Pool","Black/African American",1038,5,0.48,0.542051325484882,-0.0620513254848819,0.00542051325484882,5.62649275853307,2.36558539899897,-0.264836246790406,FALSE,FALSE,FALSE,FALSE
"191","Chickasaw","Overall Pool","Asian",1038,2,0.19,0.0169391039214026,0.173060896078597,0.000169391039214026,0.175827898704159,0.419282858025074,4.35069563751818,FALSE,FALSE,TRUE,TRUE
"201","Clarke","Overall Pool","American Indian/Alaskan Native",794,5,0.63,1.00393293314014,-0.373932933140137,0.0100393293314014,7.97122748913268,2.80912828315009,-1.05770445121887,TRUE,FALSE,FALSE,FALSE
"201","Clarke","Overall Pool","White",794,700,88.16,77.4994825087973,10.6605174912027,0.774994825087973,615.345891119851,11.766733185673,7.1943595171532,FALSE,FALSE,TRUE,TRUE
"201","Clarke","Overall Pool","Native Hawaiian/Pacific Islander",794,3,0.38,0,0.38,0,0,0,NA,NA,NA,NA,NA
"201","Clarke","Overall Pool","Hispanic/Latino/Spanish Origins",794,21,2.64,16.8081142620575,-14.1681142620575,0.168081142620575,133.456427240737,10.5368362642709,-10.6726938162703,TRUE,TRUE,FALSE,FALSE
"201","Clarke","Overall Pool","Black/African American",794,7,0.88,0.0517491202649555,0.828250879735045,0.000517491202649555,0.410888014903747,0.640839593011199,10.2819988916963,FALSE,FALSE,TRUE,TRUE
"201","Clarke","Overall Pool","Asian",794,7,0.88,0.558890498861519,0.321109501138481,0.00558890498861519,4.43759056096046,2.10066401143469,1.21980927225458,FALSE,FALSE,TRUE,FALSE
"211","Clay","Overall Pool","Black/African American",1688,10,0.59,0.273373428102788,0.316626571897212,0.00273373428102788,4.61454346637507,2.14521060288023,2.51045586218633,FALSE,FALSE,TRUE,TRUE
"211","Clay","Overall Pool","Hispanic/Latino/Spanish Origins",1688,0,0,4.74454771885062,-4.74454771885062,0.0474454771885062,80.0879654941984,8.73430900267843,-9.16935334777358,TRUE,TRUE,FALSE,FALSE
"211","Clay","Overall Pool","White",1688,1615,95.68,91.0880262438491,4.59197375615091,0.910880262438491,1537.56588299617,11.7058732256995,6.61497997721566,FALSE,FALSE,TRUE,TRUE
"211","Clay","Overall Pool","Native Hawaiian/Pacific Islander",1688,0,0,0,0,0,0,0,NA,NA,NA,NA,NA
"211","Clay","Overall Pool","Asian",1688,14,0.83,0.753295668549906,0.0767043314500941,0.00753295668549906,12.7156308851224,3.55244205982814,0.361545408270424,FALSE,FALSE,FALSE,FALSE
"211","Clay","Overall Pool","American Indian/Alaskan Native",1688,3,0.18,0.157949091792722,0.0220509082072778,0.00157949091792722,2.66618066946115,1.63155430841519,0.204602034279266,FALSE,FALSE,FALSE,FALSE
"221","Clayton","Overall Pool","American Indian/Alaskan Native",972,0,0,0.0587785810850526,-0.0587785810850526,0.000587785810850526,0.571327808146711,0.755640119215317,-0.75608453497678,FALSE,FALSE,FALSE,FALSE
"221","Clayton","Overall Pool","Asian",972,3,0.31,0.329160054076295,-0.0191600540762946,0.00329160054076295,3.19943572562158,1.78575039164408,-0.111681748219005,FALSE,FALSE,FALSE,FALSE
"221","Clayton","Overall Pool","Hispanic/Latino/Spanish Origins",972,0,0,2.31587609475107,-2.31587609475107,0.0231587609475107,22.5103156409804,4.68924350212249,-4.80041516948131,TRUE,TRUE,FALSE,FALSE
"221","Clayton","Overall Pool","White",972,953,98.05,94.950919884794,3.09908011520601,0.94950919884794,922.922941280198,6.82635471586796,4.40602048555838,FALSE,FALSE,TRUE,TRUE
"221","Clayton","Overall Pool","Black/African American",972,2,0.21,0.658320108152589,-0.448320108152589,0.00658320108152589,6.39887145124317,2.52125889067045,-1.74471232110298,TRUE,FALSE,FALSE,FALSE
"221","Clayton","Overall Pool","Native Hawaiian/Pacific Islander",972,0,0,0,0,0,0,0,NA,NA,NA,NA,NA
"231","Clinton","Overall Pool","American Indian/Alaskan Native",8395,24,0.29,0.272326445923749,0.0176735540762514,0.00272326445923749,22.8618051352987,4.7748870556171,0.238371054947227,FALSE,FALSE,FALSE,FALSE
"231","Clinton","Overall Pool","Native Hawaiian/Pacific Islander",8395,12,0.14,0,0.14,0,0,0,NA,NA,NA,NA,NA
"231","Clinton","Overall Pool","White",8395,7846,93.46,89.0204893230743,4.43951067692574,0.890204893230743,7473.27007867208,28.6448684096,13.0121010157268,FALSE,FALSE,TRUE,TRUE
"231","Clinton","Overall Pool","Hispanic/Latino/Spanish Origins",8395,11,0.13,3.60508342699058,-3.47508342699058,0.0360508342699058,302.646753695859,17.0802835379289,-17.0750534116264,TRUE,TRUE,FALSE,FALSE
"231","Clinton","Overall Pool","Black/African American",8395,221,2.63,3.09933431313219,-0.469334313132186,0.0309933431313219,260.189115587447,15.8784440374052,-2.46807026526833,TRUE,TRUE,FALSE,FALSE
"231","Clinton","Overall Pool","Asian",8395,47,0.56,0.670009509812397,-0.110009509812397,0.00670009509812397,56.2472983487508,7.47465290838321,-1.23715421466319,TRUE,FALSE,FALSE,FALSE
"241","Crawford","Overall Pool","Asian",2177,35,1.61,2.19327885974074,-0.583278859740738,0.0219327885974074,47.7476807765559,6.83377209073197,-1.86539448598885,TRUE,FALSE,FALSE,FALSE
"241","Crawford","Overall Pool","Black/African American",2177,29,1.33,0.933833015912023,0.396166984087977,0.00933833015912023,20.3295447564047,4.48772779427238,1.9320367992598,FALSE,FALSE,TRUE,FALSE
"241","Crawford","Overall Pool","Native Hawaiian/Pacific Islander",2177,1,0.05,0,0.05,0,0,0,NA,NA,NA,NA,NA
"241","Crawford","Overall Pool","American Indian/Alaskan Native",2177,5,0.23,0.718805676721755,-0.488805676721755,0.00718805676721755,15.6483995822326,3.94156288770323,-2.70156785153756,TRUE,TRUE,FALSE,FALSE
"241","Crawford","Overall Pool","Hispanic/Latino/Spanish Origins",2177,155,7.12,30.8349204398845,-23.7149204398845,0.308349204398845,671.276217976286,21.5473601685086,-23.9600681447197,TRUE,TRUE,FALSE,FALSE
"241","Crawford","Overall Pool","White",2177,1764,81.03,62.0876082816244,18.9423917183756,0.620876082816244,1351.64723229096,22.6371772391509,18.2157326133346,FALSE,FALSE,TRUE,TRUE
"251","Dallas","Overall Pool","Asian",4308,174,4.04,4.87459247184351,-0.834592471843509,0.0487459247184351,209.997443687018,14.1336804869074,-2.54692638059593,TRUE,TRUE,FALSE,FALSE
"251","Dallas","Overall Pool","American Indian/Alaskan Native",4308,9,0.21,0.172273266152934,0.0377267338470658,0.00172273266152934,7.42153230586841,2.72190135562744,0.57991362944442,FALSE,FALSE,FALSE,FALSE
"251","Dallas","Overall Pool","Hispanic/Latino/Spanish Origins",4308,20,0.46,6.90297125074096,-6.44297125074096,0.0690297125074096,297.380001481921,16.6388685154421,-16.6706048085236,TRUE,TRUE,FALSE,FALSE
"251","Dallas","Overall Pool","White",4308,3815,88.56,80.8813722584469,7.67862774155306,0.808813722584469,3484.36951689389,25.8101460103405,12.8100973537168,FALSE,FALSE,TRUE,TRUE
"251","Dallas","Overall Pool","Native Hawaiian/Pacific Islander",4308,3,0.07,0.02963841138115,0.04036158861885,0.0002963841138115,1.27682276229994,1.12979835914071,1.52520777159798,FALSE,FALSE,TRUE,FALSE
"251","Dallas","Overall Pool","Black/African American",4308,120,2.79,2.95365293420273,-0.163652934202727,0.0295365293420273,127.243368405453,11.1123823242799,-0.651828581313942,FALSE,FALSE,FALSE,FALSE
"261","Davis","Overall Pool","Asian",694,3,0.43,0.0109206071857595,0.419079392814241,0.000109206071857595,0.0757890138691711,0.275283013004211,10.6225624102934,FALSE,FALSE,TRUE,TRUE
"261","Davis","Overall Pool","White",694,676,97.41,93.8298569400459,3.58014305995414,0.938298569400459,651.179207163918,6.33866615769351,3.91577537270293,FALSE,FALSE,TRUE,TRUE
"261","Davis","Overall Pool","American Indian/Alaskan Native",694,3,0.43,0.163809107786393,0.266190892213607,0.00163809107786393,1.13683520803757,1.06535110101144,1.74887395356663,FALSE,FALSE,TRUE,FALSE
"261","Davis","Overall Pool","Black/African American",694,3,0.43,0,0.43,0,0,0,NA,NA,NA,NA,NA
"261","Davis","Overall Pool","Hispanic/Latino/Spanish Origins",694,1,0.14,2.43529540242437,-2.29529540242437,0.0243529540242437,16.9009500928252,4.06070954788059,-3.9158058229317,TRUE,TRUE,FALSE,FALSE
"261","Davis","Overall Pool","Native Hawaiian/Pacific Islander",694,0,0,0,0,0,0,0,NA,NA,NA,NA,NA
"271","Decatur","Overall Pool","White",516,497,96.32,90.1791467972677,6.1408532027323,0.901791467972677,465.324397473901,6.76009067930383,4.68567716452006,FALSE,FALSE,TRUE,TRUE
"271","Decatur","Overall Pool","Black/African American",516,4,0.78,1.31460239721614,-0.534602397216136,0.0131460239721614,6.78334836963526,2.58731024605796,-1.07576908253503,TRUE,FALSE,FALSE,FALSE
"271","Decatur","Overall Pool","Asian",516,4,0.78,0.721742492589251,0.0582575074107489,0.00721742492589251,3.72419126176054,1.92283961653569,0.143438244077984,FALSE,FALSE,FALSE,FALSE
"271","Decatur","Overall Pool","American Indian/Alaskan Native",516,1,0.19,0.206212140739786,-0.0162121407397861,0.00206212140739786,1.0640546462173,1.03046612576673,-0.0621608460633635,FALSE,FALSE,FALSE,FALSE
"271","Decatur","Overall Pool","Native Hawaiian/Pacific Islander",516,1,0.19,0.0128882587962366,0.177111741203763,0.000128882587962366,0.066503415388581,0.257865942412521,3.62008482344698,FALSE,FALSE,TRUE,TRUE
"271","Decatur","Overall Pool","Hispanic/Latino/Spanish Origins",516,0,0,3.53138291016884,-3.53138291016884,0.0353138291016884,18.2219358164712,4.19266615522228,-4.34614518348292,TRUE,TRUE,FALSE,FALSE
"281","Delaware","Overall Pool","Hispanic/Latino/Spanish Origins",1022,0,0,1.71431825948286,-1.71431825948286,0.0171431825948286,17.5203326119148,4.14969617572499,-4.22207599544413,TRUE,TRUE,FALSE,FALSE
"281","Delaware","Overall Pool","White",1022,996,97.46,94.0539924820595,3.40600751794054,0.940539924820595,961.231803166648,7.56008698899188,4.59891491777512,FALSE,FALSE,TRUE,TRUE
"281","Delaware","Overall Pool","Native Hawaiian/Pacific Islander",1022,0,0,0,0,0,0,0,NA,NA,NA,NA,NA
"281","Delaware","Overall Pool","Asian",1022,5,0.49,0,0.49,0,0,0,NA,NA,NA,NA,NA
"281","Delaware","Overall Pool","American Indian/Alaskan Native",1022,1,0.1,1.07073698598929,-0.970736985989293,0.0107073698598929,10.9429319968106,3.2902525703309,-3.02193578890226,TRUE,TRUE,FALSE,FALSE
"281","Delaware","Overall Pool","Black/African American",1022,8,0.78,0.0740403234992596,0.70595967650074,0.000740403234992596,0.756692106162433,0.869558421774602,8.32986917550101,FALSE,FALSE,TRUE,TRUE
"291","Des Moines","Overall Pool","Black/African American",4324,203,4.69,4.75485228778549,-0.0648522877854854,0.0475485228778549,205.599812923844,13.9937073542129,-0.185784428531849,FALSE,FALSE,FALSE,FALSE
"291","Des Moines","Overall Pool","White",4324,3921,90.68,84.5038584457089,6.17614155429106,0.845038584457089,3653.94683919245,23.7953939769823,11.2228930130709,FALSE,FALSE,TRUE,TRUE
"291","Des Moines","Overall Pool","American Indian/Alaskan Native",4324,12,0.28,0.327383272273755,-0.0473832722737547,0.00327383272273755,14.1560526931172,3.75628914549794,-0.573984751866418,FALSE,FALSE,FALSE,FALSE
"291","Des Moines","Overall Pool","Asian",4324,43,0.99,1.2056018915478,-0.215601891547795,0.012056018915478,52.1302257905267,7.17647147296831,-1.27224442052304,TRUE,FALSE,FALSE,FALSE
"291","Des Moines","Overall Pool","Native Hawaiian/Pacific Islander",4324,5,0.12,0.00259827993868059,0.117401720061319,2.59827993868059e-05,0.112349624548549,0.33518160061494,14.5820962919335,FALSE,FALSE,TRUE,TRUE
"291","Des Moines","Overall Pool","Hispanic/Latino/Spanish Origins",4324,9,0.21,3.67656611323304,-3.46656611323304,0.0367656611323304,158.974718736197,12.3745669863044,-12.119593267561,TRUE,TRUE,FALSE,FALSE
"301","Dickinson","Overall Pool","American Indian/Alaskan Native",1715,1,0.06,0.0555864369093941,0.00441356309060589,0.000555864369093941,0.953307392996109,0.976103213488998,0.0478357271635164,FALSE,FALSE,FALSE,FALSE
"301","Dickinson","Overall Pool","Hispanic/Latino/Spanish Origins",1715,0,0,2.85158421345192,-2.85158421345192,0.0285158421345192,48.9046692607004,6.89275789741823,-7.09508008093803,TRUE,TRUE,FALSE,FALSE
"301","Dickinson","Overall Pool","Asian",1715,9,0.52,0.461367426347971,0.0586325736520289,0.00461367426347971,7.9124513618677,2.80641156793839,0.387522860351953,FALSE,FALSE,FALSE,FALSE
"301","Dickinson","Overall Pool","Native Hawaiian/Pacific Islander",1715,2,0.12,0,0.12,0,0,0,NA,NA,NA,NA,NA
"301","Dickinson","Overall Pool","Black/African American",1715,4,0.23,0.0333518621456365,0.196648137854364,0.000333518621456365,0.571984435797665,0.756170396363904,4.53339033197567,FALSE,FALSE,TRUE,TRUE
"301","Dickinson","Overall Pool","White",1715,1670,97.38,93.3574207893274,4.02257921067259,0.933574207893274,1601.07976653697,10.3127586861261,6.68300651267582,FALSE,FALSE,TRUE,TRUE
"311","Dubuque","Overall Pool","Asian",8790,92,1.05,1.36726244572352,-0.317262445723518,0.0136726244572352,120.182368979097,10.8875690850467,-2.58849048478633,TRUE,TRUE,FALSE,FALSE
"311","Dubuque","Overall Pool","American Indian/Alaskan Native",8790,13,0.15,0.0393820054528931,0.110617994547107,0.000393820054528931,3.4616782793093,1.86019219463489,5.12760012013857,FALSE,FALSE,TRUE,TRUE
"311","Dubuque","Overall Pool","White",8790,8276,94.15,88.2540644249217,5.89593557507827,0.882540644249217,7757.53226295062,30.1860024153926,17.17576676483,FALSE,FALSE,TRUE,TRUE
"311","Dubuque","Overall Pool","Hispanic/Latino/Spanish Origins",8790,5,0.06,3.26567706755529,-3.20567706755529,0.0326567706755529,287.05301423811,16.6636967621356,-16.9261970056374,TRUE,TRUE,FALSE,FALSE
"311","Dubuque","Overall Pool","Black/African American",8790,209,2.38,2.96071897404827,-0.580718974048268,0.0296071897404827,260.247197818843,15.8915703960808,-3.22480387661885,TRUE,TRUE,FALSE,FALSE
"311","Dubuque","Overall Pool","Native Hawaiian/Pacific Islander",8790,26,0.3,0.809855599313339,-0.509855599313339,0.00809855599313339,71.1863071796425,8.40296381552389,-5.37742493858702,TRUE,TRUE,FALSE,FALSE
"321","Emmet","Overall Pool","White",1311,1239,94.51,85.2191751241632,9.29082487583676,0.852191751241632,1117.22338587778,12.8504798407876,9.47642544332853,FALSE,FALSE,TRUE,TRUE
"321","Emmet","Overall Pool","Asian",1311,7,0.53,0.226732887065429,0.303267112934571,0.00226732887065429,2.97246814942777,1.72212908534043,2.33869335629743,FALSE,FALSE,TRUE,TRUE
"321","Emmet","Overall Pool","Hispanic/Latino/Spanish Origins",1311,7,0.53,10.1705895055064,-9.64058950550637,0.101705895055064,133.336428417189,10.9441915015031,-11.5436968002467,TRUE,TRUE,FALSE,FALSE
"321","Emmet","Overall Pool","Black/African American",1311,7,0.53,1.64111423018786,-1.11111423018786,0.0164111423018786,21.5150075577629,4.6002088764649,-3.15529315027912,TRUE,TRUE,FALSE,FALSE
"321","Emmet","Overall Pool","Native Hawaiian/Pacific Islander",1311,0,0,0.053984020729864,-0.053984020729864,0.00053984020729864,0.707730511768517,0.841040100341436,-0.841494372838109,FALSE,FALSE,FALSE,FALSE
"321","Emmet","Overall Pool","American Indian/Alaskan Native",1311,3,0.23,0.0647808248758368,0.165219175124163,0.000647808248758367,0.84927661412222,0.921263505044086,2.3345366163993,FALSE,FALSE,TRUE,TRUE
"331","Fayette","Overall Pool","White",1262,1222,96.83,91.0151389464952,5.81486105350477,0.910151389464952,1148.61105350477,10.1587945742889,7.22417861278266,FALSE,FALSE,TRUE,TRUE
"331","Fayette","Overall Pool","Asian",1262,4,0.32,0.917669017005392,-0.597669017005392,0.00917669017005392,11.580982994608,3.38743382249777,-2.23797227985936,TRUE,TRUE,FALSE,FALSE
"331","Fayette","Overall Pool","Hispanic/Latino/Spanish Origins",1262,1,0.08,3.07445043550394,-2.99445043550394,0.0307445043550394,38.7995644960597,6.1324294628179,-6.1638808444917,TRUE,TRUE,FALSE,FALSE
"331","Fayette","Overall Pool","Black/African American",1262,10,0.79,0.793239319784322,-0.00323931978432179,0.00793239319784322,10.0106802156781,3.15139200418315,-0.00338904701921113,FALSE,FALSE,FALSE,FALSE
"331","Fayette","Overall Pool","Native Hawaiian/Pacific Islander",1262,1,0.08,0.00518457071754458,0.0748154292824554,5.18457071754458e-05,0.0654292824554126,0.25578485144354,3.65373755431673,FALSE,FALSE,TRUE,TRUE
"331","Fayette","Overall Pool","American Indian/Alaskan Native",1262,1,0.08,0.357735379510577,-0.277735379510577,0.00357735379510577,4.51462048942348,2.12095971076354,-1.65708969934097,TRUE,FALSE,FALSE,FALSE
"341","Floyd","Overall Pool","Black/African American",1224,22,1.8,1.37656576200418,0.423434237995825,0.0137656576200418,16.8491649269311,4.07642307560971,1.26356734262635,FALSE,FALSE,TRUE,FALSE
"341","Floyd","Overall Pool","Hispanic/Latino/Spanish Origins",1224,0,0,3.88178496868476,-3.88178496868476,0.0388178496868476,47.5130480167015,6.75786161893133,-7.03078143589082,TRUE,TRUE,FALSE,FALSE
"341","Floyd","Overall Pool","Asian",1224,20,1.63,1.61143006263048,0.0185699373695198,0.0161143006263048,19.7239039665971,4.40523178147926,0.0626745758449536,FALSE,FALSE,FALSE,FALSE
"341","Floyd","Overall Pool","American Indian/Alaskan Native",1224,4,0.33,0.0521920668058455,0.277807933194155,0.000521920668058455,0.638830897703549,0.799060372346572,4.20640194235365,FALSE,FALSE,TRUE,TRUE
"341","Floyd","Overall Pool","Native Hawaiian/Pacific Islander",1224,0,0,0.0652400835073069,-0.0652400835073069,0.000652400835073069,0.798538622129436,0.893318339040188,-0.893901521139053,FALSE,FALSE,FALSE,FALSE
"341","Floyd","Overall Pool","White",1224,1150,93.95,88.687369519833,5.26263048016702,0.88687369519833,1085.53340292276,11.0816236450907,5.81743245772507,FALSE,FALSE,TRUE,TRUE
"351","Franklin","Overall Pool","Hispanic/Latino/Spanish Origins",1153,7,0.61,16.4925672961029,-15.8825672961029,0.164925672961029,190.159300924066,12.6014741300122,-14.5347519690452,TRUE,TRUE,FALSE,FALSE
"351","Franklin","Overall Pool","Asian",1153,4,0.35,0.361591000401768,-0.0115910004017678,0.00361591000401768,4.16914423463238,2.0381533269816,-0.0829889647619768,FALSE,FALSE,FALSE,FALSE
"351","Franklin","Overall Pool","White",1153,1090,94.54,80.2229811169144,14.3170188830856,0.802229811169144,924.970972278023,13.5252239852242,12.2015744731669,FALSE,FALSE,TRUE,TRUE
"351","Franklin","Overall Pool","American Indian/Alaskan Native",1153,4,0.35,0.291281639212535,0.0587183607874648,0.00291281639212535,3.35847730012053,1.82994389869967,0.350569599611947,FALSE,FALSE,FALSE,FALSE
"351","Franklin","Overall Pool","Native Hawaiian/Pacific Islander",1153,0,0,0,0,0,0,0,NA,NA,NA,NA,NA
"351","Franklin","Overall Pool","Black/African American",1153,6,0.52,0.672961028525512,-0.152961028525512,0.00672961028525512,7.75924065889916,2.77615273231774,-0.633697360530453,FALSE,FALSE,FALSE,FALSE
"361","Fremont","Overall Pool","White",1758,1698,96.59,91.4184832668099,5.17151673319006,0.914184832668099,1607.13693583052,11.7437951733489,7.73711247754757,FALSE,FALSE,TRUE,TRUE
"361","Fremont","Overall Pool","Hispanic/Latino/Spanish Origins",1758,0,0,3.36198956094566,-3.36198956094566,0.0336198956094566,59.1037764814246,7.55756003522264,-7.82048388712316,TRUE,TRUE,FALSE,FALSE
"361","Fremont","Overall Pool","Black/African American",1758,11,0.63,0.598710469757445,0.0312895302425545,0.00598710469757445,10.5253300583359,3.23455001589094,0.146749915546866,FALSE,FALSE,FALSE,FALSE
"361","Fremont","Overall Pool","American Indian/Alaskan Native",1758,5,0.28,0.0767577525330058,0.203242247466994,0.000767577525330058,1.34940128953024,1.16119142238812,3.14383885385744,FALSE,FALSE,TRUE,TRUE
"361","Fremont","Overall Pool","Native Hawaiian/Pacific Islander",1758,1,0.06,0,0.06,0,0,0,NA,NA,NA,NA,NA
"361","Fremont","Overall Pool","Asian",1758,8,0.46,0.153515505066012,0.306484494933988,0.00153515505066012,2.69880257906049,1.64154180533135,3.2294014101392,FALSE,FALSE,TRUE,TRUE
"371","Greene","Overall Pool","Hispanic/Latino/Spanish Origins",1858,0,0,3.53360957642726,-3.53360957642726,0.0353360957642726,65.6544659300184,7.95829714414856,-8.2498133383084,TRUE,TRUE,FALSE,FALSE
"371","Greene","Overall Pool","Native Hawaiian/Pacific Islander",1858,3,0.16,0,0.16,0,0,0,NA,NA,NA,NA,NA
"371","Greene","Overall Pool","Asian",1858,9,0.48,0.633057090239411,-0.153057090239411,0.00633057090239411,11.7622007366483,3.41873357998495,-0.807960220363358,FALSE,FALSE,FALSE,FALSE
"371","Greene","Overall Pool","Black/African American",1858,3,0.16,0.115101289134438,0.0448987108655617,0.00115101289134438,2.13858195211786,1.46154726804226,0.589387744561972,FALSE,FALSE,FALSE,FALSE
"371","Greene","Overall Pool","White",1858,1814,97.63,92.2997237569061,5.33027624309392,0.922997237569061,1714.92886740331,11.4914864209386,8.62126351349706,FALSE,FALSE,TRUE,TRUE
"371","Greene","Overall Pool","American Indian/Alaskan Native",1858,8,0.43,0.264732965009208,0.165267034990792,0.00264732965009208,4.91873848987109,2.21488531703693,1.39116074607918,FALSE,FALSE,TRUE,FALSE
"381","Grundy","Overall Pool","Black/African American",1109,3,0.27,0.573320413436692,-0.303320413436692,0.00573320413436693,6.35812338501292,2.51429333327183,-1.33561320812279,TRUE,FALSE,FALSE,FALSE
"381","Grundy","Overall Pool","American Indian/Alaskan Native",1109,0,0,0.468346253229974,-0.468346253229974,0.00468346253229974,5.19395994832041,2.27368296635837,-2.2843817828478,TRUE,TRUE,FALSE,FALSE
"381","Grundy","Overall Pool","White",1109,1086,97.93,94.8724160206718,3.05758397932817,0.948724160206718,1052.13509366925,7.34500582054731,4.61060306256176,FALSE,FALSE,TRUE,TRUE
"381","Grundy","Overall Pool","Asian",1109,3,0.27,0.476421188630491,-0.206421188630491,0.00476421188630491,5.28351098191215,2.29310689155362,-0.995815323883584,FALSE,FALSE,FALSE,FALSE
"381","Grundy","Overall Pool","Native Hawaiian/Pacific Islander",1109,2,0.18,0,0.18,0,0,0,NA,NA,NA,NA,NA
"381","Grundy","Overall Pool","Hispanic/Latino/Spanish Origins",1109,0,0,1.76841085271318,-1.76841085271318,0.0176841085271318,19.6116763565891,4.38917547422067,-4.46819145686385,TRUE,TRUE,FALSE,FALSE
"391","Guthrie","Overall Pool","American Indian/Alaskan Native",1036,2,0.19,0.140344311377246,0.0496556886227545,0.00140344311377246,1.45396706586826,1.2049591303451,0.453154733949651,FALSE,FALSE,FALSE,FALSE
"391","Guthrie","Overall Pool","Hispanic/Latino/Spanish Origins",1036,2,0.19,3.09693113772455,-2.90693113772455,0.0309693113772455,32.0842065868263,5.5758928256152,-5.39540617578264,TRUE,TRUE,FALSE,FALSE
"391","Guthrie","Overall Pool","Asian",1036,4,0.39,0.467814371257485,-0.077814371257485,0.00467814371257485,4.84655688622754,2.19633421787364,-0.385440831062192,FALSE,FALSE,FALSE,FALSE
"391","Guthrie","Overall Pool","Black/African American",1036,5,0.48,0.561377245508982,-0.0813772455089821,0.00561377245508982,5.81586826347305,2.40483248947055,-0.33926199310983,FALSE,FALSE,FALSE,FALSE
"391","Guthrie","Overall Pool","White",1036,998,96.33,92.440119760479,3.88988023952095,0.92440119760479,957.679640718563,8.50878568989712,4.7386737368778,FALSE,FALSE,TRUE,TRUE
"391","Guthrie","Overall Pool","Native Hawaiian/Pacific Islander",1036,0,0,0.252619760479042,-0.252619760479042,0.00252619760479042,2.61714071856287,1.61571324929526,-1.61980519730492,TRUE,FALSE,FALSE,FALSE
"401","Hamilton","Overall Pool","Hispanic/Latino/Spanish Origins",765,2,0.26,10.1437592368669,-9.88375923686686,0.101437592368669,77.5997581620314,8.35034283881111,-9.05349152979149,TRUE,TRUE,FALSE,FALSE
"401","Hamilton","Overall Pool","Native Hawaiian/Pacific Islander",765,0,0,0.141072148327287,-0.141072148327287,0.00141072148327287,1.07920193470375,1.03811342412555,-1.03957998193965,TRUE,FALSE,FALSE,FALSE
"401","Hamilton","Overall Pool","White",765,719,93.99,83.776702942362,10.213297057638,0.837767029423619,640.891777509069,10.196753252054,7.66010714981237,FALSE,FALSE,TRUE,TRUE
"401","Hamilton","Overall Pool","Black/African American",765,2,0.26,0.967351874244256,-0.707351874244256,0.00967351874244256,7.40024183796856,2.70714895413059,-1.99480779575458,TRUE,FALSE,FALSE,FALSE
"401","Hamilton","Overall Pool","Asian",765,13,1.7,2.27058981593443,-0.570589815934435,0.0227058981593443,17.3700120918984,4.12014688649728,-1.06064473240506,TRUE,FALSE,FALSE,FALSE
"401","Hamilton","Overall Pool","American Indian/Alaskan Native",765,2,0.26,0.329168346097004,-0.0691683460970039,0.00329168346097004,2.51813784764208,1.58425027534684,-0.32705555157858,FALSE,FALSE,FALSE,FALSE
"411","Hancock","Overall Pool","Native Hawaiian/Pacific Islander",981,1,0.1,0,0.1,0,0,0,NA,NA,NA,NA,NA
"411","Hancock","Overall Pool","White",981,946,96.43,90.1321338206354,6.29786617936465,0.901321338206354,884.196232780433,9.34084048754482,6.6165102917641,FALSE,FALSE,TRUE,TRUE
"411","Hancock","Overall Pool","Asian",981,1,0.1,1.24636866273077,-1.14636866273077,0.0124636866273077,12.2268765813888,3.47483591314002,-3.2309084118,TRUE,TRUE,FALSE,FALSE
"411","Hancock","Overall Pool","Hispanic/Latino/Spanish Origins",981,1,0.1,5.95070752506794,-5.85070752506794,0.0595070752506794,58.3764408209165,7.40963086557754,-7.7434951702475,TRUE,TRUE,FALSE,FALSE
"411","Hancock","Overall Pool","Black/African American",981,2,0.2,0.449817261737419,-0.249817261737419,0.00449817261737419,4.41270733764408,2.09591464958128,-1.15114770447647,TRUE,FALSE,FALSE,FALSE
"411","Hancock","Overall Pool","American Indian/Alaskan Native",981,6,0.61,0.103083122481492,0.506916877518508,0.00103083122481492,1.01124543154344,1.00508855738022,4.96349752648647,FALSE,FALSE,TRUE,TRUE
"421","Hardin","Overall Pool","White",742,707,95.28,90.0534887913937,5.2265112086063,0.900534887913937,668.196886832141,8.15244001783008,4.75969318179503,FALSE,FALSE,TRUE,TRUE
"421","Hardin","Overall Pool","Native Hawaiian/Pacific Islander",742,0,0,0,0,0,0,0,NA,NA,NA,NA,NA
"421","Hardin","Overall Pool","American Indian/Alaskan Native",742,3,0.4,0.913516437285895,-0.513516437285895,0.00913516437285895,6.77829196466134,2.59159625586181,-1.45790145981088,TRUE,FALSE,FALSE,FALSE
"421","Hardin","Overall Pool","Black/African American",742,3,0.4,1.08179578099645,-0.681795780996454,0.0108179578099645,8.02692469499369,2.8178164884001,-1.78397873519715,TRUE,FALSE,FALSE,FALSE
"421","Hardin","Overall Pool","Asian",742,8,1.08,0.89548650760262,0.18451349239738,0.0089548650760262,6.64450988641144,2.56612727604893,0.528224038706142,FALSE,FALSE,FALSE,FALSE
"421","Hardin","Overall Pool","Hispanic/Latino/Spanish Origins",742,2,0.27,5.47508864715428,-5.20508864715428,0.0547508864715428,40.6251577618847,6.19684551698485,-6.23303544618267,TRUE,TRUE,FALSE,FALSE
"431","Harrison","Overall Pool","Asian",1541,6,0.39,0.293876435210498,0.0961235647895025,0.00293876435210498,4.52863586659377,2.12492994542064,0.692429478240974,FALSE,FALSE,FALSE,FALSE
"431","Harrison","Overall Pool","Hispanic/Latino/Spanish Origins",1541,1,0.06,2.24166211044286,-2.18166211044286,0.0224166211044286,34.5440131219245,5.8111662399508,-5.77233755443357,TRUE,TRUE,FALSE,FALSE
"431","Harrison","Overall Pool","Black/African American",1541,4,0.26,0.123018042646255,0.136981957353745,0.00123018042646255,1.89570803717879,1.37599999064577,1.52928196012098,FALSE,FALSE,TRUE,FALSE
"431","Harrison","Overall Pool","White",1541,1503,97.53,94.4026790595954,3.12732094040459,0.944026790595954,1454.74528430836,9.02367787701559,5.34756629716866,FALSE,FALSE,TRUE,TRUE
"431","Harrison","Overall Pool","American Indian/Alaskan Native",1541,6,0.39,0.0615090213231274,0.328490978676873,0.000615090213231274,0.947854018589393,0.973278481658249,5.19085346755317,FALSE,FALSE,TRUE,TRUE
"431","Harrison","Overall Pool","Native Hawaiian/Pacific Islander",1541,1,0.06,0,0.06,0,0,0,NA,NA,NA,NA,NA
"441","Henry","Overall Pool","Hispanic/Latino/Spanish Origins",894,8,0.89,5.54389122175565,-4.65389122175565,0.0554389122175565,49.5623875224955,6.84212705752702,-6.0744834425097,TRUE,TRUE,FALSE,FALSE
"441","Henry","Overall Pool","Asian",894,11,1.23,1.0247950409918,0.205204959008198,0.010247950409918,9.16166766646671,3.01127536943213,0.610482970835035,FALSE,FALSE,FALSE,FALSE
"441","Henry","Overall Pool","Native Hawaiian/Pacific Islander",894,0,0,0.0349930013997201,-0.0349930013997201,0.000349930013997201,0.312837432513497,0.559220851995309,-0.559416608657006,FALSE,FALSE,FALSE,FALSE
"441","Henry","Overall Pool","White",894,835,93.4,86.2077584483103,7.19224155168968,0.862077584483103,770.697360527894,10.3100165662575,6.23690942287665,FALSE,FALSE,TRUE,TRUE
"441","Henry","Overall Pool","American Indian/Alaskan Native",894,3,0.34,0.529894021195761,-0.189894021195761,0.00529894021195761,4.7372525494901,2.17074874904062,-0.800301071350563,FALSE,FALSE,FALSE,FALSE
"441","Henry","Overall Pool","Black/African American",894,11,1.23,2.5494901019796,-1.3194901019796,0.025494901019796,22.7924415116977,4.71289194352655,-2.50216674878263,TRUE,TRUE,FALSE,FALSE
"451","Howard","Overall Pool","Hispanic/Latino/Spanish Origins",1013,1,0.1,3.30333509793542,-3.20333509793542,0.0330333509793542,33.4627845420858,5.68835623318024,-5.70688318581913,TRUE,TRUE,FALSE,FALSE
"451","Howard","Overall Pool","Asian",1013,8,0.79,0.328215987294865,0.461784012705135,0.00328215987294865,3.32482795129698,1.82041625306158,2.56818847933284,FALSE,FALSE,TRUE,TRUE
"451","Howard","Overall Pool","Black/African American",1013,6,0.59,0.836421386977237,-0.246421386977237,0.00836421386977237,8.47294865007941,2.89863400508973,-0.853142771987473,FALSE,FALSE,FALSE,FALSE
"451","Howard","Overall Pool","White",1013,982,96.94,92.9804129168872,3.95958708311275,0.929804129168872,941.891582848068,8.13122991229059,4.93263843041841,FALSE,FALSE,TRUE,TRUE
"451","Howard","Overall Pool","Native Hawaiian/Pacific Islander",1013,1,0.1,0,0.1,0,0,0,NA,NA,NA,NA,NA
"451","Howard","Overall Pool","American Indian/Alaskan Native",1013,2,0.2,0.243515087347803,-0.0435150873478031,0.00243515087347803,2.46680783483325,1.56869397448309,-0.297577374826767,FALSE,FALSE,FALSE,FALSE
"461","Humboldt","Overall Pool","Hispanic/Latino/Spanish Origins",933,0,0,5.74496924199771,-5.74496924199771,0.0574496924199771,53.6005630278386,7.10782858321384,-7.54106017053141,TRUE,TRUE,FALSE,FALSE
"461","Humboldt","Overall Pool","Asian",933,7,0.75,1.02179126264206,-0.27179126264206,0.0102179126264206,9.53331248045042,3.07179132209283,-0.824702010918001,FALSE,FALSE,FALSE,FALSE
"461","Humboldt","Overall Pool","Native Hawaiian/Pacific Islander",933,1,0.11,0.729850901887186,-0.619850901887186,0.00729850901887186,6.80950891460745,2.59996339443079,-2.23445796469735,TRUE,TRUE,FALSE,FALSE
"461","Humboldt","Overall Pool","Black/African American",933,7,0.75,0.333646126576999,0.416353873423001,0.00333646126576999,3.1129183609634,1.76140064421146,2.20681288598981,FALSE,FALSE,TRUE,TRUE
"461","Humboldt","Overall Pool","White",933,893,95.71,90.3659680950891,5.34403190491085,0.903659680950891,843.114482327182,9.01254227298406,5.53512162959333,FALSE,FALSE,TRUE,TRUE
"461","Humboldt","Overall Pool","American Indian/Alaskan Native",933,0,0,0.1668230632885,-0.1668230632885,0.001668230632885,1.5564591804817,1.24654027114971,-1.24862326272552,TRUE,FALSE,FALSE,FALSE
"471","Ida","Overall Pool","White",1010,986,97.62,91.5062943134134,6.11370568658661,0.915062943134134,924.213572565475,8.86002148807772,6.97362049490129,FALSE,FALSE,TRUE,TRUE
"471","Ida","Overall Pool","American Indian/Alaskan Native",1010,1,0.1,0.463029952250036,-0.363029952250036,0.00463029952250036,4.67660251772537,2.15753295393619,-1.70407710854094,TRUE,FALSE,FALSE,FALSE
"471","Ida","Overall Pool","Black/African American",1010,1,0.1,0.332802778179714,-0.232802778179714,0.00332802778179714,3.36130805961511,1.83033372175938,-1.29009700883691,TRUE,FALSE,FALSE,FALSE
"471","Ida","Overall Pool","Hispanic/Latino/Spanish Origins",1010,1,0.1,4.1383301982347,-4.0383301982347,0.041383301982347,41.7971350021705,6.32988400702404,-6.44516312730208,TRUE,TRUE,FALSE,FALSE
"471","Ida","Overall Pool","Native Hawaiian/Pacific Islander",1010,1,0.1,0,0.1,0,0,0,NA,NA,NA,NA,NA
"471","Ida","Overall Pool","Asian",1010,0,0,0.665605556359427,-0.665605556359427,0.00665605556359427,6.72261611923021,2.58415750541795,-2.60147305461667,TRUE,TRUE,FALSE,FALSE
"481","Iowa","Overall Pool","Asian",1479,3,0.2,0.24232143938935,-0.04232143938935,0.0024232143938935,3.58393408856849,1.89083300370453,-0.308823723419487,FALSE,FALSE,FALSE,FALSE
"481","Iowa","Overall Pool","Black/African American",1479,8,0.54,0.327133943175622,0.212866056824378,0.00327133943175622,4.83831101956746,2.19601531459734,1.43973903980368,FALSE,FALSE,TRUE,FALSE
"481","Iowa","Overall Pool","Hispanic/Latino/Spanish Origins",1479,1,0.07,3.41673229538983,-3.34673229538984,0.0341673229538983,50.5334706488157,6.98619189810702,-7.09019611417162,TRUE,TRUE,FALSE,FALSE
"481","Iowa","Overall Pool","Native Hawaiian/Pacific Islander",1479,0,0,0,0,0,0,0,NA,NA,NA,NA,NA
"481","Iowa","Overall Pool","American Indian/Alaskan Native",1479,5,0.34,0.0908705397710062,0.249129460228994,0.000908705397710062,1.34397528321318,1.15877262895658,3.15508377176539,FALSE,FALSE,TRUE,TRUE
"481","Iowa","Overall Pool","White",1479,1429,96.62,92.5062094868843,4.11379051311566,0.925062094868843,1368.16683831102,10.1255892042362,6.00786388445718,FALSE,FALSE,TRUE,TRUE
"491","Jackson","Overall Pool","White",2251,2186,97.11,93.6462093862816,3.46379061371842,0.936462093862816,2107.9761732852,11.5730891397939,6.74183234677747,FALSE,FALSE,TRUE,TRUE
"491","Jackson","Overall Pool","American Indian/Alaskan Native",2251,6,0.27,0.0670448684889118,0.202955131511088,0.000670448684889118,1.5091799896854,1.2280749822165,3.65679626679578,FALSE,FALSE,TRUE,TRUE
"491","Jackson","Overall Pool","Native Hawaiian/Pacific Islander",2251,8,0.36,0.464156781846313,-0.104156781846313,0.00464156781846313,10.4481691593605,3.2248524421481,-0.759156954706973,FALSE,FALSE,FALSE,FALSE
"491","Jackson","Overall Pool","Hispanic/Latino/Spanish Origins",2251,2,0.09,1.57813305827746,-1.48813305827746,0.0157813305827746,35.5237751418257,5.91296564363132,-5.66953660181218,TRUE,TRUE,FALSE,FALSE
"491","Jackson","Overall Pool","Black/African American",2251,13,0.58,0.974729241877256,-0.394729241877256,0.00974729241877256,21.941155234657,4.66125394916209,-1.91818667941581,TRUE,FALSE,FALSE,FALSE
"491","Jackson","Overall Pool","Asian",2251,7,0.31,0.113460546673543,0.196539453326457,0.00113460546673543,2.55399690562145,1.59721605513165,2.78359529388282,FALSE,FALSE,TRUE,TRUE
"501","Jasper","Overall Pool","Native Hawaiian/Pacific Islander",2233,3,0.13,0.171259946250725,-0.0412599462507245,0.00171259946250725,3.82423459977868,1.95388976599464,-0.421842938185971,FALSE,FALSE,FALSE,FALSE
"501","Jasper","Overall Pool","American Indian/Alaskan Native",2233,7,0.31,0.0843125889234336,0.225687411076566,0.000843125889234336,1.88270011066027,1.37153664094522,3.73107049171725,FALSE,FALSE,TRUE,TRUE
"501","Jasper","Overall Pool","Black/African American",2233,19,0.85,1.53606997944881,-0.686069979448806,0.0153606997944881,34.3004426410918,5.81150271778857,-2.63278593921299,TRUE,TRUE,FALSE,FALSE
"501","Jasper","Overall Pool","Asian",2233,18,0.81,0.740369921483902,0.0696300785160985,0.00740369921483902,16.5324603467355,4.0509331002927,0.362272004234886,FALSE,FALSE,FALSE,FALSE
"501","Jasper","Overall Pool","White",2233,2138,95.75,90.7519629024609,4.99803709753913,0.907519629024609,2026.49133161195,13.6898016832198,8.14538230489707,FALSE,FALSE,TRUE,TRUE
"501","Jasper","Overall Pool","Hispanic/Latino/Spanish Origins",2233,1,0.04,3.10112241134004,-3.06112241134004,0.0310112241134004,69.2480634452232,8.19149535984147,-8.33157567051884,TRUE,TRUE,FALSE,FALSE
"511","Jefferson","Overall Pool","American Indian/Alaskan Native",742,1,0.13,0.783190066857689,-0.653190066857689,0.00783190066857689,5.81127029608405,2.4011990763714,-2.00369488037396,TRUE,TRUE,FALSE,FALSE
"511","Jefferson","Overall Pool","Native Hawaiian/Pacific Islander",742,1,0.13,0,0.13,0,0,0,NA,NA,NA,NA,NA
"511","Jefferson","Overall Pool","Hispanic/Latino/Spanish Origins",742,1,0.13,4.10060490289717,-3.97060490289717,0.0410060490289717,30.426488379497,5.40174215464121,-5.44759219101444,TRUE,TRUE,FALSE,FALSE
"511","Jefferson","Overall Pool","White",742,696,93.8,82.4005093919134,11.3994906080866,0.824005093919134,611.411779687997,10.3733002821149,8.15441739962406,FALSE,FALSE,TRUE,TRUE
"511","Jefferson","Overall Pool","Black/African American",742,9,1.21,2.54059216809933,-1.33059216809933,0.0254059216809933,18.851193887297,4.28628766321197,-2.29830442129378,TRUE,TRUE,FALSE,FALSE
"511","Jefferson","Overall Pool","Asian",742,15,2.02,8.18210760904171,-6.16210760904171,0.0818210760904171,60.7112384590895,7.46617570095861,-6.12244344225925,TRUE,TRUE,FALSE,FALSE
"521","Johnson","Overall Pool","American Indian/Alaskan Native",6083,14,0.23,0.174286097332082,0.055713902667918,0.00174286097332082,10.6018233007106,3.25320546486595,1.04456258173336,FALSE,FALSE,TRUE,FALSE
"521","Johnson","Overall Pool","Native Hawaiian/Pacific Islander",6083,6,0.1,0.0197907290010789,0.0802092709989211,0.000197907290010789,1.20387004513563,1.09710154064128,4.37163724340495,FALSE,FALSE,TRUE,TRUE
"521","Johnson","Overall Pool","Asian",6083,303,4.98,5.64929551388862,-0.669295513888622,0.0564929551388862,343.646646109845,18.0064719350442,-2.25733537677298,TRUE,TRUE,FALSE,FALSE
"521","Johnson","Overall Pool","Black/African American",6083,449,7.38,7.6985935814197,-0.318593581419698,0.076985935814197,468.30544755776,20.7906833565095,-0.928562434755939,FALSE,FALSE,FALSE,FALSE
"521","Johnson","Overall Pool","White",6083,5004,82.26,74.8159781408206,7.44402185917939,0.748159781408206,4551.05595030612,33.854673611609,13.3790700477633,FALSE,FALSE,TRUE,TRUE
"521","Johnson","Overall Pool","Hispanic/Latino/Spanish Origins",6083,5,0.08,6.73778560894796,-6.65778560894796,0.0673778560894796,409.859498592305,19.5510624846643,-20.707800351509,TRUE,TRUE,FALSE,FALSE
"531","Jones","Overall Pool","Black/African American",1573,5,0.32,2.45980091883614,-2.13980091883614,0.0245980091883614,38.6926684532925,6.14336274683143,-5.48440159596147,TRUE,TRUE,FALSE,FALSE
"531","Jones","Overall Pool","American Indian/Alaskan Native",1573,4,0.25,0.0813552833078101,0.16864471669219,0.000813552833078101,1.27971860643185,1.13078622547944,2.40565487293124,FALSE,FALSE,TRUE,TRUE
"531","Jones","Overall Pool","White",1573,1528,97.14,91.5294793261868,5.61052067381317,0.915294793261868,1439.75870980092,11.0433264538685,7.99046288884899,FALSE,FALSE,TRUE,TRUE
"531","Jones","Overall Pool","Hispanic/Latino/Spanish Origins",1573,0,0,2.59858346094946,-2.59858346094946,0.0259858346094946,40.8757178407351,6.30979620886296,-6.47813597899083,TRUE,TRUE,FALSE,FALSE
"531","Jones","Overall Pool","Native Hawaiian/Pacific Islander",1573,0,0,0,0,0,0,0,NA,NA,NA,NA,NA
"531","Jones","Overall Pool","Asian",1573,3,0.19,0.612557427258806,-0.422557427258806,0.00612557427258806,9.63552833078101,3.09459289508898,-2.14423303992954,TRUE,TRUE,FALSE,FALSE
"541","Keokuk","Overall Pool","Hispanic/Latino/Spanish Origins",1414,0,0,2.347843611447,-2.347843611447,0.02347843611447,33.1985086658605,5.69377375745239,-5.83066874099241,TRUE,TRUE,FALSE,FALSE
"541","Keokuk","Overall Pool","Black/African American",1414,5,0.35,0.261991132607819,0.0880088673921806,0.00261991132607819,3.70455461507457,1.92219900387043,0.673939265558353,FALSE,FALSE,FALSE,FALSE
"541","Keokuk","Overall Pool","White",1414,1384,97.88,94.5888754534462,3.2911245465538,0.945888754534462,1337.48669891173,8.5072363944882,5.46749836626219,FALSE,FALSE,TRUE,TRUE
"541","Keokuk","Overall Pool","American Indian/Alaskan Native",1414,2,0.14,0.090689238210399,0.049310761789601,0.00090689238210399,1.28234582829504,1.13189349261851,0.634029770808861,FALSE,FALSE,FALSE,FALSE
"541","Keokuk","Overall Pool","Native Hawaiian/Pacific Islander",1414,0,0,0,0,0,0,0,NA,NA,NA,NA,NA
"541","Keokuk","Overall Pool","Asian",1414,4,0.28,0.201531640467553,0.0784683595324466,0.00201531640467553,2.84965739621121,1.68639094960597,0.68213281389916,FALSE,FALSE,FALSE,FALSE
"551","Kossuth","Overall Pool","White",1602,1549,96.69,91.7263709010747,4.96362909892532,0.917263709010747,1469.45646183522,11.0262131950383,7.2140395580758,FALSE,FALSE,TRUE,TRUE
"551","Kossuth","Overall Pool","Black/African American",1602,6,0.37,0.716450812896115,-0.346450812896115,0.00716450812896115,11.4775420225958,3.37569416260928,-1.62264167271653,TRUE,FALSE,FALSE,FALSE
"551","Kossuth","Overall Pool","Hispanic/Latino/Spanish Origins",1602,3,0.19,4.50537338109672,-4.31537338109672,0.0450537338109672,72.1760815651695,8.30206477924701,-8.33239482039355,TRUE,TRUE,FALSE,FALSE
"551","Kossuth","Overall Pool","Asian",1602,7,0.44,0.413337007440066,0.0266629925599338,0.00413337007440066,6.62165885918986,2.56793479134856,0.147332845866952,FALSE,FALSE,FALSE,FALSE
"551","Kossuth","Overall Pool","American Indian/Alaskan Native",1602,5,0.31,0.130890052356021,0.179109947643979,0.00130890052356021,2.09685863874346,1.44710540713984,2.00617131753692,FALSE,FALSE,TRUE,TRUE
"551","Kossuth","Overall Pool","Native Hawaiian/Pacific Islander",1602,0,0,0.0551116009920088,-0.0551116009920088,0.000551116009920088,0.882887847891981,0.939362163525892,-0.939880146522046,FALSE,FALSE,FALSE,FALSE
"561","Lee","Overall Pool","Hispanic/Latino/Spanish Origins",1492,3,0.2,3.48098379594443,-3.28098379594443,0.0348098379594443,51.9362782354908,7.08014016852045,-6.91176686770555,TRUE,TRUE,FALSE,FALSE
"562","Lee","Overall Pool","Hispanic/Latino/Spanish Origins",1553,3,0.19,3.48098379594443,-3.29098379594443,0.0348098379594443,54.0596783510169,7.22342506761705,-7.06862435382902,TRUE,TRUE,FALSE,FALSE
"561","Lee","Overall Pool","Asian",1492,6,0.4,0.562429696287964,-0.162429696287964,0.00562429696287964,8.39145106861642,2.88864242436773,-0.827880615628593,FALSE,FALSE,FALSE,FALSE
"561","Lee","Overall Pool","Black/African American",1492,58,3.89,2.47773082418752,1.41226917581248,0.0247773082418752,36.9677438968778,6.0043136752953,3.50285765210091,FALSE,FALSE,TRUE,TRUE
"562","Lee","Overall Pool","Black/African American",1553,36,2.32,2.47773082418752,-0.157730824187517,0.0247773082418752,38.4791596996321,6.12582645027314,-0.404706160018882,FALSE,FALSE,FALSE,FALSE
"561","Lee","Overall Pool","White",1492,1382,92.63,90.2806068160399,2.3493931839601,0.902806068160399,1346.98665369531,11.4419809914243,3.06007730050656,FALSE,FALSE,TRUE,TRUE
"562","Lee","Overall Pool","White",1553,1469,94.59,90.2806068160399,4.30939318396011,0.902806068160399,1402.0578238531,11.6735389906728,5.73452285552717,FALSE,FALSE,TRUE,TRUE
"562","Lee","Overall Pool","Native Hawaiian/Pacific Islander",1553,0,0,0.0638433709299851,-0.0638433709299851,0.000638433709299851,0.991487550542668,0.995416772748004,-0.996052686359214,FALSE,FALSE,FALSE,FALSE
"561","Lee","Overall Pool","Native Hawaiian/Pacific Islander",1492,0,0,0.0638433709299851,-0.0638433709299851,0.000638433709299851,0.952543094275378,0.975671542402684,-0.976294841939994,FALSE,FALSE,FALSE,FALSE
"562","Lee","Overall Pool","Asian",1553,2,0.13,0.562429696287964,-0.432429696287964,0.00562429696287964,8.73453318335208,2.94710155490047,-2.28513780672194,TRUE,TRUE,FALSE,FALSE
"562","Lee","Overall Pool","American Indian/Alaskan Native",1553,2,0.13,0.106405618216642,0.0235943817833582,0.00106405618216642,1.65247925090445,1.28480384500577,0.270485452270724,FALSE,FALSE,FALSE,FALSE
"561","Lee","Overall Pool","American Indian/Alaskan Native",1492,3,0.2,0.106405618216642,0.0935943817833582,0.00106405618216642,1.5875718237923,1.25931829105217,1.12158156221777,FALSE,FALSE,TRUE,FALSE
"571","Linn","Overall Pool","Black/African American",17696,947,5.35,5.97163527590824,-0.621635275908245,0.0597163527590824,1056.74057842472,31.5219905029596,-3.48139748390634,TRUE,TRUE,FALSE,FALSE
"571","Linn","Overall Pool","White",17696,15665,88.52,82.3503069511835,6.16969304881654,0.823503069511835,14572.7103180814,50.7152702845463,21.5376882700241,FALSE,FALSE,TRUE,TRUE
"571","Linn","Overall Pool","Native Hawaiian/Pacific Islander",17696,32,0.18,0.0230430775116954,0.156956922488305,0.000230430775116954,4.07770299646963,2.01909964296155,13.8290832257168,FALSE,FALSE,TRUE,TRUE
"571","Linn","Overall Pool","Hispanic/Latino/Spanish Origins",17696,20,0.11,4.12253699935653,-4.01253699935653,0.0412253699935653,729.524147406132,26.4471027621188,-26.8280481906854,TRUE,TRUE,FALSE,FALSE
"571","Linn","Overall Pool","Asian",17696,363,2.05,2.3930018608372,-0.343001860837203,0.023930018608372,423.465609293751,20.3305698243642,-2.97412270369763,TRUE,TRUE,FALSE,FALSE
"571","Linn","Overall Pool","American Indian/Alaskan Native",17696,51,0.29,0.220430949026973,0.0695690509730265,0.00220430949026973,39.0074607398132,6.23870789698581,1.92227933383143,FALSE,FALSE,TRUE,FALSE
"581","Louisa","Overall Pool","Asian",939,9,0.96,2.16332646563027,-1.20332646563027,0.0216332646563027,20.3136355122682,4.45804724729333,-2.53780071961714,TRUE,TRUE,FALSE,FALSE
"581","Louisa","Overall Pool","Hispanic/Latino/Spanish Origins",939,23,2.45,16.4262970593744,-13.9762970593744,0.164262970593744,154.242929387526,11.3537010535442,-11.5594843274966,TRUE,TRUE,FALSE,FALSE
"581","Louisa","Overall Pool","Black/African American",939,3,0.32,1.03015545982394,-0.710155459823937,0.0103015545982394,9.67315976774677,3.09410910994778,-2.15673059049278,TRUE,TRUE,FALSE,FALSE
"581","Louisa","Overall Pool","White",939,844,89.88,76.9807079977524,12.8992920022476,0.769807079977524,722.848848098895,12.8994064622667,9.39199429489225,FALSE,FALSE,TRUE,TRUE
"581","Louisa","Overall Pool","Native Hawaiian/Pacific Islander",939,1,0.11,0,0.11,0,0,0,NA,NA,NA,NA,NA
"581","Louisa","Overall Pool","American Indian/Alaskan Native",939,0,0,0.627458325529125,-0.627458325529125,0.00627458325529125,5.89183367671849,2.41968280478818,-2.43496117138141,TRUE,TRUE,FALSE,FALSE
"591","Lucas","Overall Pool","Hispanic/Latino/Spanish Origins",519,2,0.39,2.92565396971088,-2.53565396971088,0.0292565396971088,15.1841441027994,3.8392588592187,-3.43403364718222,TRUE,TRUE,FALSE,FALSE
"591","Lucas","Overall Pool","Black/African American",519,2,0.39,0.28682882055989,0.10317117944011,0.0028682882055989,1.48864157870583,1.21834794932452,0.419714599247022,FALSE,FALSE,FALSE,FALSE
"591","Lucas","Overall Pool","Native Hawaiian/Pacific Islander",519,0,0,0,0,0,0,0,NA,NA,NA,NA,NA
"591","Lucas","Overall Pool","American Indian/Alaskan Native",519,0,0,0.0114731528223956,-0.0114731528223956,0.000114731528223956,0.0595456631482331,0.24400580194598,-0.244033800316829,FALSE,FALSE,FALSE,FALSE
"591","Lucas","Overall Pool","Asian",519,1,0.19,0.837540156034878,-0.647540156034878,0.00837540156034878,4.34683340982102,2.07615677021217,-1.61203308817522,TRUE,FALSE,FALSE,FALSE
"591","Lucas","Overall Pool","White",519,505,97.3,93.9880679210647,3.31193207893529,0.939880679210647,487.798072510326,5.41535675663905,3.17650863326504,FALSE,FALSE,TRUE,TRUE
"601","Lyon","Overall Pool","Hispanic/Latino/Spanish Origins",1394,2,0.14,3.86449597105739,-3.72449597105739,0.0386449597105739,53.87107383654,7.19647332785731,-7.20784632602595,TRUE,TRUE,FALSE,FALSE
"601","Lyon","Overall Pool","Asian",1394,2,0.14,0.485117579345502,-0.345117579345502,0.00485117579345502,6.7625390560763,2.59417285281941,-1.83586034018522,TRUE,FALSE,FALSE,FALSE
"601","Lyon","Overall Pool","American Indian/Alaskan Native",1394,1,0.07,0.156224305212958,-0.0862243052129584,0.00156224305212958,2.17776681466864,1.47457268847394,-0.798717366647778,FALSE,FALSE,FALSE,FALSE
"601","Lyon","Overall Pool","Native Hawaiian/Pacific Islander",1394,1,0.07,0.0328893274132544,0.0371106725867456,0.000328893274132544,0.458477224140766,0.676998104920098,0.799888170917623,FALSE,FALSE,FALSE,FALSE
"601","Lyon","Overall Pool","Black/African American",1394,2,0.14,0.353560269692485,-0.213560269692485,0.00353560269692485,4.92863015951324,2.21612375137967,-1.32151020794303,TRUE,FALSE,FALSE,FALSE
"601","Lyon","Overall Pool","White",1394,1359,97.49,93.3728005262292,4.11719947377075,0.933728005262292,1301.61683933564,9.28766624760832,6.17842621973428,FALSE,FALSE,TRUE,TRUE
"611","Madison","Overall Pool","Asian",1465,9,0.61,0.449013352239159,0.160986647760841,0.00449013352239159,6.57804561030367,2.55900553090395,0.946443593203483,FALSE,FALSE,FALSE,FALSE
"611","Madison","Overall Pool","White",1465,1433,97.82,94.2514474772539,3.56855252274607,0.942514474772539,1380.78370554177,8.90926913605085,5.86089539566605,FALSE,FALSE,TRUE,TRUE
"611","Madison","Overall Pool","American Indian/Alaskan Native",1465,2,0.14,0.0945291267871913,0.0454708732128087,0.000945291267871913,1.38485170743235,1.17624088485566,0.52297815905552,FALSE,FALSE,FALSE,FALSE
"611","Madison","Overall Pool","Black/African American",1465,4,0.27,0.880302493205719,-0.610302493205719,0.00880302493205719,12.8964315254638,3.57531871547287,-2.48829048077946,TRUE,TRUE,FALSE,FALSE
"611","Madison","Overall Pool","Native Hawaiian/Pacific Islander",1465,0,0,0.0472645633935957,-0.0472645633935957,0.000472645633935957,0.692425853716176,0.831924624986899,-0.832318016463427,FALSE,FALSE,FALSE,FALSE
"611","Madison","Overall Pool","Hispanic/Latino/Spanish Origins",1465,0,0,2.26279097246839,-2.26279097246839,0.0226279097246839,33.1498877466619,5.69208003100335,-5.82386185122183,TRUE,TRUE,FALSE,FALSE
"621","Mahaska","Overall Pool","Black/African American",1650,13,0.79,1.33054811316471,-0.540548113164706,0.0133054811316471,21.9540438672177,4.65423836419871,-1.92384729069613,TRUE,FALSE,FALSE,FALSE
"621","Mahaska","Overall Pool","Hispanic/Latino/Spanish Origins",1650,0,0,2.49761591208392,-2.49761591208392,0.0249761591208392,41.2106625493847,6.33887833012088,-6.50125470204424,TRUE,TRUE,FALSE,FALSE
"621","Mahaska","Overall Pool","Asian",1650,7,0.42,1.03991644339494,-0.619916443394941,0.0103991644339494,17.1586213160165,4.12070212360605,-2.46526465910296,TRUE,TRUE,FALSE,FALSE
"621","Mahaska","Overall Pool","American Indian/Alaskan Native",1650,2,0.12,0.0817401571227465,0.0382598428772535,0.000817401571227465,1.34871259252532,1.16086612179573,0.561035760495117,FALSE,FALSE,FALSE,FALSE
"621","Mahaska","Overall Pool","Native Hawaiian/Pacific Islander",1650,0,0,0.295172789609918,-0.295172789609918,0.00295172789609918,4.87035102856364,2.20362770847728,-2.2101514742384,TRUE,TRUE,FALSE,FALSE
"621","Mahaska","Overall Pool","White",1650,1599,96.91,91.5535170973162,5.35648290268381,0.915535170973162,1510.63303210572,11.2958116476464,7.82298524893474,FALSE,FALSE,TRUE,TRUE
"631","Marion","Overall Pool","Hispanic/Latino/Spanish Origins",1690,0,0,2.29772308423994,-2.29772308423994,0.0229772308423994,38.831520123655,6.15948693657292,-6.30434328760188,TRUE,TRUE,FALSE,FALSE
"631","Marion","Overall Pool","Black/African American",1690,11,0.65,0.419118958444801,0.230881041555199,0.00419118958444801,7.08311039771714,2.65582825860272,1.47482789581568,FALSE,FALSE,TRUE,FALSE
"631","Marion","Overall Pool","Native Hawaiian/Pacific Islander",1690,3,0.18,0,0.18,0,0,0,NA,NA,NA,NA,NA
"631","Marion","Overall Pool","Asian",1690,20,1.18,1.40598061946377,-0.225980619463766,0.0140598061946377,23.7610724689376,4.84014425353704,-0.777057928839446,FALSE,FALSE,FALSE,FALSE
"631","Marion","Overall Pool","American Indian/Alaskan Native",1690,10,0.59,0.0356696985910469,0.554330301408953,0.000356696985910469,0.602817906188693,0.776275004659111,12.1054807090407,FALSE,FALSE,TRUE,TRUE
"631","Marion","Overall Pool","White",1690,1614,95.5,93.3149039890613,2.18509601093871,0.933149039890613,1577.02187741514,10.2676884749543,3.60140675041554,FALSE,FALSE,TRUE,TRUE
"641","Marshall","Overall Pool","Hispanic/Latino/Spanish Origins",5162,227,4.4,24.6173405793489,-20.2173405793489,0.246173405793489,1270.74712070599,30.9503307591296,-33.7232945530996,TRUE,TRUE,FALSE,FALSE
"641","Marshall","Overall Pool","American Indian/Alaskan Native",5162,31,0.6,1.26140499576208,-0.661404995762078,0.0126140499576208,65.1137258812385,8.01825280781578,-4.25450864407595,TRUE,TRUE,FALSE,FALSE
"641","Marshall","Overall Pool","White",5162,4277,82.86,65.9645011716608,16.8954988283392,0.659645011716608,3405.08755048113,34.0431862984053,25.6119518859407,FALSE,FALSE,TRUE,TRUE
"641","Marshall","Overall Pool","Native Hawaiian/Pacific Islander",5162,13,0.25,0,0.25,0,0,0,NA,NA,NA,NA,NA
"641","Marshall","Overall Pool","Asian",5162,139,2.69,4.11826295059082,-1.42826295059082,0.0411826295059082,212.584733509498,14.2769021566572,-5.15411065384277,TRUE,TRUE,FALSE,FALSE
"641","Marshall","Overall Pool","Black/African American",5162,81,1.57,2.05414568479832,-0.484145684798325,0.0205414568479832,106.03500024929,10.1910199130064,-2.45657455907218,TRUE,TRUE,FALSE,FALSE
"651","Mills","Overall Pool","Hispanic/Latino/Spanish Origins",2033,0,0,3.86463481603515,-3.86463481603515,0.0386463481603515,78.5680258099945,8.69089515126434,-9.04026851578857,TRUE,TRUE,FALSE,FALSE
"651","Mills","Overall Pool","Black/African American",2033,8,0.39,0.404997254255903,-0.0149972542559033,0.00404997254255903,8.23359417902251,2.86360757588586,-0.0815733904986096,FALSE,FALSE,FALSE,FALSE
"651","Mills","Overall Pool","American Indian/Alaskan Native",2033,5,0.25,0.109829763866008,0.140170236133992,0.00109829763866008,2.23283909939594,1.49344794937271,1.85286732073009,FALSE,FALSE,TRUE,FALSE
"651","Mills","Overall Pool","White",2033,1955,96.16,92.6894563426689,3.47054365733113,0.926894563426689,1884.37664744646,11.7370429615013,6.01713334314222,FALSE,FALSE,TRUE,TRUE
"651","Mills","Overall Pool","Native Hawaiian/Pacific Islander",2033,4,0.2,0,0.2,0,0,0,NA,NA,NA,NA,NA
"651","Mills","Overall Pool","Asian",2033,14,0.69,0.562877539813289,0.127122460186711,0.00562877539813289,11.4433003844042,3.37326082844582,0.757931196436353,FALSE,FALSE,FALSE,FALSE
"661","Mitchell","Overall Pool","Asian",860,1,0.12,0.605200945626478,-0.485200945626478,0.00605200945626478,5.20472813238771,2.27447336069544,-1.84866009206724,TRUE,FALSE,FALSE,FALSE
"661","Mitchell","Overall Pool","Black/African American",860,2,0.23,0.349881796690307,-0.119881796690307,0.00349881796690307,3.00898345153664,1.73160491053077,-0.582686873547481,FALSE,FALSE,FALSE,FALSE
"661","Mitchell","Overall Pool","White",860,844,98.14,95.1394799054374,3.00052009456265,0.951394799054374,818.199527186761,6.30624709573999,4.09125624504431,FALSE,FALSE,TRUE,TRUE
"661","Mitchell","Overall Pool","Hispanic/Latino/Spanish Origins",860,0,0,2.43026004728132,-2.43026004728132,0.0243026004728132,20.9002364066194,4.51578413029697,-4.62826295579477,TRUE,TRUE,FALSE,FALSE
"661","Mitchell","Overall Pool","American Indian/Alaskan Native",860,3,0.35,0.321513002364066,0.0284869976359338,0.00321513002364066,2.76501182033097,1.66015720575243,0.141545739677423,FALSE,FALSE,FALSE,FALSE
"661","Mitchell","Overall Pool","Native Hawaiian/Pacific Islander",860,0,0,0,0,0,0,0,NA,NA,NA,NA,NA
"671","Monona","Overall Pool","White",1940,1856,95.67,92.836274395232,2.83372560476802,0.92836274395232,1801.0237232675,11.3587146108906,4.84000862912683,FALSE,FALSE,TRUE,TRUE
"671","Monona","Overall Pool","Asian",1940,11,0.57,0,0.57,0,0,0,NA,NA,NA,NA,NA
"671","Monona","Overall Pool","Native Hawaiian/Pacific Islander",1940,1,0.05,0,0.05,0,0,0,NA,NA,NA,NA,NA
"671","Monona","Overall Pool","American Indian/Alaskan Native",1940,18,0.93,0.467453546803786,0.462546453196214,0.00467453546803786,9.06859880799346,3.0043647117519,2.97280857982068,FALSE,FALSE,TRUE,TRUE
"671","Monona","Overall Pool","Hispanic/Latino/Spanish Origins",1940,3,0.15,2.72291691013206,-2.57291691013206,0.0272291691013206,52.8245880565619,7.16841812505815,-6.95056945442307,TRUE,TRUE,FALSE,FALSE
"671","Monona","Overall Pool","Black/African American",1940,21,1.08,0.245413112071988,0.834586887928012,0.00245413112071988,4.76101437419656,2.17929580843323,7.45148298040282,FALSE,FALSE,TRUE,TRUE
"681","Monroe","Overall Pool","White",707,693,98.02,94.7823772128311,3.2376227871689,0.947823772128311,670.111406894716,5.91302676009139,3.87087595472516,FALSE,FALSE,TRUE,TRUE
"681","Monroe","Overall Pool","Asian",707,3,0.42,0.465859177425795,-0.0458591774257953,0.00465859177425795,3.29362438440037,1.81060231219771,-0.162169451801909,FALSE,FALSE,FALSE,FALSE
"681","Monroe","Overall Pool","American Indian/Alaskan Native",707,4,0.57,0.146412884333821,0.423587115666179,0.00146412884333821,1.03513909224012,1.01667276703879,2.9162391320813,FALSE,FALSE,TRUE,TRUE
"681","Monroe","Overall Pool","Native Hawaiian/Pacific Islander",707,0,0,0.0399307866364967,-0.0399307866364967,0.000399307866364967,0.282310661520032,0.531223053577429,-0.531435259857154,FALSE,FALSE,FALSE,FALSE
"681","Monroe","Overall Pool","Hispanic/Latino/Spanish Origins",707,0,0,2.07640090509783,-2.07640090509783,0.0207640090509783,14.6801543990417,3.79148197150273,-3.87187767458203,TRUE,TRUE,FALSE,FALSE
"681","Monroe","Overall Pool","Black/African American",707,2,0.28,1.1979235990949,-0.917923599094902,0.011979235990949,8.46931984560096,2.8927260265168,-2.23640945817147,TRUE,TRUE,FALSE,FALSE
"691","Montgomery","Overall Pool","Asian",1452,4,0.28,1.06716271783826,-0.787162717838261,0.0106716271783826,15.4952026630116,3.91533442213285,-2.93594401490476,TRUE,TRUE,FALSE,FALSE
"691","Montgomery","Overall Pool","Black/African American",1452,9,0.62,1.80144899158018,-1.18144899158018,0.0180144899158018,26.1570393577443,5.06811933916388,-3.3852871666149,TRUE,TRUE,FALSE,FALSE
"691","Montgomery","Overall Pool","American Indian/Alaskan Native",1452,9,0.62,0.0587429018993538,0.561257098100646,0.000587429018993538,0.852946935578618,0.923279962848213,8.82403322096221,FALSE,FALSE,TRUE,TRUE
"691","Montgomery","Overall Pool","Hispanic/Latino/Spanish Origins",1452,4,0.28,0.802819659291169,-0.522819659291169,0.00802819659291169,11.6569414529078,3.40049367522596,-2.25171465798976,TRUE,TRUE,FALSE,FALSE
"691","Montgomery","Overall Pool","Native Hawaiian/Pacific Islander",1452,1,0.07,0.362247895046015,-0.292247895046015,0.00362247895046015,5.25983943606814,2.28927625646801,-1.86077998408126,TRUE,FALSE,FALSE,FALSE
"691","Montgomery","Overall Pool","White",1452,1395,96.07,91.9522224397885,4.11777756021147,0.919522224397885,1335.14626982573,10.3657899794968,5.77416002954524,FALSE,FALSE,TRUE,TRUE
"701","Muscatine","Overall Pool","Native Hawaiian/Pacific Islander",11980,13,0.11,0,0.11,0,0,0,NA,NA,NA,NA,NA
"701","Muscatine","Overall Pool","Hispanic/Latino/Spanish Origins",11980,210,1.75,18.8091825465824,-17.0591825465824,0.188091825465824,2253.34006908057,42.7727158606035,-47.772044116624,TRUE,TRUE,FALSE,FALSE
"701","Muscatine","Overall Pool","American Indian/Alaskan Native",11980,42,0.35,0.319556380554054,0.0304436194459456,0.00319556380554054,38.2828543903757,6.17742009956527,0.601731070529891,FALSE,FALSE,FALSE,FALSE
"701","Muscatine","Overall Pool","Asian",11980,112,0.93,0.639112761108109,0.290887238891891,0.00639112761108109,76.5657087807514,8.72217676760227,4.06255137488912,FALSE,FALSE,TRUE,TRUE
"701","Muscatine","Overall Pool","Black/African American",11980,219,1.83,2.25099273949106,-0.42099273949106,0.0225099273949106,269.668930191029,16.2357230252233,-3.12082992006647,TRUE,TRUE,FALSE,FALSE
"701","Muscatine","Overall Pool","White",11980,10383,86.67,74.9735661082262,11.6964338917738,0.749735661082262,8981.8332197655,47.4113125004359,29.5534273644421,FALSE,FALSE,TRUE,TRUE
"711","O'Brien","Overall Pool","Black/African American",1685,4,0.24,1.69899476143282,-1.45899476143282,0.0169899476143282,28.628061730143,5.30487252071604,-4.64253601457303,TRUE,TRUE,FALSE,FALSE
"711","O'Brien","Overall Pool","Native Hawaiian/Pacific Islander",1685,5,0.3,0.155741186464675,0.144258813535325,0.00155741186464675,2.62423899192977,1.61868834893814,1.46770748651445,FALSE,FALSE,TRUE,FALSE
"711","O'Brien","Overall Pool","American Indian/Alaskan Native",1685,5,0.3,0.389352966161688,-0.0893529661616876,0.00389352966161688,6.56059747982444,2.55637508964135,-0.610472808215082,FALSE,FALSE,FALSE,FALSE
"711","O'Brien","Overall Pool","Hispanic/Latino/Spanish Origins",1685,3,0.18,7.60300155741187,-7.42300155741187,0.0760300155741186,128.11057624239,10.8798128263069,-11.4993316741515,TRUE,TRUE,FALSE,FALSE
"711","O'Brien","Overall Pool","White",1685,1600,94.96,86.9885317853603,7.97146821463967,0.869885317853603,1465.75676058332,13.8100135773732,9.72071741020064,FALSE,FALSE,TRUE,TRUE
"711","O'Brien","Overall Pool","Asian",1685,14,0.83,0.651281325215914,0.178718674784086,0.00651281325215914,10.9740903298881,3.30191128423482,0.916411559740942,FALSE,FALSE,FALSE,FALSE
"721","Osceola","Overall Pool","Native Hawaiian/Pacific Islander",1371,1,0.07,0,0.07,0,0,0,NA,NA,NA,NA,NA
"721","Osceola","Overall Pool","Asian",1371,9,0.66,0.573770491803279,0.0862295081967214,0.00573770491803279,7.86639344262295,2.79665128292392,0.405344264513327,FALSE,FALSE,FALSE,FALSE
"721","Osceola","Overall Pool","Hispanic/Latino/Spanish Origins",1371,1,0.07,10.6065573770492,-10.5365573770492,0.106065573770492,145.415901639344,11.4014157277337,-12.6664885386168,TRUE,TRUE,FALSE,FALSE
"721","Osceola","Overall Pool","American Indian/Alaskan Native",1371,6,0.44,1.0655737704918,-0.625573770491803,0.010655737704918,14.6090163934426,3.80175571895766,-2.2644843671868,TRUE,TRUE,FALSE,FALSE
"721","Osceola","Overall Pool","White",1371,1309,95.48,84.0327868852459,11.4472131147541,0.840327868852459,1152.08950819672,13.5630596491534,11.5689597968459,FALSE,FALSE,TRUE,TRUE
"721","Osceola","Overall Pool","Black/African American",1371,2,0.15,0.475409836065574,-0.325409836065574,0.00475409836065574,6.51786885245902,2.5469358576204,-1.77384477074348,TRUE,FALSE,FALSE,FALSE
"731","Page","Overall Pool","Asian",1751,14,0.8,0.654285903112815,0.145714096887185,0.00654285903112815,11.4565461635054,3.37366085980407,0.753915091703179,FALSE,FALSE,FALSE,FALSE
"731","Page","Overall Pool","Black/African American",1751,6,0.34,1.71171766571938,-1.37171766571938,0.0171171766571938,29.9721763267464,5.42762722464991,-4.41669542408426,TRUE,TRUE,FALSE,FALSE
"731","Page","Overall Pool","White",1751,1680,95.95,90.2914546295684,5.65854537043157,0.902914546295684,1581.00337056374,12.3892061706646,7.99055468708422,FALSE,FALSE,TRUE,TRUE
"731","Page","Overall Pool","Native Hawaiian/Pacific Islander",1751,0,0,0.0132178970325821,-0.0132178970325821,0.000132178970325821,0.231445377040513,0.481055906136583,-0.481119500016699,FALSE,FALSE,FALSE,FALSE
"731","Page","Overall Pool","American Indian/Alaskan Native",1751,5,0.29,0.548542726852158,-0.258542726852158,0.00548542726852158,9.60498314718128,3.09067884302333,-1.48995847872587,TRUE,FALSE,FALSE,FALSE
"731","Page","Overall Pool","Hispanic/Latino/Spanish Origins",1751,1,0.06,3.33751900072698,-3.27751900072698,0.0333751900072698,58.4399577027295,7.5159505726411,-7.64240759004155,TRUE,TRUE,FALSE,FALSE
"741","Palo Alto","Overall Pool","Hispanic/Latino/Spanish Origins",1652,1,0.06,3.50896987476024,-3.44896987476024,0.0350896987476024,57.9681823310392,7.47891009947953,-7.61717704495521,TRUE,TRUE,FALSE,FALSE
"741","Palo Alto","Overall Pool","American Indian/Alaskan Native",1652,2,0.12,0.236940088006318,-0.116940088006318,0.00236940088006318,3.91425025386438,1.97610116792336,-0.968700532612922,FALSE,FALSE,FALSE,FALSE
"741","Palo Alto","Overall Pool","Asian",1652,7,0.42,0.64312309601715,-0.22312309601715,0.0064312309601715,10.6243935462033,3.24900994419776,-1.11553784335931,TRUE,FALSE,FALSE,FALSE
"741","Palo Alto","Overall Pool","Black/African American",1652,14,0.85,1.63601489337696,-0.786014893376961,0.0163601489337696,27.0269660385874,5.15604507825214,-2.52654230924673,TRUE,TRUE,FALSE,FALSE
"741","Palo Alto","Overall Pool","White",1652,1595,96.55,91.2557824664335,5.29421753356651,0.912557824664335,1507.54552634548,11.4814223962538,7.61704174241109,FALSE,FALSE,TRUE,TRUE
"741","Palo Alto","Overall Pool","Native Hawaiian/Pacific Islander",1652,0,0,0,0,0,0,0,NA,NA,NA,NA,NA
"751","Plymouth","Overall Pool","Native Hawaiian/Pacific Islander",2769,10,0.36,0.435002136171204,-0.0750021361712044,0.00435002136171204,12.0452091505807,3.46306399500057,-0.590577925655778,FALSE,FALSE,FALSE,FALSE
"751","Plymouth","Overall Pool","American Indian/Alaskan Native",2769,8,0.29,0.427234240882433,-0.137234240882433,0.00427234240882433,11.8301161300346,3.43213837471494,-1.11595620918189,TRUE,FALSE,FALSE,FALSE
"751","Plymouth","Overall Pool","Asian",2769,21,0.76,0.524332931992077,0.235667068007923,0.00524332931992077,14.5187788868606,3.80034895079829,1.70542789545101,FALSE,FALSE,TRUE,FALSE
"751","Plymouth","Overall Pool","Hispanic/Latino/Spanish Origins",2769,6,0.22,6.42016545616965,-6.20016545616965,0.0642016545616965,177.774381481338,12.8980995519322,-13.3178055255129,TRUE,TRUE,FALSE,FALSE
"751","Plymouth","Overall Pool","Black/African American",2769,27,0.98,2.38862780129724,-1.40862780129724,0.0238862780129724,66.1411038179205,8.03500087268451,-4.87132539723588,TRUE,TRUE,FALSE,FALSE
"751","Plymouth","Overall Pool","White",2769,2609,94.22,88.0257894123587,6.19421058764128,0.880257894123587,2437.43410882821,17.0840127934302,10.0424820120577,FALSE,FALSE,TRUE,TRUE
"761","Pocahontas","Overall Pool","Hispanic/Latino/Spanish Origins",765,3,0.39,5.84728924212319,-5.45728924212319,0.0584728924212319,44.7317627022424,6.48969700016435,-6.43046396483312,TRUE,TRUE,FALSE,FALSE
"761","Pocahontas","Overall Pool","Native Hawaiian/Pacific Islander",765,4,0.52,0.780584728924212,-0.260584728924212,0.00780584728924212,5.97147317627022,2.43410368895092,-0.809938042171046,FALSE,FALSE,FALSE,FALSE
"761","Pocahontas","Overall Pool","White",765,734,95.95,88.5892705080897,7.36072949191031,0.885892705080897,677.707919386886,8.79382837144842,6.40131672297375,FALSE,FALSE,TRUE,TRUE
"761","Pocahontas","Overall Pool","American Indian/Alaskan Native",765,2,0.26,0.241271643485666,0.0187283565143344,0.00241271643485666,1.84572807266534,1.35693583275339,0.113691394693013,FALSE,FALSE,FALSE,FALSE
"761","Pocahontas","Overall Pool","Asian",765,2,0.26,0.170309395401646,0.0896906045983537,0.00170309395401646,1.30286687482259,1.14045954339696,0.611273875705345,FALSE,FALSE,FALSE,FALSE
"761","Pocahontas","Overall Pool","Black/African American",765,3,0.39,1.29151291512915,-0.901512915129151,0.0129151291512915,9.88007380073801,3.12289471029319,-2.2031078339148,TRUE,TRUE,FALSE,FALSE
"771","Polk","Overall Pool","Black/African American",19037,1251,6.57,7.43300044716053,-0.863000447160529,0.0743300044716053,1415.02029512595,36.191737043997,-4.53198184233479,TRUE,TRUE,FALSE,FALSE
"771","Polk","Overall Pool","Asian",19037,905,4.75,4.97898345506037,-0.228983455060367,0.0497898345506037,947.849080339842,30.0109285336322,-1.42778255900421,TRUE,FALSE,FALSE,FALSE
"771","Polk","Overall Pool","White",19037,15723,82.59,73.1574501912853,9.43254980871467,0.731574501912853,13926.983792915,61.1421095601454,29.374456001036,FALSE,FALSE,TRUE,TRUE
"771","Polk","Overall Pool","American Indian/Alaskan Native",19037,55,0.29,0.310428777264371,-0.0204287772643712,0.00310428777264371,59.0963263278184,7.67547225417373,-0.533690461273034,FALSE,FALSE,FALSE,FALSE
"771","Polk","Overall Pool","Native Hawaiian/Pacific Islander",19037,25,0.13,0.0472996472400258,0.0827003527599742,0.000472996472400258,9.00443384508372,3.00002912979841,5.33180361351728,FALSE,FALSE,TRUE,TRUE
"771","Polk","Overall Pool","Hispanic/Latino/Spanish Origins",19037,49,0.26,10.3973766582203,-10.1373766582203,0.103973766582203,1979.3485944254,42.11351642506,-45.8367944139836,TRUE,TRUE,FALSE,FALSE
"781","Pottawattamie","Overall Pool","Native Hawaiian/Pacific Islander",11686,15,0.13,0.174473368727522,-0.0444733687275218,0.00174473368727522,20.3889578694982,4.51147254982837,-1.19450086639743,TRUE,FALSE,FALSE,FALSE
"781","Pottawattamie","Overall Pool","American Indian/Alaskan Native",11686,41,0.35,0.270808357595479,0.0791916424045213,0.00270808357595479,31.6466646686076,5.61791445785576,1.66491238012946,FALSE,FALSE,TRUE,FALSE
"781","Pottawattamie","Overall Pool","Black/African American",11686,176,1.51,1.93740366501113,-0.427403665011132,0.0193740366501113,226.404992293201,14.9002890466844,-3.38281976512508,TRUE,TRUE,FALSE,FALSE
"781","Pottawattamie","Overall Pool","Asian",11686,82,0.7,0.887352286350403,-0.187352286350403,0.00887352286350403,103.695988182908,10.1378419528474,-2.14009927199686,TRUE,TRUE,FALSE,FALSE
"781","Pottawattamie","Overall Pool","Hispanic/Latino/Spanish Origins",11686,59,0.5,9.13683849974311,-8.63683849974311,0.0913683849974311,1067.73094707998,31.1476178035095,-32.3854926384233,TRUE,TRUE,FALSE,FALSE
"781","Pottawattamie","Overall Pool","White",11686,10761,92.08,84.5478677855797,7.53213221442027,0.845478677855797,9880.26382942285,39.0731548515853,22.5406976713942,FALSE,FALSE,TRUE,TRUE
"791","Poweshiek","Overall Pool","Hispanic/Latino/Spanish Origins",1492,0,0,3.54273389053653,-3.54273389053653,0.0354273389053653,52.8575896468051,7.14037715423121,-7.40263273284983,TRUE,TRUE,FALSE,FALSE
"791","Poweshiek","Overall Pool","Asian",1492,17,1.14,2.0490698301429,-0.909069830142896,0.020490698301429,30.572121865732,5.47226440700253,-2.48016558709491,TRUE,TRUE,FALSE,FALSE
"791","Poweshiek","Overall Pool","White",1492,1414,94.77,89.7977891614991,4.97221083850094,0.897977891614991,1339.78301428957,11.6913424334524,6.34802941859587,FALSE,FALSE,TRUE,TRUE
"791","Poweshiek","Overall Pool","American Indian/Alaskan Native",1492,3,0.2,0.301968185494743,-0.101968185494743,0.00301968185494743,4.50536532758156,2.11937739858949,-0.710286581608082,FALSE,FALSE,FALSE,FALSE
"791","Poweshiek","Overall Pool","Native Hawaiian/Pacific Islander",1492,0,0,0,0,0,0,0,NA,NA,NA,NA,NA
"791","Poweshiek","Overall Pool","Black/African American",1492,10,0.67,1.04071178215152,-0.370711782151523,0.0104071178215152,15.5274197897007,3.91992654299608,-1.41008249238161,TRUE,FALSE,FALSE,FALSE
"801","Ringgold","Overall Pool","White",544,531,97.61,94.6609257265877,2.94907427341226,0.946609257265877,514.955435952637,5.24345813375918,3.05992031176188,FALSE,FALSE,TRUE,TRUE
"801","Ringgold","Overall Pool","Black/African American",544,0,0,0.38751345532831,-0.38751345532831,0.0038751345532831,2.10807319698601,1.44910459584514,-1.45474191651193,TRUE,FALSE,FALSE,FALSE
"801","Ringgold","Overall Pool","Hispanic/Latino/Spanish Origins",544,0,0,2.15285252960172,-2.15285252960172,0.0215285252960172,11.7115177610334,3.38517149560553,-3.45965271663096,TRUE,TRUE,FALSE,FALSE
"801","Ringgold","Overall Pool","Native Hawaiian/Pacific Islander",544,2,0.37,0,0.37,0,0,0,NA,NA,NA,NA,NA
"801","Ringgold","Overall Pool","American Indian/Alaskan Native",544,0,0,0.344456404736276,-0.344456404736276,0.00344456404736276,1.87384284176534,1.36652415642102,-1.37124750628119,TRUE,FALSE,FALSE,FALSE
"801","Ringgold","Overall Pool","Asian",544,2,0.37,0,0.37,0,0,0,NA,NA,NA,NA,NA
"811","Sac","Overall Pool","American Indian/Alaskan Native",745,0,0,0.0825678604603158,-0.0825678604603158,0.000825678604603158,0.615130560429353,0.783978737139324,-0.78462658652442,FALSE,FALSE,FALSE,FALSE
"811","Sac","Overall Pool","Hispanic/Latino/Spanish Origins",745,0,0,4.35545463928166,-4.35545463928166,0.0435545463928166,32.4481370626484,5.57089518583798,-5.82458222246511,TRUE,TRUE,FALSE,FALSE
"811","Sac","Overall Pool","White",745,718,96.38,91.8464237795438,4.53357622045618,0.918464237795438,684.255857157601,7.46935893208252,4.51767590086751,FALSE,FALSE,TRUE,TRUE
"811","Sac","Overall Pool","Asian",745,8,1.07,0.650221901124987,0.419778098875013,0.00650221901124987,4.84415316338115,2.19377651974599,1.43854527031963,FALSE,FALSE,TRUE,FALSE
"811","Sac","Overall Pool","Black/African American",745,2,0.27,0.505728145319434,-0.235728145319434,0.00505728145319434,3.76767468262979,1.93613545273456,-0.912991226999722,FALSE,FALSE,FALSE,FALSE
"811","Sac","Overall Pool","Native Hawaiian/Pacific Islander",745,1,0.13,0.175456703478171,-0.0454567034781711,0.00175456703478171,1.30715244091237,1.14230423019882,-0.268888473658996,FALSE,FALSE,FALSE,FALSE
"821","Scott","Overall Pool","White",21066,17481,82.98,77.0285439384221,5.95145606157794,0.770285439384221,16226.833066068,61.0535816144918,20.5420697814446,FALSE,FALSE,TRUE,TRUE
"821","Scott","Overall Pool","Asian",21066,633,3,2.85954824521213,0.140451754787868,0.0285954824521213,602.392433336388,24.1902197402096,1.26528683874399,FALSE,FALSE,TRUE,FALSE
"821","Scott","Overall Pool","Native Hawaiian/Pacific Islander",21066,23,0.11,0.0526894529460277,0.0573105470539723,0.000526894529460277,11.0995601576102,3.33072242315143,3.57293053292924,FALSE,FALSE,TRUE,TRUE
"821","Scott","Overall Pool","Black/African American",21066,1704,8.09,7.22590030239164,0.864099697608357,0.0722590030239164,1522.20815770182,37.5794480245708,4.83753359494037,FALSE,FALSE,TRUE,TRUE
"821","Scott","Overall Pool","American Indian/Alaskan Native",21066,97,0.46,0.190140199761752,0.269859800238248,0.00190140199761752,40.0549344818107,6.3228770310178,9.00619531881403,FALSE,FALSE,TRUE,TRUE
"821","Scott","Overall Pool","Hispanic/Latino/Spanish Origins",21066,86,0.41,7.38912306423532,-6.97912306423532,0.0738912306423532,1556.59266471181,37.9680670709926,-38.7323553227532,TRUE,TRUE,FALSE,FALSE
"831","Shelby","Overall Pool","Black/African American",1182,5,0.42,0.314145016131771,0.105854983868229,0.00314145016131771,3.71319409067753,1.92393588159855,0.668840329675277,FALSE,FALSE,FALSE,FALSE
"831","Shelby","Overall Pool","Native Hawaiian/Pacific Islander",1182,0,0,0,0,0,0,0,NA,NA,NA,NA,NA
"831","Shelby","Overall Pool","Asian",1182,1,0.08,0.475462727118356,-0.395462727118356,0.00475462727118356,5.61996943453897,2.36500498405443,-1.95347133121841,TRUE,FALSE,FALSE,FALSE
"831","Shelby","Overall Pool","White",1182,1145,96.87,91.280353200883,5.58964679911701,0.91280353200883,1078.93377483444,9.69944402334191,6.81134145488887,FALSE,FALSE,TRUE,TRUE
"831","Shelby","Overall Pool","American Indian/Alaskan Native",1182,1,0.08,0.857530989981321,-0.777530989981321,0.00857530989981321,10.1360163015792,3.17003104411355,-2.88199584623752,TRUE,TRUE,FALSE,FALSE
"831","Shelby","Overall Pool","Hispanic/Latino/Spanish Origins",1182,1,0.08,4.3980302258448,-4.3180302258448,0.043980302258448,51.9847172694855,7.04971018490502,-7.23217209391884,TRUE,TRUE,FALSE,FALSE
"841","Sioux","Overall Pool","Black/African American",2335,11,0.47,0.590964321219485,-0.120964321219485,0.00590964321219485,13.799016900475,3.70371025242447,-0.755733226875059,FALSE,FALSE,FALSE,FALSE
"841","Sioux","Overall Pool","Native Hawaiian/Pacific Islander",2335,1,0.04,0.0165690931183033,0.0234309068816967,0.000165690931183033,0.386888324312382,0.621951943823366,0.985786252099473,FALSE,FALSE,FALSE,FALSE
"841","Sioux","Overall Pool","American Indian/Alaskan Native",2335,4,0.17,0.358997017563239,-0.188997017563239,0.00358997017563239,8.38258036010162,2.89006697960688,-1.51642864716504,TRUE,FALSE,FALSE,FALSE
"841","Sioux","Overall Pool","Hispanic/Latino/Spanish Origins",2335,11,0.47,14.3405500938915,-13.8705500938915,0.143405500938915,334.851844692367,16.9361225835177,-19.1219591789883,TRUE,TRUE,FALSE,FALSE
"841","Sioux","Overall Pool","Asian",2335,20,0.86,0.544018557384293,0.315981442615707,0.00544018557384292,12.7028333149232,3.55439552447057,2.05299793870399,FALSE,FALSE,TRUE,TRUE
"841","Sioux","Overall Pool","White",2335,2197,94.09,82.7957583121617,11.2942416878383,0.827957583121617,1933.28095658898,18.2374978622759,14.4602645276534,FALSE,FALSE,TRUE,TRUE
"851","Story","Overall Pool","Native Hawaiian/Pacific Islander",8614,10,0.12,0.109489777636215,0.0105102223637848,0.00109489777636215,9.43144944558358,3.06938478730799,0.185232740048558,FALSE,FALSE,FALSE,FALSE
"851","Story","Overall Pool","Hispanic/Latino/Spanish Origins",8614,17,0.2,5.15995461151036,-4.95995461151036,0.0515995461151036,444.478490235503,20.5315270226407,-20.8205892218397,TRUE,TRUE,FALSE,FALSE
"851","Story","Overall Pool","American Indian/Alaskan Native",8614,17,0.2,0.462843150916728,-0.262843150916728,0.00462843150916728,39.8693090199669,6.29958543507826,-3.63028793809554,TRUE,TRUE,FALSE,FALSE
"851","Story","Overall Pool","Asian",8614,421,4.89,6.61019648438278,-1.72019648438278,0.0661019648438278,569.402325164732,23.0600024432934,-6.43548609891376,TRUE,TRUE,FALSE,FALSE
"851","Story","Overall Pool","White",8614,7670,89.04,80.9836163478192,8.05638365218084,0.809836163478192,6975.92871220114,36.4220999835925,19.056322620374,FALSE,FALSE,TRUE,TRUE
"851","Story","Overall Pool","Black/African American",8614,186,2.16,2.78303107518962,-0.623031075189616,0.0278303107518962,239.730296816834,15.2662545557113,-3.5195467637956,TRUE,TRUE,FALSE,FALSE
"861","Tama","Overall Pool","Native Hawaiian/Pacific Islander",1675,4,0.24,0.0355703106473797,0.20442968935262,0.000355703106473797,0.595802703343609,0.771745278230573,4.41103741439326,FALSE,FALSE,TRUE,TRUE
"861","Tama","Overall Pool","American Indian/Alaskan Native",1675,110,6.57,6.10030827602561,0.46969172397439,0.0610030827602561,102.180163623429,9.79524673734421,0.798329698705602,FALSE,FALSE,FALSE,FALSE
"861","Tama","Overall Pool","Asian",1675,6,0.36,0.687692672516007,-0.327692672516007,0.00687692672516007,11.5188522646431,3.38225338519473,-1.63170869716651,TRUE,FALSE,FALSE,FALSE
"861","Tama","Overall Pool","Hispanic/Latino/Spanish Origins",1675,20,1.19,11.6670618923405,-10.4770618923405,0.116670618923405,195.423286696704,13.1386122130822,-13.3517363821754,TRUE,TRUE,FALSE,FALSE
"861","Tama","Overall Pool","Black/African American",1675,11,0.66,1.2271757173346,-0.567175717334598,0.012271757173346,20.5551932653545,4.50587892923799,-2.1206058607905,TRUE,TRUE,FALSE,FALSE
"861","Tama","Overall Pool","White",1675,1473,87.94,78.3732511263932,9.56674887360683,0.783732511263932,1312.75195636709,16.8494975870757,9.51055322598055,FALSE,FALSE,TRUE,TRUE
"871","Taylor","Overall Pool","American Indian/Alaskan Native",634,1,0.16,0.306748466257669,-0.146748466257669,0.00306748466257669,1.94478527607362,1.39241505201117,-0.678522739831775,FALSE,FALSE,FALSE,FALSE
"871","Taylor","Overall Pool","Hispanic/Latino/Spanish Origins",634,8,1.26,8.11179277436946,-6.85179277436946,0.0811179277436946,51.4287661895024,6.87437060753892,-6.31748979926618,TRUE,TRUE,FALSE,FALSE
"871","Taylor","Overall Pool","Black/African American",634,4,0.63,0.170415814587594,0.459584185412406,0.00170415814587594,1.08043626448534,1.0385542981588,2.81118063898113,FALSE,FALSE,TRUE,TRUE
"871","Taylor","Overall Pool","Asian",634,3,0.47,0.153374233128834,0.316625766871166,0.00153374233128834,0.97239263803681,0.985343208372199,2.05776763338413,FALSE,FALSE,TRUE,TRUE
"871","Taylor","Overall Pool","Native Hawaiian/Pacific Islander",634,1,0.16,0,0.16,0,0,0,NA,NA,NA,NA,NA
"871","Taylor","Overall Pool","White",634,599,94.48,88.8718473074301,5.60815269256987,0.888718473074301,563.447511929107,7.91841521202045,4.48984893049344,FALSE,FALSE,TRUE,TRUE
"881","Union","Overall Pool","White",755,725,96.03,91.870257650296,4.15974234970399,0.91870257650296,693.620445259735,7.50929790889176,4.17876013456713,FALSE,FALSE,TRUE,TRUE
"881","Union","Overall Pool","Black/African American",755,4,0.53,1.63428666722255,-1.10428666722255,0.0163428666722255,12.3388643375302,3.48385015791083,-2.39357720899536,TRUE,TRUE,FALSE,FALSE
"881","Union","Overall Pool","Hispanic/Latino/Spanish Origins",755,0,0,3.83557074960394,-3.83557074960394,0.0383557074960394,28.9585591595097,5.27710461663219,-5.48758481464232,TRUE,TRUE,FALSE,FALSE
"881","Union","Overall Pool","Native Hawaiian/Pacific Islander",755,0,0,0,0,0,0,0,NA,NA,NA,NA,NA
"881","Union","Overall Pool","Asian",755,7,0.93,0.883848911865255,0.0461510881347453,0.00883848911865255,6.67305928458267,2.57178527927737,0.127125976671424,FALSE,FALSE,FALSE,FALSE
"881","Union","Overall Pool","American Indian/Alaskan Native",755,3,0.4,0.133411156507963,0.266588843492037,0.00133411156507963,1.00725423163512,1.0029508672491,1.9868827411562,FALSE,FALSE,TRUE,FALSE
"891","Van Buren","Overall Pool","Asian",622,6,0.96,0.0414307416102748,0.918569258389725,0.000414307416102748,0.257699212815909,0.507535659950033,11.3140834040103,FALSE,FALSE,TRUE,TRUE
"891","Van Buren","Overall Pool","American Indian/Alaskan Native",622,2,0.32,0.0552409888136998,0.2647590111863,0.000552409888136998,0.343598950421212,0.586011214025334,2.82656886068938,FALSE,FALSE,TRUE,TRUE
"891","Van Buren","Overall Pool","Hispanic/Latino/Spanish Origins",622,0,0,1.76771164203839,-1.76771164203839,0.0176771164203839,10.9951664134788,3.28645760306234,-3.3455981307148,TRUE,TRUE,FALSE,FALSE
"891","Van Buren","Overall Pool","Native Hawaiian/Pacific Islander",622,0,0,0,0,0,0,0,NA,NA,NA,NA,NA
"891","Van Buren","Overall Pool","Black/African American",622,1,0.16,0.428117663306173,-0.268117663306173,0.00428117663306173,2.6628918657644,1.62834012274227,-1.02121899628926,TRUE,FALSE,FALSE,FALSE
"891","Van Buren","Overall Pool","White",622,599,96.3,94.3654191410026,1.93458085899736,0.943654191410026,586.952907057036,5.75085525399173,2.09483501338371,FALSE,FALSE,TRUE,TRUE
"901","Wapello","Overall Pool","White",3175,2783,87.65,75.6461738589446,12.0038261410554,0.756461738589446,2401.76602002149,24.1851591028668,15.7631371518792,FALSE,FALSE,TRUE,TRUE
"901","Wapello","Overall Pool","Native Hawaiian/Pacific Islander",3175,30,0.94,2.4235054578361,-1.4835054578361,0.024235054578361,76.946298286296,8.66495819653648,-5.41794861803963,TRUE,TRUE,FALSE,FALSE
"901","Wapello","Overall Pool","Hispanic/Latino/Spanish Origins",3175,21,0.66,13.4268423731689,-12.7668423731689,0.134268423731689,426.302245348114,19.2110206608588,-21.0973822007225,TRUE,TRUE,FALSE,FALSE
"901","Wapello","Overall Pool","Black/African American",3175,82,2.58,3.02019116565805,-0.440191165658051,0.0302019116565805,95.8910695096431,9.64339027000659,-1.4404757166002,TRUE,FALSE,FALSE,FALSE
"901","Wapello","Overall Pool","American Indian/Alaskan Native",3175,18,0.57,0.438323624229399,0.131676375770601,0.00438323624229399,13.9167750692834,3.72233455729383,1.09695269671975,FALSE,FALSE,TRUE,FALSE
"901","Wapello","Overall Pool","Asian",3175,42,1.32,1.79288501781573,-0.472885017815734,0.0179288501781573,56.9240993156496,7.47686536373986,-1.9960369205023,TRUE,FALSE,FALSE,FALSE
"911","Warren","Overall Pool","American Indian/Alaskan Native",1994,5,0.25,0.283041408590491,-0.0330414085904905,0.00283041408590491,5.64384568729438,2.37231348412523,-0.271399918941064,FALSE,FALSE,FALSE,FALSE
"911","Warren","Overall Pool","Asian",1994,23,1.15,0.748038008417725,0.401961991582275,0.00748038008417725,14.9158778878494,3.84763582631714,2.10106217871677,FALSE,FALSE,TRUE,TRUE
"911","Warren","Overall Pool","Black/African American",1994,13,0.65,0.744362145968498,-0.0943621459684978,0.00744362145968498,14.8425811906118,3.83824160713526,-0.480058677699315,FALSE,FALSE,FALSE,FALSE
"911","Warren","Overall Pool","White",1994,1905,95.54,91.9278060614972,3.61219393850283,0.919278060614972,1833.04045286625,12.1641514429316,5.91570628426869,FALSE,FALSE,TRUE,TRUE
"911","Warren","Overall Pool","Native Hawaiian/Pacific Islander",1994,5,0.25,0.0147034497969086,0.235296550203091,0.000147034497969086,0.293186788950357,0.541427447012093,8.6933406073603,FALSE,FALSE,TRUE,TRUE
"911","Warren","Overall Pool","Hispanic/Latino/Spanish Origins",1994,2,0.1,3.71262107371942,-3.61262107371942,0.0371262107371942,74.0296642099653,8.4428208139047,-8.53146901937535,TRUE,TRUE,FALSE,FALSE
"921","Washington","Overall Pool","White",1575,1484,94.22,88.6840122335003,5.53598776649972,0.886840122335003,1396.77319267763,12.5721391819033,6.9381038549054,FALSE,FALSE,TRUE,TRUE
"921","Washington","Overall Pool","Black/African American",1575,18,1.14,1.04605292318603,0.093947076813971,0.0104605292318603,16.47533354018,4.03769647597219,0.377607992302823,FALSE,FALSE,FALSE,FALSE
"921","Washington","Overall Pool","Hispanic/Latino/Spanish Origins",1575,1,0.06,7.75231594344222,-7.69231594344222,0.0775231594344222,122.098976109215,10.6128920524766,-11.4105538349423,TRUE,TRUE,FALSE,FALSE
"921","Washington","Overall Pool","Asian",1575,7,0.44,0.385621204733833,0.0543787952661673,0.00385621204733833,6.07353397455786,2.45969777405177,0.376658480247352,FALSE,FALSE,FALSE,FALSE
"921","Washington","Overall Pool","American Indian/Alaskan Native",1575,5,0.32,0.00886485528123753,0.311135144718762,8.86485528123753e-05,0.139621470679491,0.373643002661864,13.0080812291272,FALSE,FALSE,TRUE,TRUE
"921","Washington","Overall Pool","Native Hawaiian/Pacific Islander",1575,0,0,0.0177297105624751,-0.0177297105624751,0.000177297105624751,0.279242941358982,0.528387577819268,-0.528481276019883,FALSE,FALSE,FALSE,FALSE
"931","Wayne","Overall Pool","Asian",530,0,0,0.091855480710349,-0.091855480710349,0.000918554807103491,0.48683404776485,0.697414413394227,-0.698055615735687,FALSE,FALSE,FALSE,FALSE
"931","Wayne","Overall Pool","Hispanic/Latino/Spanish Origins",530,0,0,1.17881200244948,-1.17881200244948,0.0117881200244948,6.24770361298224,2.4847645628741,-2.5144046668774,TRUE,TRUE,FALSE,FALSE
"931","Wayne","Overall Pool","Black/African American",530,2,0.38,0.183710961420698,0.196289038579302,0.00183710961420698,0.9736680955297,0.985839419231325,1.0410741186131,FALSE,FALSE,TRUE,FALSE
"931","Wayne","Overall Pool","White",530,521,98.3,93.7232088181262,4.57679118187384,0.937232088181262,496.733006736069,5.58380636880134,4.34595895006665,FALSE,FALSE,TRUE,TRUE
"931","Wayne","Overall Pool","American Indian/Alaskan Native",530,4,0.75,0.122473974280465,0.627526025719535,0.00122473974280465,0.649112063686467,0.805181389715719,4.16165596859686,FALSE,FALSE,TRUE,TRUE
"931","Wayne","Overall Pool","Native Hawaiian/Pacific Islander",530,0,0,0,0,0,0,0,NA,NA,NA,NA,NA
"941","Webster","Overall Pool","American Indian/Alaskan Native",4115,17,0.41,0.260261345768042,0.149738654231958,0.00260261345768042,10.7097543783549,3.26831470753374,1.92461442196662,FALSE,FALSE,TRUE,FALSE
"941","Webster","Overall Pool","White",4115,3770,91.62,83.8800628964919,7.73993710350811,0.838800628964919,3451.66458819064,23.5882631967763,13.4955002474647,FALSE,FALSE,TRUE,TRUE
"941","Webster","Overall Pool","Asian",4115,36,0.87,1.23353033671312,-0.363530336713116,0.0123353033671312,50.7597733557447,7.08051100928138,-2.08456329442848,TRUE,TRUE,FALSE,FALSE
"941","Webster","Overall Pool","Hispanic/Latino/Spanish Origins",4115,15,0.36,6.61226481591932,-6.25226481591932,0.0661226481591932,272.09469717508,15.9406108806341,-16.1282838593983,TRUE,TRUE,FALSE,FALSE
"941","Webster","Overall Pool","Black/African American",4115,128,3.11,3.25597787778561,-0.14597787778561,0.0325597787778561,133.983489670878,11.3851226118698,-0.525553380043499,FALSE,FALSE,FALSE,FALSE
"941","Webster","Overall Pool","Native Hawaiian/Pacific Islander",4115,3,0.07,0,0.07,0,0,0,NA,NA,NA,NA,NA
"951","Winnebago","Overall Pool","Native Hawaiian/Pacific Islander",1032,0,0,0,0,0,0,0,NA,NA,NA,NA,NA
"951","Winnebago","Overall Pool","American Indian/Alaskan Native",1032,1,0.1,0.207880563167344,-0.107880563167344,0.00207880563167344,2.14532741188699,1.46317042520049,-0.782771023908615,FALSE,FALSE,FALSE,FALSE
"951","Winnebago","Overall Pool","Asian",1032,8,0.78,1.32287631106492,-0.542876311064915,0.0132287631106492,13.6520835301899,3.67035193832993,-1.53992958309108,TRUE,FALSE,FALSE,FALSE
"951","Winnebago","Overall Pool","White",1032,974,94.38,88.9634319191156,5.41656808088443,0.889634319191156,918.102617405273,10.0661323467514,5.55301486898956,FALSE,FALSE,TRUE,TRUE
"951","Winnebago","Overall Pool","Hispanic/Latino/Spanish Origins",1032,3,0.29,5.84900311820845,-5.55900311820845,0.0584900311820845,60.3617121799112,7.53864402610338,-7.60902252199334,TRUE,TRUE,FALSE,FALSE
"951","Winnebago","Overall Pool","Black/African American",1032,14,1.36,2.23944061230275,-0.879440612302749,0.0223944061230275,23.1110271189644,4.75325881808912,-1.91679592205062,TRUE,FALSE,FALSE,FALSE
"961","Winneshiek","Overall Pool","Black/African American",1316,4,0.3,0.407588184974589,-0.107588184974589,0.00407588184974589,5.36386051426559,2.31127628217635,-0.590089780604396,FALSE,FALSE,FALSE,FALSE
"961","Winneshiek","Overall Pool","White",1316,1286,97.72,93.2571831127661,4.46281688723394,0.932571831127661,1227.264529764,9.09682361948165,6.45670100827409,FALSE,FALSE,TRUE,TRUE
"961","Winneshiek","Overall Pool","Hispanic/Latino/Spanish Origins",1316,0,0,3.07955517536356,-3.07955517536356,0.0307955517536356,40.5269461077844,6.26728780586191,-6.4664249294374,TRUE,TRUE,FALSE,FALSE
"961","Winneshiek","Overall Pool","Asian",1316,10,0.76,0.538418960398531,0.221581039601469,0.00538418960398531,7.08559351884466,2.6547021188605,1.09782806155529,FALSE,FALSE,TRUE,FALSE
"961","Winneshiek","Overall Pool","American Indian/Alaskan Native",1316,0,0,0.367332561767222,-0.367332561767222,0.00367332561767222,4.83409651285664,2.19461598059835,-2.20270724153692,TRUE,TRUE,FALSE,FALSE
"961","Winneshiek","Overall Pool","Native Hawaiian/Pacific Islander",1316,2,0.15,0.00503195290092084,0.144968047099079,5.03195290092084e-05,0.0662205001761182,0.257326967090001,7.5148730880877,FALSE,FALSE,TRUE,TRUE
"971","Woodbury","Overall Pool","Native Hawaiian/Pacific Islander",10699,32,0.3,0.729432360443118,-0.429432360443118,0.00729432360443118,78.0419682438092,8.80185803525097,-5.23093738383573,TRUE,TRUE,FALSE,FALSE
"971","Woodbury","Overall Pool","White",10699,8864,82.85,67.0880118968065,15.7619881031935,0.670880118968065,7177.74639283933,48.603899420609,34.6937926228542,FALSE,FALSE,TRUE,TRUE
"971","Woodbury","Overall Pool","Black/African American",10699,362,3.38,4.94602200532721,-1.56602200532721,0.0494602200532721,529.174894349958,22.4277013451834,-7.453946874759,TRUE,TRUE,FALSE,FALSE
"971","Woodbury","Overall Pool","Hispanic/Latino/Spanish Origins",10699,174,1.63,19.1214810771128,-17.4914810771128,0.191214810771128,2045.80726044029,40.6770034818324,-46.0163507687163,TRUE,TRUE,FALSE,FALSE
"971","Woodbury","Overall Pool","Asian",10699,281,2.63,2.36524325392717,0.26475674607283,0.0236524325392717,253.057375737668,15.7185226159925,1.77768769654614,FALSE,FALSE,TRUE,FALSE
"971","Woodbury","Overall Pool","American Indian/Alaskan Native",10699,152,1.42,1.78734458384707,-0.367344583847073,0.0178734458384707,191.227997025798,13.7043822837134,-2.86244182435116,TRUE,TRUE,FALSE,FALSE
"981","Worth","Overall Pool","Native Hawaiian/Pacific Islander",931,0,0,0,0,0,0,0,NA,NA,NA,NA,NA
"981","Worth","Overall Pool","American Indian/Alaskan Native",931,1,0.11,0.163265306122449,-0.053265306122449,0.00163265306122449,1.52,1.23187595452908,-0.422120423804184,FALSE,FALSE,FALSE,FALSE
"981","Worth","Overall Pool","Asian",931,0,0,0.557823129251701,-0.557823129251701,0.00557823129251701,5.19333333333333,2.27252364538212,-2.28527141791745,TRUE,TRUE,FALSE,FALSE
"981","Worth","Overall Pool","Hispanic/Latino/Spanish Origins",931,0,0,3.51020408163265,-3.51020408163265,0.0351020408163265,32.68,5.61541319104146,-5.81969641203536,TRUE,TRUE,FALSE,FALSE
"981","Worth","Overall Pool","Black/African American",931,2,0.21,0.802721088435374,-0.592721088435374,0.00802721088435374,7.47333333333333,2.72274554643977,-2.01022579597649,TRUE,TRUE,FALSE,FALSE
"981","Worth","Overall Pool","White",931,912,97.96,93.2925170068027,4.66748299319727,0.932925170068027,868.553333333333,7.63269723755511,5.69217739345094,FALSE,FALSE,TRUE,TRUE
"991","Wright","Overall Pool","Native Hawaiian/Pacific Islander",797,0,0,0,0,0,0,0,NA,NA,NA,NA,NA
"991","Wright","Overall Pool","White",797,732,91.84,75.5374872957548,16.3025127042452,0.755374872957548,602.033773747166,12.1355918020815,10.7095087221492,FALSE,FALSE,TRUE,TRUE
"991","Wright","Overall Pool","Black/African American",797,5,0.63,0.437807833633023,0.192192166366977,0.00437807833633023,3.4893284340552,1.86388086551413,0.810497920707019,FALSE,FALSE,FALSE,FALSE
"991","Wright","Overall Pool","Hispanic/Latino/Spanish Origins",797,7,0.88,19.9124384332734,-19.0324384332734,0.199124384332734,158.702134313189,11.2738932727689,-13.4560555650825,TRUE,TRUE,FALSE,FALSE
"991","Wright","Overall Pool","Asian",797,6,0.75,0.469079821749668,0.280920178250332,0.00469079821749668,3.73856617934485,1.92899697246387,1.17233663553482,FALSE,FALSE,TRUE,FALSE
"991","Wright","Overall Pool","American Indian/Alaskan Native",797,3,0.38,0.547259792041279,-0.167259792041279,0.00547259792041279,4.36166054256899,2.08273640390573,-0.653784386740197,FALSE,FALSE,FALSE,FALSE
