CD_COUNTY,RESULT_STATUS,RACE,TOTAL,ETHNICITY
021 Adams,No Result,Unknown ,1,
021 Adams,No Result,White ,106,
031 Allamakee,Court,White ,1,Hispanic/Latinx/Spanish Origins
031 Allamakee,Court,White ,15,
031 Allamakee,Juror,White ,27,
031 Allamakee,Not Used,White ,26,
031 Allamakee,Peremptory Strike (Defendant/Respondent),Unknown ,1,
031 Allamakee,Peremptory Strike (Defendant/Respondent),White ,40,
031 Allamakee,Peremptory Strike (Plaintiff/Petitioner),Other ,1,Hispanic/Latinx/Spanish Origins
031 Allamakee,Peremptory Strike (Plaintiff/Petitioner),White ,33,
041 Appanoose,Alternate,White ,1,
041 Appanoose,Challenged For Cause (Plaintiff/Petitioner),American Indian/Alaskan Native ,1,
041 Appanoose,Challenged For Cause (Plaintiff/Petitioner),White ,8,
041 Appanoose,Court,White ,8,
041 Appanoose,Juror,White ,13,
041 Appanoose,Not Used,White ,17,
041 Appanoose,Peremptory Strike (Defendant/Respondent),Asian ,1,
041 Appanoose,Peremptory Strike (Defendant/Respondent),Black/African American ,1,
041 Appanoose,Peremptory Strike (Defendant/Respondent),White ,9,
041 Appanoose,Peremptory Strike (Plaintiff/Petitioner),Unknown ,1,
041 Appanoose,Peremptory Strike (Plaintiff/Petitioner),White ,10,
061 Benton,Challenged For Cause (Plaintiff/Petitioner),White ,1,
061 Benton,Court,White ,8,
061 Benton,Juror,White ,1,Hispanic/Latinx/Spanish Origins
061 Benton,Juror,White ,51,
061 Benton,No Result,White ,40,
061 Benton,Not Used,American Indian/Alaskan Native ,1,Hispanic/Latinx/Spanish Origins
061 Benton,Not Used,White ,40,
061 Benton,Not Used,White ,1,Hispanic/Latinx/Spanish Origins
061 Benton,Peremptory Strike (Defendant/Respondent),"Multi Race Black/African American, White",1,
061 Benton,Peremptory Strike (Defendant/Respondent),White ,23,
061 Benton,Peremptory Strike (Plaintiff/Petitioner),Multi Race Other,1,Hispanic/Latinx/Spanish Origins
061 Benton,Peremptory Strike (Plaintiff/Petitioner),White ,23,
071 Black Hawk,Alternate,Asian ,1,
071 Black Hawk,Alternate,Black/African American ,6,
071 Black Hawk,Alternate,"Multi Race Other, White",1,Hispanic/Latinx/Spanish Origins
071 Black Hawk,Alternate,Other ,1,Hispanic/Latinx/Spanish Origins
071 Black Hawk,Alternate,White ,31,
071 Black Hawk,Court,American Indian/Alaskan Native ,1,Hispanic/Latinx/Spanish Origins
071 Black Hawk,Court,American Indian/Alaskan Native ,1,
071 Black Hawk,Court,Asian ,1,
071 Black Hawk,Court,Black/African American ,26,
071 Black Hawk,Court,"Multi Race Black/African American, White",2,
071 Black Hawk,Court,"Multi Race Black/African American, White",1,Hispanic/Latinx/Spanish Origins
071 Black Hawk,Court,Multi Race Unknown,1,
071 Black Hawk,Court,Other ,2,Hispanic/Latinx/Spanish Origins
071 Black Hawk,Court,Unknown ,3,
071 Black Hawk,Court,Unknown ,1,Hispanic/Latinx/Spanish Origins
071 Black Hawk,Court,White ,3,Hispanic/Latinx/Spanish Origins
071 Black Hawk,Court,White ,155,
071 Black Hawk,Juror,Asian ,5,
071 Black Hawk,Juror,Black/African American ,40,
071 Black Hawk,Juror,"Multi Race American Indian/Alaskan Native, Black/African American, Other, Unknown, White",1,
071 Black Hawk,Juror,"Multi Race American Indian/Alaskan Native, Native Hawaiian/Other Pacific Islander",1,Hispanic/Latinx/Spanish Origins
071 Black Hawk,Juror,"Multi Race Black/African American, White",3,
071 Black Hawk,Juror,"Multi Race Other, White",2,Hispanic/Latinx/Spanish Origins
071 Black Hawk,Juror,Native Hawaiian/Other Pacific Islander ,1,
071 Black Hawk,Juror,Other ,7,Hispanic/Latinx/Spanish Origins
071 Black Hawk,Juror,Other ,5,
071 Black Hawk,Juror,Unknown ,1,
071 Black Hawk,Juror,White ,457,
071 Black Hawk,Juror,White ,6,Hispanic/Latinx/Spanish Origins
071 Black Hawk,No Result,Asian ,8,
071 Black Hawk,No Result,Black/African American ,39,
071 Black Hawk,No Result,"Multi Race American Indian/Alaskan Native, Asian, White",1,
071 Black Hawk,No Result,"Multi Race Asian, Black/African American",1,
071 Black Hawk,No Result,"Multi Race Asian, White",1,
071 Black Hawk,No Result,"Multi Race Black/African American, White",7,
071 Black Hawk,No Result,"Multi Race Other, White",1,Hispanic/Latinx/Spanish Origins
071 Black Hawk,No Result,NOT PROVIDED ,1,Hispanic/Latinx/Spanish Origins
071 Black Hawk,No Result,Other ,3,
071 Black Hawk,No Result,Other ,7,Hispanic/Latinx/Spanish Origins
071 Black Hawk,No Result,Unknown ,1,
071 Black Hawk,No Result,White ,5,Hispanic/Latinx/Spanish Origins
071 Black Hawk,No Result,White ,435,
071 Black Hawk,Not Used,American Indian/Alaskan Native ,1,
071 Black Hawk,Not Used,American Indian/Alaskan Native ,1,Hispanic/Latinx/Spanish Origins
071 Black Hawk,Not Used,Asian ,15,
071 Black Hawk,Not Used,Black/African American ,60,
071 Black Hawk,Not Used,Multi Race Asian,1,
071 Black Hawk,Not Used,"Multi Race Asian, White",2,
071 Black Hawk,Not Used,Multi Race Black/African American,1,
071 Black Hawk,Not Used,"Multi Race Black/African American, White",10,
071 Black Hawk,Not Used,Multi Race Other,1,
071 Black Hawk,Not Used,Multi Race Other,2,Hispanic/Latinx/Spanish Origins
071 Black Hawk,Not Used,"Multi Race Other, White",4,Hispanic/Latinx/Spanish Origins
071 Black Hawk,Not Used,Multi Race White,1,Hispanic/Latinx/Spanish Origins
071 Black Hawk,Not Used,Native Hawaiian/Other Pacific Islander ,2,
071 Black Hawk,Not Used,Other ,10,Hispanic/Latinx/Spanish Origins
071 Black Hawk,Not Used,Other ,6,
071 Black Hawk,Not Used,Unknown ,3,
071 Black Hawk,Not Used,White ,13,Hispanic/Latinx/Spanish Origins
071 Black Hawk,Not Used,White ,791,
071 Black Hawk,Peremptory Strike (Defendant/Respondent),American Indian/Alaskan Native ,1,
071 Black Hawk,Peremptory Strike (Defendant/Respondent),Asian ,3,
071 Black Hawk,Peremptory Strike (Defendant/Respondent),Black/African American ,8,
071 Black Hawk,Peremptory Strike (Defendant/Respondent),"Multi Race American Indian/Alaskan Native, White",1,
071 Black Hawk,Peremptory Strike (Defendant/Respondent),"Multi Race Asian, White",1,
071 Black Hawk,Peremptory Strike (Defendant/Respondent),"Multi Race Other, White",1,Hispanic/Latinx/Spanish Origins
071 Black Hawk,Peremptory Strike (Defendant/Respondent),Multi Race White,1,Hispanic/Latinx/Spanish Origins
071 Black Hawk,Peremptory Strike (Defendant/Respondent),Unknown ,1,
071 Black Hawk,Peremptory Strike (Defendant/Respondent),White ,1,Hispanic/Latinx/Spanish Origins
071 Black Hawk,Peremptory Strike (Defendant/Respondent),White ,273,
071 Black Hawk,Peremptory Strike (Plaintiff/Petitioner),American Indian/Alaskan Native ,1,
071 Black Hawk,Peremptory Strike (Plaintiff/Petitioner),Asian ,4,
071 Black Hawk,Peremptory Strike (Plaintiff/Petitioner),Black/African American ,21,
071 Black Hawk,Peremptory Strike (Plaintiff/Petitioner),"Multi Race Asian, White",1,
071 Black Hawk,Peremptory Strike (Plaintiff/Petitioner),"Multi Race Black/African American, White",2,
071 Black Hawk,Peremptory Strike (Plaintiff/Petitioner),"Multi Race Other, White",1,Hispanic/Latinx/Spanish Origins
071 Black Hawk,Peremptory Strike (Plaintiff/Petitioner),Multi Race White,2,Hispanic/Latinx/Spanish Origins
071 Black Hawk,Peremptory Strike (Plaintiff/Petitioner),Other ,3,Hispanic/Latinx/Spanish Origins
071 Black Hawk,Peremptory Strike (Plaintiff/Petitioner),Unknown ,1,
071 Black Hawk,Peremptory Strike (Plaintiff/Petitioner),White ,252,
071 Black Hawk,Peremptory Strike (Plaintiff/Petitioner),White ,2,Hispanic/Latinx/Spanish Origins
081 Boone,Alternate,White ,8,
081 Boone,Juror,Black/African American ,1,
081 Boone,Juror,"Multi Race American Indian/Alaskan Native, Asian, Black/African American, White",1,
081 Boone,Juror,"Multi Race Asian, Native Hawaiian/Other Pacific Islander, Other",1,
081 Boone,Juror,Multi Race White,1,Hispanic/Latinx/Spanish Origins
081 Boone,Juror,Other ,1,Hispanic/Latinx/Spanish Origins
081 Boone,Juror,White ,139,
081 Boone,No Result,White ,32,
081 Boone,Not Used,American Indian/Alaskan Native ,2,
081 Boone,Not Used,Asian ,1,
081 Boone,Not Used,Black/African American ,1,
081 Boone,Not Used,"Multi Race Asian, White",2,
081 Boone,Not Used,Other ,2,Hispanic/Latinx/Spanish Origins
081 Boone,Not Used,Other ,1,
081 Boone,Not Used,White ,3,Hispanic/Latinx/Spanish Origins
081 Boone,Not Used,White ,229,
081 Boone,Peremptory Strike (Defendant/Respondent),White ,61,
081 Boone,Peremptory Strike (Plaintiff/Petitioner),Asian ,1,
081 Boone,Peremptory Strike (Plaintiff/Petitioner),White ,59,
091 Bremer,Alternate,White ,3,
091 Bremer,Challenged For Cause (Defendant/Respondent),White ,1,
091 Bremer,Challenged For Cause (Plaintiff/Petitioner),White ,1,
091 Bremer,Court,White ,4,
091 Bremer,Juror,"Multi Race Black/African American, White",1,
091 Bremer,Juror,Other ,1,
091 Bremer,Juror,White ,35,
091 Bremer,Not Used,Asian ,1,
091 Bremer,Not Used,Black/African American ,1,
091 Bremer,Not Used,"Multi Race Black/African American, White",1,
091 Bremer,Not Used,"Multi Race Other, White",1,Hispanic/Latinx/Spanish Origins
091 Bremer,Not Used,Other ,1,Hispanic/Latinx/Spanish Origins
091 Bremer,Not Used,White ,225,
091 Bremer,Not Used,White ,2,Hispanic/Latinx/Spanish Origins
091 Bremer,Peremptory Strike (Defendant/Respondent),Black/African American ,1,
091 Bremer,Peremptory Strike (Defendant/Respondent),White ,15,
091 Bremer,Peremptory Strike (Plaintiff/Petitioner),White ,14,
101 Buchanan,Alternate,White ,1,
101 Buchanan,Court,White ,24,
101 Buchanan,Court,White ,1,Hispanic/Latinx/Spanish Origins
101 Buchanan,Juror,"Multi Race Asian, White",1,
101 Buchanan,Juror,White ,70,
101 Buchanan,No Result,NOT PROVIDED ,1,
101 Buchanan,No Result,White ,87,
101 Buchanan,Not Used,American Indian/Alaskan Native ,1,
101 Buchanan,Not Used,Asian ,1,
101 Buchanan,Not Used,"Multi Race Black/African American, White",1,
101 Buchanan,Not Used,White ,111,
101 Buchanan,Peremptory Strike (Defendant/Respondent),White ,40,
101 Buchanan,Peremptory Strike (Defendant/Respondent),White ,1,Hispanic/Latinx/Spanish Origins
101 Buchanan,Peremptory Strike (Plaintiff/Petitioner),Asian ,1,
101 Buchanan,Peremptory Strike (Plaintiff/Petitioner),NOT PROVIDED ,1,
101 Buchanan,Peremptory Strike (Plaintiff/Petitioner),White ,39,
101 Buchanan,Peremptory Strike (Plaintiff/Petitioner),White ,1,Hispanic/Latinx/Spanish Origins
111 Buena Vista,Juror,Other ,1,Hispanic/Latinx/Spanish Origins
111 Buena Vista,Juror,White ,13,
111 Buena Vista,Not Used,Asian ,3,
111 Buena Vista,Not Used,Hispanic/Latino/Spanish Origins ,1,Hispanic/Latinx/Spanish Origins
111 Buena Vista,Not Used,Other ,6,Hispanic/Latinx/Spanish Origins
111 Buena Vista,Not Used,Unknown ,1,Hispanic/Latinx/Spanish Origins
111 Buena Vista,Not Used,White ,32,
111 Buena Vista,Not Used,White ,3,Hispanic/Latinx/Spanish Origins
121 Butler,No Result,White ,39,
121 Butler,Not Used,White ,41,
141 Carroll,Alternate,White ,2,
141 Carroll,Juror,Black/African American ,1,
141 Carroll,Juror,"Multi Race American Indian/Alaskan Native, White",1,Hispanic/Latinx/Spanish Origins
141 Carroll,Juror,Multi Race White,1,Hispanic/Latinx/Spanish Origins
141 Carroll,Juror,White ,15,
141 Carroll,Not Used,"Multi Race American Indian/Alaskan Native, White",1,
141 Carroll,Not Used,White ,24,
141 Carroll,Peremptory Strike (Defendant/Respondent),White ,9,
141 Carroll,Peremptory Strike (Plaintiff/Petitioner),White ,9,
161 Cedar,No Result,Asian ,1,
161 Cedar,No Result,White ,1,Hispanic/Latinx/Spanish Origins
161 Cedar,No Result,White ,45,
171 Cerro Gordo,Alternate,White ,8,
171 Cerro Gordo,Challenged For Cause (Defendant/Respondent),White ,1,
171 Cerro Gordo,Challenged For Cause (Plaintiff/Petitioner),Other ,1,Hispanic/Latinx/Spanish Origins
171 Cerro Gordo,Challenged For Cause (Plaintiff/Petitioner),White ,13,
171 Cerro Gordo,Court,"Multi Race Black/African American, White",1,
171 Cerro Gordo,Court,"Multi Race Other, White",1,
171 Cerro Gordo,Court,NOT PROVIDED ,1,
171 Cerro Gordo,Court,Other ,1,
171 Cerro Gordo,Court,White ,20,
171 Cerro Gordo,Juror,Multi Race Other,1,Hispanic/Latinx/Spanish Origins
171 Cerro Gordo,Juror,White ,68,
171 Cerro Gordo,Juror,White ,3,Hispanic/Latinx/Spanish Origins
171 Cerro Gordo,No Result,"Multi Race Other, White",1,Hispanic/Latinx/Spanish Origins
171 Cerro Gordo,No Result,Other ,2,Hispanic/Latinx/Spanish Origins
171 Cerro Gordo,No Result,White ,41,
171 Cerro Gordo,Not Used,American Indian/Alaskan Native ,1,
171 Cerro Gordo,Not Used,Asian ,3,
171 Cerro Gordo,Not Used,Black/African American ,3,
171 Cerro Gordo,Not Used,"Multi Race Black/African American, White",1,
171 Cerro Gordo,Not Used,Multi Race White,1,Hispanic/Latinx/Spanish Origins
171 Cerro Gordo,Not Used,Other ,1,Hispanic/Latinx/Spanish Origins
171 Cerro Gordo,Not Used,White ,137,
171 Cerro Gordo,Not Used,White ,3,Hispanic/Latinx/Spanish Origins
171 Cerro Gordo,Peremptory Strike (Defendant/Respondent),NOT PROVIDED ,1,
171 Cerro Gordo,Peremptory Strike (Defendant/Respondent),White ,1,Hispanic/Latinx/Spanish Origins
171 Cerro Gordo,Peremptory Strike (Defendant/Respondent),White ,32,
171 Cerro Gordo,Peremptory Strike (Plaintiff/Petitioner),Black/African American ,1,
171 Cerro Gordo,Peremptory Strike (Plaintiff/Petitioner),Other ,1,Hispanic/Latinx/Spanish Origins
171 Cerro Gordo,Peremptory Strike (Plaintiff/Petitioner),White ,1,Hispanic/Latinx/Spanish Origins
171 Cerro Gordo,Peremptory Strike (Plaintiff/Petitioner),White ,31,
191 Chickasaw,Challenged For Cause (Defendant/Respondent),White ,2,
191 Chickasaw,Court,White ,1,
191 Chickasaw,Juror,White ,12,
191 Chickasaw,Not Used,White ,17,
191 Chickasaw,Peremptory Strike (Defendant/Respondent),White ,4,
191 Chickasaw,Peremptory Strike (Plaintiff/Petitioner),White ,4,
201 Clarke,Alternate,American Indian/Alaskan Native ,1,
201 Clarke,Alternate,White ,2,
201 Clarke,Court,White ,13,
201 Clarke,Juror,White ,1,Hispanic/Latinx/Spanish Origins
201 Clarke,Juror,White ,34,
201 Clarke,Not Used,"Multi Race American Indian/Alaskan Native, White",1,
201 Clarke,Not Used,"Multi Race Other, White",1,Hispanic/Latinx/Spanish Origins
201 Clarke,Not Used,Other ,1,Hispanic/Latinx/Spanish Origins
201 Clarke,Not Used,Unknown ,1,
201 Clarke,Not Used,White ,1,Hispanic/Latinx/Spanish Origins
201 Clarke,Not Used,White ,85,
201 Clarke,Peremptory Strike (Defendant/Respondent),American Indian/Alaskan Native ,1,
201 Clarke,Peremptory Strike (Defendant/Respondent),White ,14,
201 Clarke,Peremptory Strike (Plaintiff/Petitioner),Other ,1,Hispanic/Latinx/Spanish Origins
201 Clarke,Peremptory Strike (Plaintiff/Petitioner),White ,12,
211 Clay,Challenged For Cause (Defendant/Respondent),White ,7,
211 Clay,Challenged For Cause (Plaintiff/Petitioner),White ,12,
211 Clay,Juror,White ,28,
211 Clay,Not Used,Asian ,1,
211 Clay,Not Used,Black/African American ,1,
211 Clay,Not Used,Other ,3,Hispanic/Latinx/Spanish Origins
211 Clay,Not Used,White ,100,
211 Clay,Not Used,White ,1,Hispanic/Latinx/Spanish Origins
211 Clay,Peremptory Strike (Defendant/Respondent),White ,20,
211 Clay,Peremptory Strike (Plaintiff/Petitioner),American Indian/Alaskan Native ,1,
211 Clay,Peremptory Strike (Plaintiff/Petitioner),Asian ,1,
211 Clay,Peremptory Strike (Plaintiff/Petitioner),White ,18,
221 Clayton,Challenged For Cause (Defendant/Respondent),White ,3,
221 Clayton,Challenged For Cause (Plaintiff/Petitioner),White ,7,
221 Clayton,Court,White ,3,
221 Clayton,Juror,Other ,1,Hispanic/Latinx/Spanish Origins
221 Clayton,Juror,White ,18,
221 Clayton,Not Used,White ,27,
221 Clayton,Peremptory Strike (Defendant/Respondent),White ,11,
221 Clayton,Peremptory Strike (Plaintiff/Petitioner),White ,11,
231 Clinton,Alternate,White ,10,
231 Clinton,Challenged For Cause (Defendant/Respondent),White ,5,
231 Clinton,Challenged For Cause (Plaintiff/Petitioner),White ,16,
231 Clinton,Court,Native Hawaiian/Other Pacific Islander ,2,
231 Clinton,Court,Unknown ,1,
231 Clinton,Court,White ,28,
231 Clinton,Juror,American Indian/Alaskan Native ,1,
231 Clinton,Juror,Asian ,1,
231 Clinton,Juror,Black/African American ,2,
231 Clinton,Juror,Black/African American ,1,Hispanic/Latinx/Spanish Origins
231 Clinton,Juror,"Multi Race Black/African American, White",1,
231 Clinton,Juror,Other ,1,Hispanic/Latinx/Spanish Origins
231 Clinton,Juror,White ,107,
231 Clinton,No Result,Asian ,1,
231 Clinton,No Result,Black/African American ,2,
231 Clinton,No Result,"Multi Race Black/African American, Other, White",1,
231 Clinton,No Result,"Multi Race Black/African American, White",3,
231 Clinton,No Result,Multi Race White,1,Hispanic/Latinx/Spanish Origins
231 Clinton,No Result,Native Hawaiian/Other Pacific Islander ,1,
231 Clinton,No Result,Other ,1,Hispanic/Latinx/Spanish Origins
231 Clinton,No Result,Other ,1,
231 Clinton,No Result,White ,96,
231 Clinton,No Result,White ,1,Hispanic/Latinx/Spanish Origins
231 Clinton,Not Used,Black/African American ,3,
231 Clinton,Not Used,"Multi Race American Indian/Alaskan Native, Black/African American, White",1,
231 Clinton,Not Used,"Multi Race American Indian/Alaskan Native, White",1,
231 Clinton,Not Used,Multi Race White,1,Hispanic/Latinx/Spanish Origins
231 Clinton,Not Used,Other ,2,
231 Clinton,Not Used,White ,135,
231 Clinton,Not Used,White ,1,Hispanic/Latinx/Spanish Origins
231 Clinton,Peremptory Strike (Defendant/Respondent),Multi Race ,1,
231 Clinton,Peremptory Strike (Defendant/Respondent),"Multi Race Other, White",1,Hispanic/Latinx/Spanish Origins
231 Clinton,Peremptory Strike (Defendant/Respondent),White ,60,
231 Clinton,Peremptory Strike (Plaintiff/Petitioner),Black/African American ,1,
231 Clinton,Peremptory Strike (Plaintiff/Petitioner),Multi Race ,1,Hispanic/Latinx/Spanish Origins
231 Clinton,Peremptory Strike (Plaintiff/Petitioner),Other ,2,Hispanic/Latinx/Spanish Origins
231 Clinton,Peremptory Strike (Plaintiff/Petitioner),White ,2,Hispanic/Latinx/Spanish Origins
231 Clinton,Peremptory Strike (Plaintiff/Petitioner),White ,53,
241 Crawford,Alternate,White ,1,Hispanic/Latinx/Spanish Origins
241 Crawford,Challenged For Cause (Plaintiff/Petitioner),White ,5,
241 Crawford,Juror,Other ,1,Hispanic/Latinx/Spanish Origins
241 Crawford,Juror,White ,11,
241 Crawford,Not Used,Other ,1,Hispanic/Latinx/Spanish Origins
241 Crawford,Not Used,White ,25,
241 Crawford,Not Used,White ,3,Hispanic/Latinx/Spanish Origins
241 Crawford,Peremptory Strike (Defendant/Respondent),White ,7,
241 Crawford,Peremptory Strike (Plaintiff/Petitioner),White ,7,
251 Dallas,Alternate,Other ,1,Hispanic/Latinx/Spanish Origins
251 Dallas,Alternate,White ,3,
251 Dallas,Challenged For Cause (Defendant/Respondent),White ,1,
251 Dallas,Challenged For Cause (Plaintiff/Petitioner),Black/African American ,1,
251 Dallas,Challenged For Cause (Plaintiff/Petitioner),Other ,1,Hispanic/Latinx/Spanish Origins
251 Dallas,Challenged For Cause (Plaintiff/Petitioner),White ,4,
251 Dallas,Court,Asian ,1,
251 Dallas,Court,Multi Race Asian,1,Hispanic/Latinx/Spanish Origins
251 Dallas,Court,"Multi Race Black/African American, White",1,
251 Dallas,Court,Other ,1,Hispanic/Latinx/Spanish Origins
251 Dallas,Court,Unknown ,1,
251 Dallas,Court,White ,1,Hispanic/Latinx/Spanish Origins
251 Dallas,Court,White ,35,
251 Dallas,Juror,Asian ,7,
251 Dallas,Juror,Black/African American ,4,
251 Dallas,Juror,"Multi Race American Indian/Alaskan Native, Unknown, White",1,
251 Dallas,Juror,"Multi Race American Indian/Alaskan Native, White",3,
251 Dallas,Juror,Multi Race Unknown,1,
251 Dallas,Juror,Other ,2,
251 Dallas,Juror,Other ,4,Hispanic/Latinx/Spanish Origins
251 Dallas,Juror,White ,2,Hispanic/Latinx/Spanish Origins
251 Dallas,Juror,White ,209,
251 Dallas,No Result,Asian ,1,
251 Dallas,No Result,Black/African American ,5,
251 Dallas,No Result,Other ,1,Hispanic/Latinx/Spanish Origins
251 Dallas,No Result,White ,93,
251 Dallas,Not Used,Asian ,6,
251 Dallas,Not Used,Black/African American ,1,Hispanic/Latinx/Spanish Origins
251 Dallas,Not Used,Black/African American ,4,
251 Dallas,Not Used,"Multi Race Other, White",1,
251 Dallas,Not Used,"Multi Race Other, White",1,Hispanic/Latinx/Spanish Origins
251 Dallas,Not Used,Native Hawaiian/Other Pacific Islander ,1,
251 Dallas,Not Used,Other ,2,Hispanic/Latinx/Spanish Origins
251 Dallas,Not Used,Other ,2,
251 Dallas,Not Used,White ,182,
251 Dallas,Not Used,White ,2,Hispanic/Latinx/Spanish Origins
251 Dallas,Peremptory Strike (Defendant/Respondent),Black/African American ,2,
251 Dallas,Peremptory Strike (Defendant/Respondent),"Multi Race Asian, White",1,
251 Dallas,Peremptory Strike (Defendant/Respondent),Unknown ,1,
251 Dallas,Peremptory Strike (Defendant/Respondent),White ,1,Hispanic/Latinx/Spanish Origins
251 Dallas,Peremptory Strike (Defendant/Respondent),White ,94,
251 Dallas,Peremptory Strike (Plaintiff/Petitioner),American Indian/Alaskan Native ,2,
251 Dallas,Peremptory Strike (Plaintiff/Petitioner),Asian ,4,
251 Dallas,Peremptory Strike (Plaintiff/Petitioner),"Multi Race Asian, White",1,
251 Dallas,Peremptory Strike (Plaintiff/Petitioner),"Multi Race Black/African American, White",1,
251 Dallas,Peremptory Strike (Plaintiff/Petitioner),Native Hawaiian/Other Pacific Islander ,1,
251 Dallas,Peremptory Strike (Plaintiff/Petitioner),Other ,1,Hispanic/Latinx/Spanish Origins
251 Dallas,Peremptory Strike (Plaintiff/Petitioner),Other ,2,
251 Dallas,Peremptory Strike (Plaintiff/Petitioner),White ,85,
251 Dallas,Peremptory Strike (Plaintiff/Petitioner),White ,2,Hispanic/Latinx/Spanish Origins
261 Davis,Alternate,White ,2,
261 Davis,Court,NOT PROVIDED ,1,
261 Davis,Court,White ,7,
261 Davis,Juror,American Indian/Alaskan Native ,1,
261 Davis,Juror,White ,11,
261 Davis,Not Used,Other ,1,Hispanic/Latinx/Spanish Origins
261 Davis,Not Used,White ,28,
261 Davis,Peremptory Strike (Defendant/Respondent),White ,7,
261 Davis,Peremptory Strike (Plaintiff/Petitioner),White ,7,
281 Delaware,Court,White ,1,
281 Delaware,Juror,White ,6,
281 Delaware,Not Used,White ,11,
281 Delaware,Peremptory Strike (Defendant/Respondent),White ,4,
281 Delaware,Peremptory Strike (Plaintiff/Petitioner),White ,4,
291 Des Moines,Alternate,Black/African American ,1,
291 Des Moines,Alternate,White ,17,
291 Des Moines,Juror,American Indian/Alaskan Native ,1,
291 Des Moines,Juror,Black/African American ,4,
291 Des Moines,Juror,Multi Race ,1,
291 Des Moines,Juror,Multi Race White,1,Hispanic/Latinx/Spanish Origins
291 Des Moines,Juror,NOT PROVIDED ,1,
291 Des Moines,Juror,Unknown ,1,
291 Des Moines,Juror,White ,4,Hispanic/Latinx/Spanish Origins
291 Des Moines,Juror,White ,191,
291 Des Moines,No Result,Black/African American ,8,
291 Des Moines,No Result,"Multi Race Black/African American, White",1,
291 Des Moines,No Result,Multi Race Other,1,Hispanic/Latinx/Spanish Origins
291 Des Moines,No Result,NOT PROVIDED ,1,
291 Des Moines,No Result,Native Hawaiian/Other Pacific Islander ,1,
291 Des Moines,No Result,White ,171,
291 Des Moines,Not Used,American Indian/Alaskan Native ,1,
291 Des Moines,Not Used,Asian ,2,
291 Des Moines,Not Used,Black/African American ,8,
291 Des Moines,Not Used,"Multi Race American Indian/Alaskan Native, Other, White",1,
291 Des Moines,Not Used,"Multi Race Black/African American, White",1,Hispanic/Latinx/Spanish Origins
291 Des Moines,Not Used,"Multi Race Black/African American, White",3,
291 Des Moines,Not Used,"Multi Race Other, White",2,Hispanic/Latinx/Spanish Origins
291 Des Moines,Not Used,NOT PROVIDED ,2,
291 Des Moines,Not Used,Other ,2,
291 Des Moines,Not Used,Other ,2,Hispanic/Latinx/Spanish Origins
291 Des Moines,Not Used,Unknown ,2,
291 Des Moines,Not Used,White ,218,
291 Des Moines,Not Used,White ,3,Hispanic/Latinx/Spanish Origins
291 Des Moines,Peremptory Strike (Defendant/Respondent),American Indian/Alaskan Native ,1,
291 Des Moines,Peremptory Strike (Defendant/Respondent),"Multi Race Black/African American, White",1,
291 Des Moines,Peremptory Strike (Defendant/Respondent),Other ,1,Hispanic/Latinx/Spanish Origins
291 Des Moines,Peremptory Strike (Defendant/Respondent),White ,1,Hispanic/Latinx/Spanish Origins
291 Des Moines,Peremptory Strike (Defendant/Respondent),White ,100,
291 Des Moines,Peremptory Strike (Plaintiff/Petitioner),Asian ,2,
291 Des Moines,Peremptory Strike (Plaintiff/Petitioner),Black/African American ,4,
291 Des Moines,Peremptory Strike (Plaintiff/Petitioner),"Multi Race Other, White",1,Hispanic/Latinx/Spanish Origins
291 Des Moines,Peremptory Strike (Plaintiff/Petitioner),Multi Race White,1,Hispanic/Latinx/Spanish Origins
291 Des Moines,Peremptory Strike (Plaintiff/Petitioner),NOT PROVIDED ,1,
291 Des Moines,Peremptory Strike (Plaintiff/Petitioner),White ,93,
291 Des Moines,Peremptory Strike (Plaintiff/Petitioner),White ,2,Hispanic/Latinx/Spanish Origins
301 Dickinson,No Result,Other ,2,
301 Dickinson,No Result,White ,77,
311 Dubuque,Challenged For Cause (Defendant/Respondent),White ,12,
311 Dubuque,Challenged For Cause (Plaintiff/Petitioner),Black/African American ,1,
311 Dubuque,Challenged For Cause (Plaintiff/Petitioner),White ,10,
311 Dubuque,Court,Black/African American ,2,
311 Dubuque,Court,"Multi Race Black/African American, White",2,
311 Dubuque,Court,Multi Race Other,1,
311 Dubuque,Court,"Multi Race Other, White",1,Hispanic/Latinx/Spanish Origins
311 Dubuque,Court,Other ,2,Hispanic/Latinx/Spanish Origins
311 Dubuque,Court,White ,2,Hispanic/Latinx/Spanish Origins
311 Dubuque,Court,White ,63,
311 Dubuque,Juror,Asian ,3,
311 Dubuque,Juror,"Multi Race Black/African American, White",1,
311 Dubuque,Juror,"Multi Race Black/African American, White",1,Hispanic/Latinx/Spanish Origins
311 Dubuque,Juror,Other ,2,Hispanic/Latinx/Spanish Origins
311 Dubuque,Juror,White ,238,
311 Dubuque,Juror,White ,2,Hispanic/Latinx/Spanish Origins
311 Dubuque,No Result,Black/African American ,1,
311 Dubuque,No Result,White ,35,
311 Dubuque,Not Used,Asian ,4,
311 Dubuque,Not Used,Black/African American ,6,
311 Dubuque,Not Used,"Multi Race American Indian/Alaskan Native, White",1,
311 Dubuque,Not Used,"Multi Race Black/African American, Other, White",1,Hispanic/Latinx/Spanish Origins
311 Dubuque,Not Used,Native Hawaiian/Other Pacific Islander ,1,Hispanic/Latinx/Spanish Origins
311 Dubuque,Not Used,Other ,1,Hispanic/Latinx/Spanish Origins
311 Dubuque,Not Used,White ,262,
311 Dubuque,Not Used,White ,5,Hispanic/Latinx/Spanish Origins
311 Dubuque,Peremptory Strike (Defendant/Respondent),Asian ,2,
311 Dubuque,Peremptory Strike (Defendant/Respondent),Black/African American ,1,
311 Dubuque,Peremptory Strike (Defendant/Respondent),"Multi Race Asian, White",1,
311 Dubuque,Peremptory Strike (Defendant/Respondent),White ,118,
311 Dubuque,Peremptory Strike (Plaintiff/Petitioner),Asian ,1,
311 Dubuque,Peremptory Strike (Plaintiff/Petitioner),Black/African American ,2,
311 Dubuque,Peremptory Strike (Plaintiff/Petitioner),"Multi Race American Indian/Alaskan Native, White",1,Hispanic/Latinx/Spanish Origins
311 Dubuque,Peremptory Strike (Plaintiff/Petitioner),"Multi Race Asian, Black/African American, White",1,
311 Dubuque,Peremptory Strike (Plaintiff/Petitioner),Other ,1,Hispanic/Latinx/Spanish Origins
311 Dubuque,Peremptory Strike (Plaintiff/Petitioner),Unknown ,1,
311 Dubuque,Peremptory Strike (Plaintiff/Petitioner),White ,106,
311 Dubuque,Peremptory Strike (Plaintiff/Petitioner),White ,2,Hispanic/Latinx/Spanish Origins
321 Emmet,No Result,"Multi Race Asian, White",1,
321 Emmet,No Result,"Multi Race Black/African American, White",1,
321 Emmet,No Result,Other ,1,Hispanic/Latinx/Spanish Origins
321 Emmet,No Result,White ,35,
321 Emmet,No Result,White ,2,Hispanic/Latinx/Spanish Origins
341 Floyd,Alternate,White ,1,
341 Floyd,Challenged For Cause (Plaintiff/Petitioner),White ,1,
341 Floyd,Court,White ,2,
341 Floyd,Juror,Black/African American ,1,
341 Floyd,Juror,White ,10,
341 Floyd,Juror,White ,1,Hispanic/Latinx/Spanish Origins
341 Floyd,Not Used,Other ,1,Hispanic/Latinx/Spanish Origins
341 Floyd,Not Used,White ,27,
341 Floyd,Peremptory Strike (Defendant/Respondent),White ,5,
341 Floyd,Peremptory Strike (Plaintiff/Petitioner),Black/African American ,1,
341 Floyd,Peremptory Strike (Plaintiff/Petitioner),Other ,1,Hispanic/Latinx/Spanish Origins
341 Floyd,Peremptory Strike (Plaintiff/Petitioner),White ,3,
361 Fremont,Challenged For Cause (Defendant/Respondent),White ,4,
361 Fremont,Court,White ,2,
361 Fremont,Juror,"Multi Race American Indian/Alaskan Native, White",1,Hispanic/Latinx/Spanish Origins
361 Fremont,Juror,Unknown ,1,
361 Fremont,Juror,White ,10,
361 Fremont,Not Used,White ,11,
361 Fremont,Peremptory Strike (Defendant/Respondent),"Multi Race Native Hawaiian/Other Pacific Islander, White",1,
361 Fremont,Peremptory Strike (Defendant/Respondent),White ,3,
361 Fremont,Peremptory Strike (Plaintiff/Petitioner),White ,4,
371 Greene,Alternate,White ,3,
371 Greene,Court,White ,15,
371 Greene,Juror,White ,24,
371 Greene,No Result,Other ,1,
371 Greene,No Result,White ,116,
371 Greene,No Result,White ,2,Hispanic/Latinx/Spanish Origins
371 Greene,Not Used,American Indian/Alaskan Native ,1,
371 Greene,Not Used,NOT PROVIDED ,1,
371 Greene,Not Used,Other ,1,Hispanic/Latinx/Spanish Origins
371 Greene,Not Used,White ,46,
371 Greene,Peremptory Strike (Defendant/Respondent),Asian ,1,
371 Greene,Peremptory Strike (Defendant/Respondent),White ,11,
371 Greene,Peremptory Strike (Plaintiff/Petitioner),White ,1,Hispanic/Latinx/Spanish Origins
371 Greene,Peremptory Strike (Plaintiff/Petitioner),White ,15,
391 Guthrie,Alternate,White ,1,
391 Guthrie,Juror,"Multi Race Asian, Native Hawaiian/Other Pacific Islander, Other",1,
391 Guthrie,Juror,Unknown ,2,
391 Guthrie,Juror,White ,1,Hispanic/Latinx/Spanish Origins
391 Guthrie,Juror,White ,67,
391 Guthrie,No Result,Other ,1,
391 Guthrie,No Result,White ,21,
391 Guthrie,Not Used,Asian ,2,
391 Guthrie,Not Used,Black/African American ,1,
391 Guthrie,Not Used,"Multi Race American Indian/Alaskan Native, Black/African American, White",1,
391 Guthrie,Not Used,NOT PROVIDED ,1,
391 Guthrie,Not Used,Other ,2,Hispanic/Latinx/Spanish Origins
391 Guthrie,Not Used,Unknown ,1,
391 Guthrie,Not Used,White ,118,
391 Guthrie,Not Used,White ,2,Hispanic/Latinx/Spanish Origins
401 Hamilton,Not Used,Asian ,1,
401 Hamilton,Not Used,White ,1,Hispanic/Latinx/Spanish Origins
401 Hamilton,Not Used,White ,57,
411 Hancock,Alternate,White ,1,Hispanic/Latinx/Spanish Origins
411 Hancock,Alternate,White ,4,
411 Hancock,Court,Black/African American ,1,
411 Hancock,Court,White ,7,
411 Hancock,Court,White ,1,Hispanic/Latinx/Spanish Origins
411 Hancock,Juror,Other ,2,Hispanic/Latinx/Spanish Origins
411 Hancock,Juror,White ,1,Hispanic/Latinx/Spanish Origins
411 Hancock,Juror,White ,56,
411 Hancock,Not Used,American Indian/Alaskan Native ,1,
411 Hancock,Not Used,"Multi Race American Indian/Alaskan Native, White",1,
411 Hancock,Not Used,Multi Race White,1,Hispanic/Latinx/Spanish Origins
411 Hancock,Not Used,Unknown ,1,
411 Hancock,Not Used,White ,141,
411 Hancock,Not Used,White ,1,Hispanic/Latinx/Spanish Origins
411 Hancock,Peremptory Strike (Defendant/Respondent),White ,29,
411 Hancock,Peremptory Strike (Plaintiff/Petitioner),Black/African American ,1,
411 Hancock,Peremptory Strike (Plaintiff/Petitioner),Other ,1,Hispanic/Latinx/Spanish Origins
411 Hancock,Peremptory Strike (Plaintiff/Petitioner),White ,1,Hispanic/Latinx/Spanish Origins
411 Hancock,Peremptory Strike (Plaintiff/Petitioner),White ,26,
421 Hardin,Alternate,White ,2,
421 Hardin,Juror,White ,12,
421 Hardin,Not Used,American Indian/Alaskan Native ,1,
421 Hardin,Not Used,White ,108,
421 Hardin,Peremptory Strike (Defendant/Respondent),White ,7,
421 Hardin,Peremptory Strike (Plaintiff/Petitioner),White ,7,
431 Harrison,Alternate,White ,4,
431 Harrison,Challenged For Cause (Defendant/Respondent),White ,1,
431 Harrison,Challenged For Cause (Plaintiff/Petitioner),White ,3,
431 Harrison,Court,White ,13,
431 Harrison,Juror,White ,36,
431 Harrison,No Result,White ,1,
431 Harrison,Not Used,Asian ,1,
431 Harrison,Not Used,White ,34,
431 Harrison,Peremptory Strike (Defendant/Respondent),White ,1,Hispanic/Latinx/Spanish Origins
431 Harrison,Peremptory Strike (Defendant/Respondent),White ,20,
431 Harrison,Peremptory Strike (Plaintiff/Petitioner),White ,22,
441 Henry,Juror,White ,6,
441 Henry,Not Used,"Multi Race Black/African American, White",1,
441 Henry,Not Used,Other ,1,Hispanic/Latinx/Spanish Origins
441 Henry,Not Used,White ,12,
441 Henry,Peremptory Strike (Defendant/Respondent),White ,1,Hispanic/Latinx/Spanish Origins
441 Henry,Peremptory Strike (Defendant/Respondent),White ,3,
441 Henry,Peremptory Strike (Plaintiff/Petitioner),White ,4,
451 Howard,Court,White ,23,
451 Howard,Juror,White ,13,
451 Howard,Not Used,White ,8,
451 Howard,Peremptory Strike (Defendant/Respondent),Black/African American ,1,
451 Howard,Peremptory Strike (Defendant/Respondent),Other ,1,
451 Howard,Peremptory Strike (Defendant/Respondent),White ,4,
451 Howard,Peremptory Strike (Plaintiff/Petitioner),NOT PROVIDED ,1,
451 Howard,Peremptory Strike (Plaintiff/Petitioner),White ,5,
491 Jackson,Alternate,White ,1,
491 Jackson,Court,White ,3,
491 Jackson,Juror,White ,12,
491 Jackson,Not Used,Native Hawaiian/Other Pacific Islander ,1,
491 Jackson,Not Used,White ,1,Hispanic/Latinx/Spanish Origins
491 Jackson,Not Used,White ,28,
491 Jackson,Peremptory Strike (Defendant/Respondent),Unknown ,1,Hispanic/Latinx/Spanish Origins
491 Jackson,Peremptory Strike (Defendant/Respondent),White ,6,
491 Jackson,Peremptory Strike (Plaintiff/Petitioner),White ,7,
501 Jasper,Challenged For Cause (Plaintiff/Petitioner),White ,1,
501 Jasper,Court,White ,6,
501 Jasper,Juror,"Multi Race Black/African American, White",1,
501 Jasper,Juror,Other ,1,
501 Jasper,Juror,White ,50,
501 Jasper,No Result,Asian ,1,
501 Jasper,No Result,"Multi Race Asian, White",1,Hispanic/Latinx/Spanish Origins
501 Jasper,No Result,White ,31,
501 Jasper,Not Used,American Indian/Alaskan Native ,1,
501 Jasper,Not Used,Asian ,1,
501 Jasper,Not Used,"Multi Race Other, White",1,Hispanic/Latinx/Spanish Origins
501 Jasper,Not Used,White ,2,Hispanic/Latinx/Spanish Origins
501 Jasper,Not Used,White ,53,
501 Jasper,Peremptory Strike (Defendant/Respondent),White ,1,Hispanic/Latinx/Spanish Origins
501 Jasper,Peremptory Strike (Defendant/Respondent),White ,21,
501 Jasper,Peremptory Strike (Plaintiff/Petitioner),Other ,1,
501 Jasper,Peremptory Strike (Plaintiff/Petitioner),White ,21,
511 Jefferson,Alternate,White ,3,
511 Jefferson,Challenged For Cause (Plaintiff/Petitioner),White ,11,
511 Jefferson,Challenged For Cause (Plaintiff/Petitioner),White ,1,Hispanic/Latinx/Spanish Origins
511 Jefferson,Juror,"Multi Race Other, White",1,Hispanic/Latinx/Spanish Origins
511 Jefferson,Juror,White ,35,
511 Jefferson,Not Used,White ,35,
511 Jefferson,Peremptory Strike (Defendant/Respondent),"Multi Race American Indian/Alaskan Native, Unknown, White",1,
511 Jefferson,Peremptory Strike (Defendant/Respondent),White ,19,
511 Jefferson,Peremptory Strike (Plaintiff/Petitioner),"Multi Race American Indian/Alaskan Native, Black/African American, Other, White",1,Hispanic/Latinx/Spanish Origins
511 Jefferson,Peremptory Strike (Plaintiff/Petitioner),White ,19,
521 Johnson,Challenged For Cause (Defendant/Respondent),White ,10,
521 Johnson,Challenged For Cause (Plaintiff/Petitioner),Unknown ,1,
521 Johnson,Challenged For Cause (Plaintiff/Petitioner),White ,12,
521 Johnson,Challenged For Cause (Plaintiff/Petitioner),White ,1,Hispanic/Latinx/Spanish Origins
521 Johnson,Court,Asian ,2,
521 Johnson,Court,Black/African American ,4,
521 Johnson,Court,White ,1,Hispanic/Latinx/Spanish Origins
521 Johnson,Court,White ,50,
521 Johnson,Juror,Asian ,7,
521 Johnson,Juror,Black/African American ,14,
521 Johnson,Juror,"Multi Race Other, White",1,Hispanic/Latinx/Spanish Origins
521 Johnson,Juror,Other ,5,Hispanic/Latinx/Spanish Origins
521 Johnson,Juror,Unknown ,1,Hispanic/Latinx/Spanish Origins
521 Johnson,Juror,Unknown ,1,
521 Johnson,Juror,White ,3,Hispanic/Latinx/Spanish Origins
521 Johnson,Juror,White ,161,
521 Johnson,No Result,Asian ,9,
521 Johnson,No Result,Black/African American ,16,
521 Johnson,No Result,"Multi Race American Indian/Alaskan Native, White",1,
521 Johnson,No Result,"Multi Race Asian, White",2,
521 Johnson,No Result,"Multi Race Black/African American, White",2,
521 Johnson,No Result,Multi Race Other,1,Hispanic/Latinx/Spanish Origins
521 Johnson,No Result,NOT PROVIDED ,1,
521 Johnson,No Result,Other ,2,
521 Johnson,No Result,Other ,6,Hispanic/Latinx/Spanish Origins
521 Johnson,No Result,Unknown ,1,
521 Johnson,No Result,White ,309,
521 Johnson,No Result,White ,13,Hispanic/Latinx/Spanish Origins
521 Johnson,Not Used,American Indian/Alaskan Native ,2,
521 Johnson,Not Used,Asian ,6,
521 Johnson,Not Used,Black/African American ,14,
521 Johnson,Not Used,Hispanic/Latino/Spanish Origins ,1,Hispanic/Latinx/Spanish Origins
521 Johnson,Not Used,"Multi Race Asian, White",2,
521 Johnson,Not Used,"Multi Race Black/African American, Unknown, White",1,
521 Johnson,Not Used,"Multi Race Black/African American, White",2,
521 Johnson,Not Used,NOT PROVIDED ,1,
521 Johnson,Not Used,Native Hawaiian/Other Pacific Islander ,1,
521 Johnson,Not Used,Other ,2,
521 Johnson,Not Used,Other ,4,Hispanic/Latinx/Spanish Origins
521 Johnson,Not Used,White ,210,
521 Johnson,Not Used,White ,9,Hispanic/Latinx/Spanish Origins
521 Johnson,Peremptory Strike (Defendant/Respondent),Asian ,3,
521 Johnson,Peremptory Strike (Defendant/Respondent),Black/African American ,3,
521 Johnson,Peremptory Strike (Defendant/Respondent),"Multi Race Other, White",1,Hispanic/Latinx/Spanish Origins
521 Johnson,Peremptory Strike (Defendant/Respondent),Other ,1,Hispanic/Latinx/Spanish Origins
521 Johnson,Peremptory Strike (Defendant/Respondent),Unknown ,2,
521 Johnson,Peremptory Strike (Defendant/Respondent),White ,66,
521 Johnson,Peremptory Strike (Defendant/Respondent),White ,4,Hispanic/Latinx/Spanish Origins
521 Johnson,Peremptory Strike (Plaintiff/Petitioner),Asian ,6,
521 Johnson,Peremptory Strike (Plaintiff/Petitioner),Black/African American ,4,
521 Johnson,Peremptory Strike (Plaintiff/Petitioner),"Multi Race American Indian/Alaskan Native, White",1,Hispanic/Latinx/Spanish Origins
521 Johnson,Peremptory Strike (Plaintiff/Petitioner),"Multi Race Asian, White",1,
521 Johnson,Peremptory Strike (Plaintiff/Petitioner),"Multi Race Black/African American, White",1,
521 Johnson,Peremptory Strike (Plaintiff/Petitioner),"Multi Race Native Hawaiian/Other Pacific Islander, White",1,
521 Johnson,Peremptory Strike (Plaintiff/Petitioner),Native Hawaiian/Other Pacific Islander ,1,
521 Johnson,Peremptory Strike (Plaintiff/Petitioner),Other ,2,
521 Johnson,Peremptory Strike (Plaintiff/Petitioner),White ,59,
521 Johnson,Peremptory Strike (Plaintiff/Petitioner),White ,4,Hispanic/Latinx/Spanish Origins
531 Jones,Challenged For Cause (Defendant/Respondent),White ,5,
531 Jones,Challenged For Cause (Plaintiff/Petitioner),White ,4,
531 Jones,Juror,White ,27,
531 Jones,Not Used,White ,30,
531 Jones,Peremptory Strike (Defendant/Respondent),White ,13,
531 Jones,Peremptory Strike (Plaintiff/Petitioner),Multi Race White,1,Hispanic/Latinx/Spanish Origins
531 Jones,Peremptory Strike (Plaintiff/Petitioner),Other ,1,Hispanic/Latinx/Spanish Origins
531 Jones,Peremptory Strike (Plaintiff/Petitioner),White ,13,
541 Keokuk,Alternate,White ,1,
541 Keokuk,Juror,White ,12,
541 Keokuk,Not Used,White ,27,
541 Keokuk,Peremptory Strike (Defendant/Respondent),White ,7,
541 Keokuk,Peremptory Strike (Plaintiff/Petitioner),White ,7,
551 Kossuth,Court,Unknown ,1,
551 Kossuth,Court,White ,22,
551 Kossuth,Juror,Black/African American ,2,
551 Kossuth,Juror,White ,24,
551 Kossuth,Not Used,White ,26,
551 Kossuth,Peremptory Strike (Defendant/Respondent),White ,12,
551 Kossuth,Peremptory Strike (Plaintiff/Petitioner),Multi Race Other,1,Hispanic/Latinx/Spanish Origins
551 Kossuth,Peremptory Strike (Plaintiff/Petitioner),White ,11,
561 Lee,Alternate,White ,2,
561 Lee,Juror,Asian ,1,
561 Lee,Juror,White ,11,
561 Lee,Not Used,Black/African American ,1,
561 Lee,Not Used,"Multi Race Black/African American, White",1,
561 Lee,Not Used,White ,12,
561 Lee,Peremptory Strike (Defendant/Respondent),Black/African American ,1,
561 Lee,Peremptory Strike (Defendant/Respondent),White ,6,
561 Lee,Peremptory Strike (Plaintiff/Petitioner),White ,6,
561 Lee,Peremptory Strike (Plaintiff/Petitioner),White ,1,Hispanic/Latinx/Spanish Origins
562 Lee,Alternate,White ,1,
562 Lee,Juror,White ,12,
562 Lee,No Result,Unknown ,1,Hispanic/Latinx/Spanish Origins
562 Lee,No Result,White ,2,Hispanic/Latinx/Spanish Origins
562 Lee,No Result,White ,77,
562 Lee,Not Used,Black/African American ,1,
562 Lee,Not Used,White ,13,
562 Lee,Peremptory Strike (Defendant/Respondent),White ,7,
562 Lee,Peremptory Strike (Plaintiff/Petitioner),Black/African American ,1,
562 Lee,Peremptory Strike (Plaintiff/Petitioner),White ,6,
571 Linn,Challenged For Cause (Defendant/Respondent),White ,30,
571 Linn,Challenged For Cause (Plaintiff/Petitioner),Black/African American ,1,
571 Linn,Challenged For Cause (Plaintiff/Petitioner),"Multi Race Black/African American, White",1,Hispanic/Latinx/Spanish Origins
571 Linn,Challenged For Cause (Plaintiff/Petitioner),Unknown ,1,
571 Linn,Challenged For Cause (Plaintiff/Petitioner),White ,39,
571 Linn,Court,American Indian/Alaskan Native ,2,
571 Linn,Court,Asian ,1,Hispanic/Latinx/Spanish Origins
571 Linn,Court,Asian ,7,
571 Linn,Court,Black/African American ,8,
571 Linn,Court,Black/African American ,1,Hispanic/Latinx/Spanish Origins
571 Linn,Court,"Multi Race American Indian/Alaskan Native, Black/African American, White",3,
571 Linn,Court,"Multi Race Black/African American, White",1,
571 Linn,Court,Multi Race White,1,Hispanic/Latinx/Spanish Origins
571 Linn,Court,Native Hawaiian/Other Pacific Islander ,1,
571 Linn,Court,Other ,1,Hispanic/Latinx/Spanish Origins
571 Linn,Court,Other ,2,
571 Linn,Court,White ,226,
571 Linn,Court,White ,3,Hispanic/Latinx/Spanish Origins
571 Linn,Juror,American Indian/Alaskan Native ,2,Hispanic/Latinx/Spanish Origins
571 Linn,Juror,Asian ,5,
571 Linn,Juror,Black/African American ,22,
571 Linn,Juror,Black/African American ,1,Hispanic/Latinx/Spanish Origins
571 Linn,Juror,"Multi Race American Indian/Alaskan Native, White",1,
571 Linn,Juror,"Multi Race Black/African American, Other, White",1,Hispanic/Latinx/Spanish Origins
571 Linn,Juror,"Multi Race Black/African American, White",5,
571 Linn,Juror,Native Hawaiian/Other Pacific Islander ,1,
571 Linn,Juror,Other ,1,
571 Linn,Juror,Other ,3,Hispanic/Latinx/Spanish Origins
571 Linn,Juror,Unknown ,1,Hispanic/Latinx/Spanish Origins
571 Linn,Juror,Unknown ,1,
571 Linn,Juror,White ,13,Hispanic/Latinx/Spanish Origins
571 Linn,Juror,White ,588,
571 Linn,No Result,Asian ,2,
571 Linn,No Result,Black/African American ,19,
571 Linn,No Result,"Multi Race American Indian/Alaskan Native, Black/African American, Native Hawaiian/Other Pacific Islander, Other, White",1,
571 Linn,No Result,"Multi Race American Indian/Alaskan Native, Black/African American, Other, White",1,
571 Linn,No Result,"Multi Race American Indian/Alaskan Native, White",1,
571 Linn,No Result,Multi Race Black/African American,1,
571 Linn,No Result,"Multi Race Black/African American, White",3,
571 Linn,No Result,Multi Race White,1,Hispanic/Latinx/Spanish Origins
571 Linn,No Result,Native Hawaiian/Other Pacific Islander ,1,
571 Linn,No Result,Other ,3,
571 Linn,No Result,Other ,4,Hispanic/Latinx/Spanish Origins
571 Linn,No Result,White ,315,
571 Linn,No Result,White ,3,Hispanic/Latinx/Spanish Origins
571 Linn,Not Used,American Indian/Alaskan Native ,2,
571 Linn,Not Used,American Indian/Alaskan Native ,1,Hispanic/Latinx/Spanish Origins
571 Linn,Not Used,Asian ,10,
571 Linn,Not Used,Black/African American ,47,
571 Linn,Not Used,Multi Race American Indian/Alaskan Native,1,Hispanic/Latinx/Spanish Origins
571 Linn,Not Used,"Multi Race American Indian/Alaskan Native, Other",1,Hispanic/Latinx/Spanish Origins
571 Linn,Not Used,"Multi Race American Indian/Alaskan Native, White",1,
571 Linn,Not Used,"Multi Race Asian, White",2,
571 Linn,Not Used,"Multi Race Black/African American, White",2,
571 Linn,Not Used,"Multi Race Native Hawaiian/Other Pacific Islander, White",1,
571 Linn,Not Used,Multi Race Other,1,
571 Linn,Not Used,Multi Race Other,1,Hispanic/Latinx/Spanish Origins
571 Linn,Not Used,Multi Race White,1,
571 Linn,Not Used,Multi Race White,2,Hispanic/Latinx/Spanish Origins
571 Linn,Not Used,Other ,8,Hispanic/Latinx/Spanish Origins
571 Linn,Not Used,Other ,5,
571 Linn,Not Used,Unknown ,1,
571 Linn,Not Used,White ,16,Hispanic/Latinx/Spanish Origins
571 Linn,Not Used,White ,909,
571 Linn,Peremptory Strike (Defendant/Respondent),American Indian/Alaskan Native ,3,
571 Linn,Peremptory Strike (Defendant/Respondent),Asian ,2,
571 Linn,Peremptory Strike (Defendant/Respondent),Black/African American ,5,
571 Linn,Peremptory Strike (Defendant/Respondent),Black/African American ,1,Hispanic/Latinx/Spanish Origins
571 Linn,Peremptory Strike (Defendant/Respondent),"Multi Race American Indian/Alaskan Native, Other",1,Hispanic/Latinx/Spanish Origins
571 Linn,Peremptory Strike (Defendant/Respondent),"Multi Race American Indian/Alaskan Native, White",1,
571 Linn,Peremptory Strike (Defendant/Respondent),"Multi Race Asian, Native Hawaiian/Other Pacific Islander, White",1,
571 Linn,Peremptory Strike (Defendant/Respondent),"Multi Race Black/African American, White",1,
571 Linn,Peremptory Strike (Defendant/Respondent),"Multi Race Other, White",1,Hispanic/Latinx/Spanish Origins
571 Linn,Peremptory Strike (Defendant/Respondent),Multi Race White,1,Hispanic/Latinx/Spanish Origins
571 Linn,Peremptory Strike (Defendant/Respondent),Other ,3,Hispanic/Latinx/Spanish Origins
571 Linn,Peremptory Strike (Defendant/Respondent),White ,295,
571 Linn,Peremptory Strike (Defendant/Respondent),White ,6,Hispanic/Latinx/Spanish Origins
571 Linn,Peremptory Strike (Plaintiff/Petitioner),American Indian/Alaskan Native ,2,
571 Linn,Peremptory Strike (Plaintiff/Petitioner),Asian ,8,
571 Linn,Peremptory Strike (Plaintiff/Petitioner),Black/African American ,13,
571 Linn,Peremptory Strike (Plaintiff/Petitioner),"Multi Race Asian, White",1,
571 Linn,Peremptory Strike (Plaintiff/Petitioner),"Multi Race Black/African American, Other",1,Hispanic/Latinx/Spanish Origins
571 Linn,Peremptory Strike (Plaintiff/Petitioner),"Multi Race Black/African American, Unknown, White",1,
571 Linn,Peremptory Strike (Plaintiff/Petitioner),Multi Race Other,1,Hispanic/Latinx/Spanish Origins
571 Linn,Peremptory Strike (Plaintiff/Petitioner),"Multi Race Other, White",1,Hispanic/Latinx/Spanish Origins
571 Linn,Peremptory Strike (Plaintiff/Petitioner),Other ,5,
571 Linn,Peremptory Strike (Plaintiff/Petitioner),Other ,6,Hispanic/Latinx/Spanish Origins
571 Linn,Peremptory Strike (Plaintiff/Petitioner),Unknown ,1,
571 Linn,Peremptory Strike (Plaintiff/Petitioner),White ,1,Hispanic/Latinx/Spanish Origins
571 Linn,Peremptory Strike (Plaintiff/Petitioner),White ,277,
581 Louisa,Alternate,White ,5,
581 Louisa,Court,Other ,2,Hispanic/Latinx/Spanish Origins
581 Louisa,Court,White ,1,Hispanic/Latinx/Spanish Origins
581 Louisa,Court,White ,11,
581 Louisa,Juror,Black/African American ,1,
581 Louisa,Juror,Other ,1,Hispanic/Latinx/Spanish Origins
581 Louisa,Juror,White ,1,Hispanic/Latinx/Spanish Origins
581 Louisa,Juror,White ,45,
581 Louisa,Not Used,Multi Race White,1,Hispanic/Latinx/Spanish Origins
581 Louisa,Not Used,NOT PROVIDED ,1,
581 Louisa,Not Used,Native Hawaiian/Other Pacific Islander ,1,
581 Louisa,Not Used,Other ,3,Hispanic/Latinx/Spanish Origins
581 Louisa,Not Used,White ,81,
581 Louisa,Peremptory Strike (Defendant/Respondent),Multi Race Other,1,Hispanic/Latinx/Spanish Origins
581 Louisa,Peremptory Strike (Defendant/Respondent),Multi Race White,1,Hispanic/Latinx/Spanish Origins
581 Louisa,Peremptory Strike (Defendant/Respondent),White ,24,
581 Louisa,Peremptory Strike (Plaintiff/Petitioner),Other ,1,Hispanic/Latinx/Spanish Origins
581 Louisa,Peremptory Strike (Plaintiff/Petitioner),White ,1,Hispanic/Latinx/Spanish Origins
581 Louisa,Peremptory Strike (Plaintiff/Petitioner),White ,24,
591 Lucas,Court,White ,4,
591 Lucas,Juror,Black/African American ,1,
591 Lucas,Juror,NOT PROVIDED ,1,
591 Lucas,Juror,White ,37,
591 Lucas,Not Used,Black/African American ,1,
591 Lucas,Not Used,"Multi Race Black/African American, White",1,
591 Lucas,Not Used,White ,55,
591 Lucas,Peremptory Strike (Defendant/Respondent),White ,9,
591 Lucas,Peremptory Strike (Plaintiff/Petitioner),"Multi Race American Indian/Alaskan Native, Asian, White",1,
591 Lucas,Peremptory Strike (Plaintiff/Petitioner),White ,8,
601 Lyon,Alternate,Other ,1,Hispanic/Latinx/Spanish Origins
601 Lyon,Alternate,White ,1,
601 Lyon,Challenged For Cause (Defendant/Respondent),"Multi Race American Indian/Alaskan Native, Asian, White",1,
601 Lyon,Challenged For Cause (Plaintiff/Petitioner),White ,4,
601 Lyon,Juror,White ,23,
601 Lyon,Juror,White ,1,Hispanic/Latinx/Spanish Origins
601 Lyon,Not Used,"Multi Race American Indian/Alaskan Native, Other, White",1,
601 Lyon,Not Used,White ,54,
601 Lyon,Not Used,White ,1,Hispanic/Latinx/Spanish Origins
601 Lyon,Peremptory Strike (Defendant/Respondent),White ,14,
601 Lyon,Peremptory Strike (Plaintiff/Petitioner),White ,14,
611 Madison,Juror,American Indian/Alaskan Native ,1,
611 Madison,Juror,Asian ,1,
611 Madison,Juror,"Multi Race Asian, White",1,
611 Madison,Juror,White ,77,
611 Madison,Juror,White ,1,Hispanic/Latinx/Spanish Origins
611 Madison,No Result,White ,1,
611 Madison,Not Used,Black/African American ,1,
611 Madison,Not Used,Multi Race White,1,Hispanic/Latinx/Spanish Origins
611 Madison,Not Used,Other ,1,Hispanic/Latinx/Spanish Origins
611 Madison,Not Used,Other ,1,
611 Madison,Not Used,Unknown ,1,
611 Madison,Not Used,White ,1,Hispanic/Latinx/Spanish Origins
611 Madison,Not Used,White ,277,
621 Mahaska,Alternate,White ,6,
621 Mahaska,Challenged For Cause (Defendant/Respondent),White ,2,
621 Mahaska,Challenged For Cause (Plaintiff/Petitioner),White ,14,
621 Mahaska,Court,White ,10,
621 Mahaska,Juror,Black/African American ,1,
621 Mahaska,Juror,Other ,1,
621 Mahaska,Juror,White ,60,
621 Mahaska,Not Used,Asian ,1,
621 Mahaska,Not Used,Black/African American ,1,
621 Mahaska,Not Used,"Multi Race American Indian/Alaskan Native, White",1,Hispanic/Latinx/Spanish Origins
621 Mahaska,Not Used,"Multi Race Asian, White",2,
621 Mahaska,Not Used,"Multi Race Black/African American, White",1,
621 Mahaska,Not Used,Other ,1,
621 Mahaska,Not Used,White ,1,Hispanic/Latinx/Spanish Origins
621 Mahaska,Not Used,White ,113,
621 Mahaska,Peremptory Strike (Defendant/Respondent),White ,32,
621 Mahaska,Peremptory Strike (Plaintiff/Petitioner),Asian ,2,
621 Mahaska,Peremptory Strike (Plaintiff/Petitioner),White ,29,
621 Mahaska,Peremptory Strike (Plaintiff/Petitioner),White ,1,Hispanic/Latinx/Spanish Origins
631 Marion,Juror,White ,25,
631 Marion,Not Used,Black/African American ,1,
631 Marion,Not Used,Other ,1,
631 Marion,Not Used,White ,36,
631 Marion,Peremptory Strike (Defendant/Respondent),White ,4,
631 Marion,Peremptory Strike (Plaintiff/Petitioner),White ,4,
641 Marshall,Alternate,Asian ,1,
641 Marshall,Alternate,Other ,1,Hispanic/Latinx/Spanish Origins
641 Marshall,Alternate,White ,18,
641 Marshall,Juror,American Indian/Alaskan Native ,3,
641 Marshall,Juror,Asian ,4,
641 Marshall,Juror,Black/African American ,1,
641 Marshall,Juror,"Multi Race Black/African American, White",1,
641 Marshall,Juror,Other ,8,Hispanic/Latinx/Spanish Origins
641 Marshall,Juror,Other ,2,
641 Marshall,Juror,White ,10,Hispanic/Latinx/Spanish Origins
641 Marshall,Juror,White ,191,
641 Marshall,No Result,American Indian/Alaskan Native ,3,
641 Marshall,No Result,Asian ,4,
641 Marshall,No Result,Black/African American ,2,
641 Marshall,No Result,"Multi Race Black/African American, White",1,
641 Marshall,No Result,Multi Race White,1,Hispanic/Latinx/Spanish Origins
641 Marshall,No Result,Native Hawaiian/Other Pacific Islander ,2,
641 Marshall,No Result,Other ,13,Hispanic/Latinx/Spanish Origins
641 Marshall,No Result,Unknown ,1,
641 Marshall,No Result,White ,195,
641 Marshall,No Result,White ,22,Hispanic/Latinx/Spanish Origins
641 Marshall,Not Used,American Indian/Alaskan Native ,1,
641 Marshall,Not Used,Asian ,8,
641 Marshall,Not Used,Black/African American ,4,
641 Marshall,Not Used,"Multi Race Asian, White",1,
641 Marshall,Not Used,"Multi Race Black/African American, White",2,
641 Marshall,Not Used,"Multi Race Other, White",2,Hispanic/Latinx/Spanish Origins
641 Marshall,Not Used,"Multi Race Unknown, White",1,Hispanic/Latinx/Spanish Origins
641 Marshall,Not Used,NOT PROVIDED ,2,
641 Marshall,Not Used,Native Hawaiian/Other Pacific Islander ,1,
641 Marshall,Not Used,Other ,3,
641 Marshall,Not Used,Other ,31,Hispanic/Latinx/Spanish Origins
641 Marshall,Not Used,Unknown ,1,Hispanic/Latinx/Spanish Origins
641 Marshall,Not Used,Unknown ,1,
641 Marshall,Not Used,White ,546,
641 Marshall,Not Used,White ,62,Hispanic/Latinx/Spanish Origins
641 Marshall,Peremptory Strike (Defendant/Respondent),Asian ,1,
641 Marshall,Peremptory Strike (Defendant/Respondent),Black/African American ,1,
641 Marshall,Peremptory Strike (Defendant/Respondent),"Multi Race Other, White",1,Hispanic/Latinx/Spanish Origins
641 Marshall,Peremptory Strike (Defendant/Respondent),Other ,3,Hispanic/Latinx/Spanish Origins
641 Marshall,Peremptory Strike (Defendant/Respondent),Unknown ,1,Hispanic/Latinx/Spanish Origins
641 Marshall,Peremptory Strike (Defendant/Respondent),White ,5,Hispanic/Latinx/Spanish Origins
641 Marshall,Peremptory Strike (Defendant/Respondent),White ,72,
641 Marshall,Peremptory Strike (Plaintiff/Petitioner),American Indian/Alaskan Native ,1,
641 Marshall,Peremptory Strike (Plaintiff/Petitioner),Other ,2,Hispanic/Latinx/Spanish Origins
641 Marshall,Peremptory Strike (Plaintiff/Petitioner),White ,12,Hispanic/Latinx/Spanish Origins
641 Marshall,Peremptory Strike (Plaintiff/Petitioner),White ,68,
651 Mills,Challenged For Cause (Defendant/Respondent),White ,3,
651 Mills,Challenged For Cause (Plaintiff/Petitioner),White ,1,
651 Mills,Juror,"Multi Race Asian, White",1,
651 Mills,Juror,White ,47,
651 Mills,No Result,Asian ,1,
651 Mills,No Result,NOT PROVIDED ,1,
651 Mills,No Result,Other ,1,Hispanic/Latinx/Spanish Origins
651 Mills,No Result,White ,23,
651 Mills,Not Used,Asian ,1,
651 Mills,Not Used,Other ,1,
651 Mills,Not Used,White ,57,
651 Mills,Not Used,White ,2,Hispanic/Latinx/Spanish Origins
651 Mills,Peremptory Strike (Defendant/Respondent),Other ,1,Hispanic/Latinx/Spanish Origins
651 Mills,Peremptory Strike (Defendant/Respondent),White ,15,
651 Mills,Peremptory Strike (Defendant/Respondent),White ,1,Hispanic/Latinx/Spanish Origins
651 Mills,Peremptory Strike (Plaintiff/Petitioner),"Multi Race Black/African American, Other, White",1,Hispanic/Latinx/Spanish Origins
651 Mills,Peremptory Strike (Plaintiff/Petitioner),White ,18,
661 Mitchell,Alternate,White ,5,
661 Mitchell,Challenged For Cause (Defendant/Respondent),American Indian/Alaskan Native ,1,
661 Mitchell,Challenged For Cause (Defendant/Respondent),White ,5,
661 Mitchell,Challenged For Cause (Plaintiff/Petitioner),White ,1,
661 Mitchell,Court,White ,15,
661 Mitchell,Juror,White ,35,
661 Mitchell,Juror,White ,1,Hispanic/Latinx/Spanish Origins
661 Mitchell,Not Used,White ,30,
661 Mitchell,Peremptory Strike (Defendant/Respondent),White ,20,
661 Mitchell,Peremptory Strike (Plaintiff/Petitioner),White ,20,
671 Monona,Alternate,White ,1,
671 Monona,Challenged For Cause (Defendant/Respondent),White ,4,
671 Monona,Challenged For Cause (Plaintiff/Petitioner),White ,1,
671 Monona,Juror,White ,12,
671 Monona,Not Used,American Indian/Alaskan Native ,2,
671 Monona,Not Used,Other ,1,
671 Monona,Not Used,White ,48,
671 Monona,Peremptory Strike (Defendant/Respondent),White ,7,
671 Monona,Peremptory Strike (Plaintiff/Petitioner),White ,7,
681 Monroe,Alternate,White ,1,
681 Monroe,Challenged For Cause (Defendant/Respondent),White ,1,
681 Monroe,Juror,White ,12,
681 Monroe,Not Used,Other ,1,
681 Monroe,Not Used,White ,1,Hispanic/Latinx/Spanish Origins
681 Monroe,Not Used,White ,19,
681 Monroe,Peremptory Strike (Defendant/Respondent),White ,5,
681 Monroe,Peremptory Strike (Plaintiff/Petitioner),White ,5,
701 Muscatine,Alternate,Other ,2,Hispanic/Latinx/Spanish Origins
701 Muscatine,Alternate,White ,18,
701 Muscatine,Challenged For Cause (Defendant/Respondent),American Indian/Alaskan Native ,1,
701 Muscatine,Challenged For Cause (Defendant/Respondent),Black/African American ,1,Hispanic/Latinx/Spanish Origins
701 Muscatine,Challenged For Cause (Defendant/Respondent),White ,4,Hispanic/Latinx/Spanish Origins
701 Muscatine,Challenged For Cause (Defendant/Respondent),White ,19,
701 Muscatine,Challenged For Cause (Plaintiff/Petitioner),"Multi Race Other, White",1,Hispanic/Latinx/Spanish Origins
701 Muscatine,Challenged For Cause (Plaintiff/Petitioner),White ,22,
701 Muscatine,Court,Black/African American ,1,Hispanic/Latinx/Spanish Origins
701 Muscatine,Court,Black/African American ,1,
701 Muscatine,Court,NOT PROVIDED ,2,
701 Muscatine,Court,Other ,6,Hispanic/Latinx/Spanish Origins
701 Muscatine,Court,White ,5,Hispanic/Latinx/Spanish Origins
701 Muscatine,Court,White ,53,
701 Muscatine,Juror,Asian ,1,Hispanic/Latinx/Spanish Origins
701 Muscatine,Juror,Asian ,1,
701 Muscatine,Juror,Black/African American ,1,
701 Muscatine,Juror,"Multi Race Native Hawaiian/Other Pacific Islander, White",1,
701 Muscatine,Juror,Multi Race Other,1,Hispanic/Latinx/Spanish Origins
701 Muscatine,Juror,"Multi Race Other, White",1,
701 Muscatine,Juror,"Multi Race Other, White",1,Hispanic/Latinx/Spanish Origins
701 Muscatine,Juror,Multi Race White,1,Hispanic/Latinx/Spanish Origins
701 Muscatine,Juror,Other ,9,Hispanic/Latinx/Spanish Origins
701 Muscatine,Juror,Unknown ,1,
701 Muscatine,Juror,White ,200,
701 Muscatine,Juror,White ,9,Hispanic/Latinx/Spanish Origins
701 Muscatine,No Result,Asian ,2,
701 Muscatine,No Result,Black/African American ,3,
701 Muscatine,No Result,"Multi Race American Indian/Alaskan Native, White",1,
701 Muscatine,No Result,"Multi Race Black/African American, White",1,
701 Muscatine,No Result,Multi Race White,1,Hispanic/Latinx/Spanish Origins
701 Muscatine,No Result,NOT PROVIDED ,1,
701 Muscatine,No Result,Other ,7,Hispanic/Latinx/Spanish Origins
701 Muscatine,No Result,Other ,1,
701 Muscatine,No Result,White ,152,
701 Muscatine,No Result,White ,8,Hispanic/Latinx/Spanish Origins
701 Muscatine,Not Used,Asian ,8,
701 Muscatine,Not Used,Black/African American ,6,
701 Muscatine,Not Used,"Multi Race American Indian/Alaskan Native, Other, White",1,Hispanic/Latinx/Spanish Origins
701 Muscatine,Not Used,"Multi Race Asian, White",2,
701 Muscatine,Not Used,"Multi Race Black/African American, White",1,Hispanic/Latinx/Spanish Origins
701 Muscatine,Not Used,Multi Race Other,2,Hispanic/Latinx/Spanish Origins
701 Muscatine,Not Used,"Multi Race Other, White",4,Hispanic/Latinx/Spanish Origins
701 Muscatine,Not Used,Multi Race White,1,Hispanic/Latinx/Spanish Origins
701 Muscatine,Not Used,NOT PROVIDED ,3,
701 Muscatine,Not Used,Other ,26,Hispanic/Latinx/Spanish Origins
701 Muscatine,Not Used,Other ,2,
701 Muscatine,Not Used,Unknown ,2,
701 Muscatine,Not Used,White ,455,
701 Muscatine,Not Used,White ,31,Hispanic/Latinx/Spanish Origins
701 Muscatine,Peremptory Strike (Defendant/Respondent),American Indian/Alaskan Native ,1,
701 Muscatine,Peremptory Strike (Defendant/Respondent),Asian ,1,
701 Muscatine,Peremptory Strike (Defendant/Respondent),"Multi Race Other, White",1,Hispanic/Latinx/Spanish Origins
701 Muscatine,Peremptory Strike (Defendant/Respondent),Other ,3,Hispanic/Latinx/Spanish Origins
701 Muscatine,Peremptory Strike (Defendant/Respondent),White ,4,Hispanic/Latinx/Spanish Origins
701 Muscatine,Peremptory Strike (Defendant/Respondent),White ,108,
701 Muscatine,Peremptory Strike (Plaintiff/Petitioner),Black/African American ,1,
701 Muscatine,Peremptory Strike (Plaintiff/Petitioner),Multi Race Other,1,Hispanic/Latinx/Spanish Origins
701 Muscatine,Peremptory Strike (Plaintiff/Petitioner),Other ,7,Hispanic/Latinx/Spanish Origins
701 Muscatine,Peremptory Strike (Plaintiff/Petitioner),Other ,2,
701 Muscatine,Peremptory Strike (Plaintiff/Petitioner),White ,13,Hispanic/Latinx/Spanish Origins
701 Muscatine,Peremptory Strike (Plaintiff/Petitioner),White ,100,
711 O'Brien,Alternate,White ,1,
711 O'Brien,Juror,White ,12,
711 O'Brien,Not Used,Asian ,1,
711 O'Brien,Not Used,"Multi Race American Indian/Alaskan Native, White",1,
711 O'Brien,Not Used,White ,27,
731 Page,Challenged For Cause (Plaintiff/Petitioner),White ,5,
731 Page,Court,White ,2,
731 Page,Juror,"Multi Race American Indian/Alaskan Native, Asian, Native Hawaiian/Other Pacific Islander, White",1,
731 Page,Juror,White ,23,
731 Page,Not Used,White ,34,
731 Page,Peremptory Strike (Defendant/Respondent),White ,8,
731 Page,Peremptory Strike (Plaintiff/Petitioner),White ,8,
741 Palo Alto,Challenged For Cause (Defendant/Respondent),White ,2,
741 Palo Alto,Challenged For Cause (Plaintiff/Petitioner),Asian ,1,
741 Palo Alto,Challenged For Cause (Plaintiff/Petitioner),White ,14,
741 Palo Alto,Juror,White ,26,
741 Palo Alto,Juror,White ,1,Hispanic/Latinx/Spanish Origins
741 Palo Alto,Not Used,White ,51,
741 Palo Alto,Peremptory Strike (Defendant/Respondent),Multi Race Unknown,1,Hispanic/Latinx/Spanish Origins
741 Palo Alto,Peremptory Strike (Defendant/Respondent),White ,11,
741 Palo Alto,Peremptory Strike (Plaintiff/Petitioner),White ,12,
751 Plymouth,Alternate,Multi Race White,1,Hispanic/Latinx/Spanish Origins
751 Plymouth,Alternate,White ,4,
751 Plymouth,Challenged For Cause (Defendant/Respondent),White ,7,
751 Plymouth,Challenged For Cause (Plaintiff/Petitioner),American Indian/Alaskan Native ,1,
751 Plymouth,Challenged For Cause (Plaintiff/Petitioner),White ,1,
751 Plymouth,Court,Black/African American ,1,
751 Plymouth,Court,"Multi Race Black/African American, White",1,
751 Plymouth,Court,White ,10,
751 Plymouth,Juror,White ,48,
751 Plymouth,No Result,Asian ,1,
751 Plymouth,No Result,NOT PROVIDED ,1,
751 Plymouth,No Result,Other ,1,Hispanic/Latinx/Spanish Origins
751 Plymouth,No Result,White ,1,Hispanic/Latinx/Spanish Origins
751 Plymouth,No Result,White ,47,
751 Plymouth,Not Used,"Multi Race Black/African American, White",1,
751 Plymouth,Not Used,Other ,1,
751 Plymouth,Not Used,Other ,1,Hispanic/Latinx/Spanish Origins
751 Plymouth,Not Used,White ,108,
751 Plymouth,Not Used,White ,2,Hispanic/Latinx/Spanish Origins
751 Plymouth,Peremptory Strike (Defendant/Respondent),Asian ,1,
751 Plymouth,Peremptory Strike (Defendant/Respondent),Native Hawaiian/Other Pacific Islander ,1,Hispanic/Latinx/Spanish Origins
751 Plymouth,Peremptory Strike (Defendant/Respondent),Other ,1,Hispanic/Latinx/Spanish Origins
751 Plymouth,Peremptory Strike (Defendant/Respondent),White ,21,
751 Plymouth,Peremptory Strike (Plaintiff/Petitioner),Native Hawaiian/Other Pacific Islander ,1,
751 Plymouth,Peremptory Strike (Plaintiff/Petitioner),White ,23,
771 Polk,Alternate,Asian ,2,
771 Polk,Alternate,Black/African American ,2,
771 Polk,Alternate,"Multi Race Black/African American, White",1,
771 Polk,Alternate,Other ,1,Hispanic/Latinx/Spanish Origins
771 Polk,Alternate,White ,77,
771 Polk,Alternate,White ,2,Hispanic/Latinx/Spanish Origins
771 Polk,Challenged For Cause (Defendant/Respondent),Asian ,1,
771 Polk,Challenged For Cause (Defendant/Respondent),Black/African American ,2,
771 Polk,Challenged For Cause (Defendant/Respondent),"Multi Race Asian, Black/African American, White",1,
771 Polk,Challenged For Cause (Defendant/Respondent),"Multi Race Black/African American, White",1,
771 Polk,Challenged For Cause (Defendant/Respondent),Unknown ,2,Hispanic/Latinx/Spanish Origins
771 Polk,Challenged For Cause (Defendant/Respondent),White ,24,
771 Polk,Challenged For Cause (Defendant/Respondent),White ,1,Hispanic/Latinx/Spanish Origins
771 Polk,Challenged For Cause (Plaintiff/Petitioner),Asian ,1,
771 Polk,Challenged For Cause (Plaintiff/Petitioner),Black/African American ,6,
771 Polk,Challenged For Cause (Plaintiff/Petitioner),Other ,1,
771 Polk,Challenged For Cause (Plaintiff/Petitioner),Other ,1,Hispanic/Latinx/Spanish Origins
771 Polk,Challenged For Cause (Plaintiff/Petitioner),White ,37,
771 Polk,Challenged For Cause (Plaintiff/Petitioner),White ,1,Hispanic/Latinx/Spanish Origins
771 Polk,Court,American Indian/Alaskan Native ,1,
771 Polk,Court,Asian ,21,
771 Polk,Court,Black/African American ,18,
771 Polk,Court,"Multi Race American Indian/Alaskan Native, White",1,
771 Polk,Court,"Multi Race Asian, White",1,
771 Polk,Court,"Multi Race Black/African American, White",2,
771 Polk,Court,Other ,1,
771 Polk,Court,Other ,7,Hispanic/Latinx/Spanish Origins
771 Polk,Court,White ,11,Hispanic/Latinx/Spanish Origins
771 Polk,Court,White ,190,
771 Polk,Juror,American Indian/Alaskan Native ,1,Hispanic/Latinx/Spanish Origins
771 Polk,Juror,American Indian/Alaskan Native ,1,
771 Polk,Juror,Asian ,20,
771 Polk,Juror,Black/African American ,38,
771 Polk,Juror,Black/African American ,1,Hispanic/Latinx/Spanish Origins
771 Polk,Juror,"Multi Race American Indian/Alaskan Native, Black/African American, White",1,
771 Polk,Juror,"Multi Race American Indian/Alaskan Native, Other, White",1,Hispanic/Latinx/Spanish Origins
771 Polk,Juror,"Multi Race American Indian/Alaskan Native, White",1,Hispanic/Latinx/Spanish Origins
771 Polk,Juror,Multi Race Black/African American,1,
771 Polk,Juror,"Multi Race Black/African American, Other, White",2,
771 Polk,Juror,"Multi Race Black/African American, White",1,
771 Polk,Juror,Multi Race Other,3,Hispanic/Latinx/Spanish Origins
771 Polk,Juror,Multi Race White,2,Hispanic/Latinx/Spanish Origins
771 Polk,Juror,Other ,21,Hispanic/Latinx/Spanish Origins
771 Polk,Juror,Other ,2,
771 Polk,Juror,Unknown ,1,Hispanic/Latinx/Spanish Origins
771 Polk,Juror,Unknown ,1,
771 Polk,Juror,White ,670,
771 Polk,Juror,White ,20,Hispanic/Latinx/Spanish Origins
771 Polk,No Result,American Indian/Alaskan Native ,2,Hispanic/Latinx/Spanish Origins
771 Polk,No Result,American Indian/Alaskan Native ,4,
771 Polk,No Result,Asian ,45,
771 Polk,No Result,Black/African American ,1,Hispanic/Latinx/Spanish Origins
771 Polk,No Result,Black/African American ,68,
771 Polk,No Result,"Multi Race American Indian/Alaskan Native, Black/African American",2,
771 Polk,No Result,"Multi Race American Indian/Alaskan Native, Black/African American, White",1,Hispanic/Latinx/Spanish Origins
771 Polk,No Result,"Multi Race American Indian/Alaskan Native, Other",1,
771 Polk,No Result,"Multi Race American Indian/Alaskan Native, Other, White",1,Hispanic/Latinx/Spanish Origins
771 Polk,No Result,"Multi Race Asian, White",9,
771 Polk,No Result,"Multi Race Black/African American, Other",1,
771 Polk,No Result,"Multi Race Black/African American, White",9,
771 Polk,No Result,Multi Race Other,1,
771 Polk,No Result,"Multi Race Other, White",3,Hispanic/Latinx/Spanish Origins
771 Polk,No Result,Multi Race White,4,Hispanic/Latinx/Spanish Origins
771 Polk,No Result,Native Hawaiian/Other Pacific Islander ,1,Hispanic/Latinx/Spanish Origins
771 Polk,No Result,Native Hawaiian/Other Pacific Islander ,2,
771 Polk,No Result,Other ,27,Hispanic/Latinx/Spanish Origins
771 Polk,No Result,Other ,3,
771 Polk,No Result,Unknown ,2,Hispanic/Latinx/Spanish Origins
771 Polk,No Result,Unknown ,5,
771 Polk,No Result,White ,52,Hispanic/Latinx/Spanish Origins
771 Polk,No Result,White ,1277,
771 Polk,Not Used,Asian ,12,
771 Polk,Not Used,Black/African American ,2,Hispanic/Latinx/Spanish Origins
771 Polk,Not Used,Black/African American ,15,
771 Polk,Not Used,"Multi Race American Indian/Alaskan Native, Black/African American, Native Hawaiian/Other Pacific Islander",1,
771 Polk,Not Used,"Multi Race American Indian/Alaskan Native, Other, White",1,Hispanic/Latinx/Spanish Origins
771 Polk,Not Used,"Multi Race American Indian/Alaskan Native, White",1,
771 Polk,Not Used,"Multi Race Asian, White",1,
771 Polk,Not Used,"Multi Race Black/African American, White",3,
771 Polk,Not Used,Other ,8,Hispanic/Latinx/Spanish Origins
771 Polk,Not Used,Unknown ,1,
771 Polk,Not Used,White ,16,Hispanic/Latinx/Spanish Origins
771 Polk,Not Used,White ,379,
771 Polk,Peremptory Strike (Defendant/Respondent),Asian ,1,Hispanic/Latinx/Spanish Origins
771 Polk,Peremptory Strike (Defendant/Respondent),Asian ,8,
771 Polk,Peremptory Strike (Defendant/Respondent),Black/African American ,9,
771 Polk,Peremptory Strike (Defendant/Respondent),Black/African American ,1,Hispanic/Latinx/Spanish Origins
771 Polk,Peremptory Strike (Defendant/Respondent),"Multi Race Black/African American, Native Hawaiian/Other Pacific Islander, White",1,
771 Polk,Peremptory Strike (Defendant/Respondent),"Multi Race Black/African American, White",1,
771 Polk,Peremptory Strike (Defendant/Respondent),"Multi Race Native Hawaiian/Other Pacific Islander, White",1,
771 Polk,Peremptory Strike (Defendant/Respondent),Native Hawaiian/Other Pacific Islander ,1,
771 Polk,Peremptory Strike (Defendant/Respondent),Other ,2,
771 Polk,Peremptory Strike (Defendant/Respondent),Other ,6,Hispanic/Latinx/Spanish Origins
771 Polk,Peremptory Strike (Defendant/Respondent),Unknown ,1,
771 Polk,Peremptory Strike (Defendant/Respondent),White ,8,Hispanic/Latinx/Spanish Origins
771 Polk,Peremptory Strike (Defendant/Respondent),White ,396,
771 Polk,Peremptory Strike (Plaintiff/Petitioner),American Indian/Alaskan Native ,1,
771 Polk,Peremptory Strike (Plaintiff/Petitioner),Asian ,18,
771 Polk,Peremptory Strike (Plaintiff/Petitioner),Black/African American ,1,Hispanic/Latinx/Spanish Origins
771 Polk,Peremptory Strike (Plaintiff/Petitioner),Black/African American ,25,
771 Polk,Peremptory Strike (Plaintiff/Petitioner),"Multi Race American Indian/Alaskan Native, Black/African American, White",1,
771 Polk,Peremptory Strike (Plaintiff/Petitioner),"Multi Race American Indian/Alaskan Native, Black/African American, White",1,Hispanic/Latinx/Spanish Origins
771 Polk,Peremptory Strike (Plaintiff/Petitioner),"Multi Race American Indian/Alaskan Native, Other, White",2,Hispanic/Latinx/Spanish Origins
771 Polk,Peremptory Strike (Plaintiff/Petitioner),"Multi Race American Indian/Alaskan Native, White",1,Hispanic/Latinx/Spanish Origins
771 Polk,Peremptory Strike (Plaintiff/Petitioner),"Multi Race American Indian/Alaskan Native, White",2,
771 Polk,Peremptory Strike (Plaintiff/Petitioner),Multi Race Asian,1,Hispanic/Latinx/Spanish Origins
771 Polk,Peremptory Strike (Plaintiff/Petitioner),"Multi Race Asian, White",3,
771 Polk,Peremptory Strike (Plaintiff/Petitioner),"Multi Race Black/African American, Other",1,Hispanic/Latinx/Spanish Origins
771 Polk,Peremptory Strike (Plaintiff/Petitioner),"Multi Race Black/African American, White",2,
771 Polk,Peremptory Strike (Plaintiff/Petitioner),"Multi Race Other, White",2,Hispanic/Latinx/Spanish Origins
771 Polk,Peremptory Strike (Plaintiff/Petitioner),Multi Race White,2,Hispanic/Latinx/Spanish Origins
771 Polk,Peremptory Strike (Plaintiff/Petitioner),Other ,4,Hispanic/Latinx/Spanish Origins
771 Polk,Peremptory Strike (Plaintiff/Petitioner),Other ,4,
771 Polk,Peremptory Strike (Plaintiff/Petitioner),White ,19,Hispanic/Latinx/Spanish Origins
771 Polk,Peremptory Strike (Plaintiff/Petitioner),White ,340,
781 Pottawattamie,Challenged For Cause (Defendant/Respondent),Other ,1,Hispanic/Latinx/Spanish Origins
781 Pottawattamie,Challenged For Cause (Defendant/Respondent),White ,1,
781 Pottawattamie,Challenged For Cause (Plaintiff/Petitioner),White ,4,
781 Pottawattamie,Court,White ,3,
781 Pottawattamie,Juror,White ,25,
781 Pottawattamie,Juror,White ,1,Hispanic/Latinx/Spanish Origins
781 Pottawattamie,No Result,Multi Race White,1,Hispanic/Latinx/Spanish Origins
781 Pottawattamie,No Result,White ,37,
781 Pottawattamie,No Result,White ,2,Hispanic/Latinx/Spanish Origins
781 Pottawattamie,Not Used,Asian ,2,
781 Pottawattamie,Not Used,Black/African American ,1,
781 Pottawattamie,Not Used,Multi Race White,1,Hispanic/Latinx/Spanish Origins
781 Pottawattamie,Not Used,Other ,3,Hispanic/Latinx/Spanish Origins
781 Pottawattamie,Not Used,White ,4,Hispanic/Latinx/Spanish Origins
781 Pottawattamie,Not Used,White ,83,
781 Pottawattamie,Peremptory Strike (Defendant/Respondent),"Multi Race Asian, Black/African American, White",1,
781 Pottawattamie,Peremptory Strike (Defendant/Respondent),White ,11,
781 Pottawattamie,Peremptory Strike (Plaintiff/Petitioner),White ,12,
791 Poweshiek,Challenged For Cause (Defendant/Respondent),White ,1,
791 Poweshiek,Challenged For Cause (Plaintiff/Petitioner),White ,1,
791 Poweshiek,Juror,White ,6,
791 Poweshiek,No Result,"Multi Race Asian, White",1,
791 Poweshiek,No Result,White ,49,
791 Poweshiek,Not Used,White ,7,
791 Poweshiek,Peremptory Strike (Defendant/Respondent),White ,4,
791 Poweshiek,Peremptory Strike (Plaintiff/Petitioner),White ,4,
821 Scott,Alternate,Black/African American ,1,
821 Scott,Alternate,White ,1,
821 Scott,Challenged For Cause (Defendant/Respondent),Asian ,2,
821 Scott,Challenged For Cause (Defendant/Respondent),Black/African American ,4,
821 Scott,Challenged For Cause (Defendant/Respondent),"Multi Race Asian, White",1,
821 Scott,Challenged For Cause (Defendant/Respondent),"Multi Race Black/African American, White",1,
821 Scott,Challenged For Cause (Defendant/Respondent),"Multi Race Other, White",1,Hispanic/Latinx/Spanish Origins
821 Scott,Challenged For Cause (Defendant/Respondent),"Multi Race Other, White",1,
821 Scott,Challenged For Cause (Defendant/Respondent),Other ,1,Hispanic/Latinx/Spanish Origins
821 Scott,Challenged For Cause (Defendant/Respondent),White ,6,Hispanic/Latinx/Spanish Origins
821 Scott,Challenged For Cause (Defendant/Respondent),White ,78,
821 Scott,Challenged For Cause (Plaintiff/Petitioner),Asian ,4,
821 Scott,Challenged For Cause (Plaintiff/Petitioner),Black/African American ,4,
821 Scott,Challenged For Cause (Plaintiff/Petitioner),"Multi Race Black/African American, White",1,
821 Scott,Challenged For Cause (Plaintiff/Petitioner),"Multi Race Native Hawaiian/Other Pacific Islander, White",1,
821 Scott,Challenged For Cause (Plaintiff/Petitioner),"Multi Race Other, White",1,Hispanic/Latinx/Spanish Origins
821 Scott,Challenged For Cause (Plaintiff/Petitioner),Other ,1,Hispanic/Latinx/Spanish Origins
821 Scott,Challenged For Cause (Plaintiff/Petitioner),White ,96,
821 Scott,Challenged For Cause (Plaintiff/Petitioner),White ,6,Hispanic/Latinx/Spanish Origins
821 Scott,Court,American Indian/Alaskan Native ,1,
821 Scott,Court,Asian ,6,
821 Scott,Court,Black/African American ,18,
821 Scott,Court,"Multi Race American Indian/Alaskan Native, Other, White",1,Hispanic/Latinx/Spanish Origins
821 Scott,Court,"Multi Race Black/African American, Other, White",1,
821 Scott,Court,"Multi Race Black/African American, White",2,
821 Scott,Court,NOT PROVIDED ,4,
821 Scott,Court,Native Hawaiian/Other Pacific Islander ,1,
821 Scott,Court,Other ,2,
821 Scott,Court,Other ,3,Hispanic/Latinx/Spanish Origins
821 Scott,Court,Unknown ,1,
821 Scott,Court,White ,181,
821 Scott,Court,White ,5,Hispanic/Latinx/Spanish Origins
821 Scott,Juror,American Indian/Alaskan Native ,1,
821 Scott,Juror,Asian ,12,
821 Scott,Juror,Asian ,2,Hispanic/Latinx/Spanish Origins
821 Scott,Juror,Black/African American ,1,Hispanic/Latinx/Spanish Origins
821 Scott,Juror,Black/African American ,42,
821 Scott,Juror,"Multi Race American Indian/Alaskan Native, Asian, Other, Unknown, White",1,
821 Scott,Juror,"Multi Race American Indian/Alaskan Native, Black/African American, White",1,
821 Scott,Juror,"Multi Race Asian, Native Hawaiian/Other Pacific Islander",1,Hispanic/Latinx/Spanish Origins
821 Scott,Juror,"Multi Race Asian, Other, White",1,Hispanic/Latinx/Spanish Origins
821 Scott,Juror,"Multi Race Asian, White",2,
821 Scott,Juror,Multi Race Black/African American,1,Hispanic/Latinx/Spanish Origins
821 Scott,Juror,"Multi Race Black/African American, Other",1,Hispanic/Latinx/Spanish Origins
821 Scott,Juror,"Multi Race Black/African American, Other, White",2,Hispanic/Latinx/Spanish Origins
821 Scott,Juror,"Multi Race Black/African American, White",9,
821 Scott,Juror,"Multi Race Black/African American, White",1,Hispanic/Latinx/Spanish Origins
821 Scott,Juror,Multi Race Other,1,Hispanic/Latinx/Spanish Origins
821 Scott,Juror,"Multi Race Other, White",3,Hispanic/Latinx/Spanish Origins
821 Scott,Juror,Multi Race White,1,
821 Scott,Juror,Multi Race White,2,Hispanic/Latinx/Spanish Origins
821 Scott,Juror,NOT PROVIDED ,1,
821 Scott,Juror,Native Hawaiian/Other Pacific Islander ,1,Hispanic/Latinx/Spanish Origins
821 Scott,Juror,Other ,10,Hispanic/Latinx/Spanish Origins
821 Scott,Juror,Other ,3,
821 Scott,Juror,Unknown ,1,
821 Scott,Juror,Unknown ,1,Hispanic/Latinx/Spanish Origins
821 Scott,Juror,White ,642,
821 Scott,Juror,White ,26,Hispanic/Latinx/Spanish Origins
821 Scott,No Result,American Indian/Alaskan Native ,6,
821 Scott,No Result,American Indian/Alaskan Native ,2,Hispanic/Latinx/Spanish Origins
821 Scott,No Result,Asian ,48,
821 Scott,No Result,Asian ,1,Hispanic/Latinx/Spanish Origins
821 Scott,No Result,Black/African American ,126,
821 Scott,No Result,Black/African American ,4,Hispanic/Latinx/Spanish Origins
821 Scott,No Result,Hispanic/Latino/Spanish Origins ,1,Hispanic/Latinx/Spanish Origins
821 Scott,No Result,Hispanic/Latino/Spanish Origins ,2,
821 Scott,No Result,"Multi Race American Indian/Alaskan Native, Black/African American, White",1,
821 Scott,No Result,"Multi Race American Indian/Alaskan Native, Other, White",2,Hispanic/Latinx/Spanish Origins
821 Scott,No Result,"Multi Race American Indian/Alaskan Native, White",1,
821 Scott,No Result,"Multi Race Asian, Native Hawaiian/Other Pacific Islander, White",1,
821 Scott,No Result,"Multi Race Asian, Unknown, White",1,
821 Scott,No Result,"Multi Race Asian, White",8,
821 Scott,No Result,"Multi Race Black/African American, Other, White",1,
821 Scott,No Result,"Multi Race Black/African American, White",15,
821 Scott,No Result,"Multi Race Native Hawaiian/Other Pacific Islander, White",1,
821 Scott,No Result,Multi Race Other,3,Hispanic/Latinx/Spanish Origins
821 Scott,No Result,Multi Race Other,1,
821 Scott,No Result,"Multi Race Other, White",8,Hispanic/Latinx/Spanish Origins
821 Scott,No Result,Multi Race White,6,Hispanic/Latinx/Spanish Origins
821 Scott,No Result,NOT PROVIDED ,6,
821 Scott,No Result,Native Hawaiian/Other Pacific Islander ,1,
821 Scott,No Result,Other ,30,Hispanic/Latinx/Spanish Origins
821 Scott,No Result,Other ,13,
821 Scott,No Result,Unknown ,2,Hispanic/Latinx/Spanish Origins
821 Scott,No Result,Unknown ,3,
821 Scott,No Result,White ,85,Hispanic/Latinx/Spanish Origins
821 Scott,No Result,White ,2133,
821 Scott,Not Used,American Indian/Alaskan Native ,1,Hispanic/Latinx/Spanish Origins
821 Scott,Not Used,American Indian/Alaskan Native ,4,
821 Scott,Not Used,Asian ,16,
821 Scott,Not Used,Black/African American ,64,
821 Scott,Not Used,Black/African American ,1,Hispanic/Latinx/Spanish Origins
821 Scott,Not Used,Hispanic/Latino/Spanish Origins ,1,Hispanic/Latinx/Spanish Origins
821 Scott,Not Used,Multi Race ,1,Hispanic/Latinx/Spanish Origins
821 Scott,Not Used,"Multi Race American Indian/Alaskan Native, Black/African American, White",2,
821 Scott,Not Used,"Multi Race American Indian/Alaskan Native, Other, White",1,Hispanic/Latinx/Spanish Origins
821 Scott,Not Used,"Multi Race American Indian/Alaskan Native, White",1,Hispanic/Latinx/Spanish Origins
821 Scott,Not Used,"Multi Race American Indian/Alaskan Native, White",3,
821 Scott,Not Used,"Multi Race Asian, White",2,
821 Scott,Not Used,"Multi Race Black/African American, Other, White",1,Hispanic/Latinx/Spanish Origins
821 Scott,Not Used,"Multi Race Black/African American, White",10,
821 Scott,Not Used,"Multi Race Black/African American, White",1,Hispanic/Latinx/Spanish Origins
821 Scott,Not Used,Multi Race Other,1,
821 Scott,Not Used,"Multi Race Other, White",1,
821 Scott,Not Used,"Multi Race Other, White",3,Hispanic/Latinx/Spanish Origins
821 Scott,Not Used,Multi Race White,5,Hispanic/Latinx/Spanish Origins
821 Scott,Not Used,Multi Race White,1,
821 Scott,Not Used,NOT PROVIDED ,6,
821 Scott,Not Used,Native Hawaiian/Other Pacific Islander ,2,
821 Scott,Not Used,Other ,5,
821 Scott,Not Used,Other ,16,Hispanic/Latinx/Spanish Origins
821 Scott,Not Used,Unknown ,1,Hispanic/Latinx/Spanish Origins
821 Scott,Not Used,Unknown ,5,
821 Scott,Not Used,White ,49,Hispanic/Latinx/Spanish Origins
821 Scott,Not Used,White ,1226,
821 Scott,Peremptory Strike (Defendant/Respondent),American Indian/Alaskan Native ,2,
821 Scott,Peremptory Strike (Defendant/Respondent),Asian ,4,
821 Scott,Peremptory Strike (Defendant/Respondent),Black/African American ,12,
821 Scott,Peremptory Strike (Defendant/Respondent),"Multi Race Asian, White",1,
821 Scott,Peremptory Strike (Defendant/Respondent),"Multi Race Native Hawaiian/Other Pacific Islander, White",1,
821 Scott,Peremptory Strike (Defendant/Respondent),"Multi Race Other, White",3,Hispanic/Latinx/Spanish Origins
821 Scott,Peremptory Strike (Defendant/Respondent),Native Hawaiian/Other Pacific Islander ,1,Hispanic/Latinx/Spanish Origins
821 Scott,Peremptory Strike (Defendant/Respondent),Other ,7,Hispanic/Latinx/Spanish Origins
821 Scott,Peremptory Strike (Defendant/Respondent),Other ,1,
821 Scott,Peremptory Strike (Defendant/Respondent),White ,354,
821 Scott,Peremptory Strike (Defendant/Respondent),White ,13,Hispanic/Latinx/Spanish Origins
821 Scott,Peremptory Strike (Plaintiff/Petitioner),Asian ,4,
821 Scott,Peremptory Strike (Plaintiff/Petitioner),Black/African American ,28,
821 Scott,Peremptory Strike (Plaintiff/Petitioner),"Multi Race American Indian/Alaskan Native, Black/African American, White",1,
821 Scott,Peremptory Strike (Plaintiff/Petitioner),Multi Race Black/African American,1,Hispanic/Latinx/Spanish Origins
821 Scott,Peremptory Strike (Plaintiff/Petitioner),"Multi Race Other, White",1,Hispanic/Latinx/Spanish Origins
821 Scott,Peremptory Strike (Plaintiff/Petitioner),NOT PROVIDED ,2,
821 Scott,Peremptory Strike (Plaintiff/Petitioner),Native Hawaiian/Other Pacific Islander ,1,
821 Scott,Peremptory Strike (Plaintiff/Petitioner),Other ,5,Hispanic/Latinx/Spanish Origins
821 Scott,Peremptory Strike (Plaintiff/Petitioner),Other ,2,
821 Scott,Peremptory Strike (Plaintiff/Petitioner),Unknown ,1,
821 Scott,Peremptory Strike (Plaintiff/Petitioner),White ,325,
821 Scott,Peremptory Strike (Plaintiff/Petitioner),White ,16,Hispanic/Latinx/Spanish Origins
841 Sioux,Alternate,White ,3,
841 Sioux,Juror,White ,24,
841 Sioux,Not Used,Asian ,2,
841 Sioux,Not Used,Multi Race Other,1,Hispanic/Latinx/Spanish Origins
841 Sioux,Not Used,Native Hawaiian/Other Pacific Islander ,1,
841 Sioux,Not Used,Other ,1,Hispanic/Latinx/Spanish Origins
841 Sioux,Not Used,White ,123,
841 Sioux,Not Used,White ,3,Hispanic/Latinx/Spanish Origins
841 Sioux,Peremptory Strike (Defendant/Respondent),White ,12,
841 Sioux,Peremptory Strike (Plaintiff/Petitioner),Other ,1,Hispanic/Latinx/Spanish Origins
841 Sioux,Peremptory Strike (Plaintiff/Petitioner),White ,11,
851 Story,Alternate,Asian ,1,
851 Story,Alternate,Other ,1,Hispanic/Latinx/Spanish Origins
851 Story,Alternate,White ,9,
851 Story,Court,Asian ,3,
851 Story,Court,Black/African American ,1,
851 Story,Court,"Multi Race Asian, White",1,
851 Story,Court,Other ,1,Hispanic/Latinx/Spanish Origins
851 Story,Court,White ,51,
851 Story,Juror,American Indian/Alaskan Native ,1,
851 Story,Juror,Asian ,2,
851 Story,Juror,Black/African American ,3,
851 Story,Juror,"Multi Race American Indian/Alaskan Native, White",1,
851 Story,Juror,"Multi Race Black/African American, White",1,
851 Story,Juror,Other ,1,
851 Story,Juror,White ,1,Hispanic/Latinx/Spanish Origins
851 Story,Juror,White ,158,
851 Story,No Result,Asian ,3,
851 Story,No Result,Black/African American ,1,
851 Story,No Result,Unknown ,1,Hispanic/Latinx/Spanish Origins
851 Story,No Result,White ,57,
851 Story,Not Used,Asian ,10,
851 Story,Not Used,Black/African American ,2,
851 Story,Not Used,Hispanic/Latino/Spanish Origins ,1,
851 Story,Not Used,"Multi Race Asian, White",1,
851 Story,Not Used,"Multi Race Black/African American, White",2,
851 Story,Not Used,Unknown ,1,
851 Story,Not Used,White ,2,Hispanic/Latinx/Spanish Origins
851 Story,Not Used,White ,249,
851 Story,Peremptory Strike (Defendant/Respondent),Asian ,1,
851 Story,Peremptory Strike (Defendant/Respondent),Unknown ,1,
851 Story,Peremptory Strike (Defendant/Respondent),White ,1,Hispanic/Latinx/Spanish Origins
851 Story,Peremptory Strike (Defendant/Respondent),White ,73,
851 Story,Peremptory Strike (Plaintiff/Petitioner),Asian ,3,
851 Story,Peremptory Strike (Plaintiff/Petitioner),Black/African American ,2,
851 Story,Peremptory Strike (Plaintiff/Petitioner),"Multi Race American Indian/Alaskan Native, Black/African American, White",1,
851 Story,Peremptory Strike (Plaintiff/Petitioner),"Multi Race American Indian/Alaskan Native, Black/African American, White",1,Hispanic/Latinx/Spanish Origins
851 Story,Peremptory Strike (Plaintiff/Petitioner),"Multi Race American Indian/Alaskan Native, White",1,
851 Story,Peremptory Strike (Plaintiff/Petitioner),"Multi Race Asian, White",1,
851 Story,Peremptory Strike (Plaintiff/Petitioner),"Multi Race Black/African American, White",1,
851 Story,Peremptory Strike (Plaintiff/Petitioner),Native Hawaiian/Other Pacific Islander ,1,
851 Story,Peremptory Strike (Plaintiff/Petitioner),Other ,1,Hispanic/Latinx/Spanish Origins
851 Story,Peremptory Strike (Plaintiff/Petitioner),Unknown ,1,
851 Story,Peremptory Strike (Plaintiff/Petitioner),White ,3,Hispanic/Latinx/Spanish Origins
851 Story,Peremptory Strike (Plaintiff/Petitioner),White ,60,
861 Tama,Challenged For Cause (Defendant/Respondent),White ,1,
861 Tama,Challenged For Cause (Plaintiff/Petitioner),White ,1,
861 Tama,Court,American Indian/Alaskan Native ,1,Hispanic/Latinx/Spanish Origins
861 Tama,Court,Multi Race White,1,Hispanic/Latinx/Spanish Origins
861 Tama,Court,Native Hawaiian/Other Pacific Islander ,1,
861 Tama,Court,White ,9,
861 Tama,Juror,American Indian/Alaskan Native ,1,
861 Tama,Juror,Other ,2,
861 Tama,Juror,White ,49,
861 Tama,Juror,White ,1,Hispanic/Latinx/Spanish Origins
861 Tama,No Result,American Indian/Alaskan Native ,9,
861 Tama,No Result,"Multi Race American Indian/Alaskan Native, Black/African American",1,
861 Tama,No Result,Other ,3,Hispanic/Latinx/Spanish Origins
861 Tama,No Result,White ,136,
861 Tama,No Result,White ,1,Hispanic/Latinx/Spanish Origins
861 Tama,Not Used,American Indian/Alaskan Native ,1,
861 Tama,Not Used,Multi Race White,1,
861 Tama,Not Used,Native Hawaiian/Other Pacific Islander ,1,
861 Tama,Not Used,Other ,1,
861 Tama,Not Used,White ,29,
861 Tama,Not Used,White ,1,Hispanic/Latinx/Spanish Origins
861 Tama,Peremptory Strike (Defendant/Respondent),American Indian/Alaskan Native ,1,
861 Tama,Peremptory Strike (Defendant/Respondent),White ,22,
861 Tama,Peremptory Strike (Plaintiff/Petitioner),American Indian/Alaskan Native ,2,
861 Tama,Peremptory Strike (Plaintiff/Petitioner),American Indian/Alaskan Native ,1,Hispanic/Latinx/Spanish Origins
861 Tama,Peremptory Strike (Plaintiff/Petitioner),Black/African American ,1,
861 Tama,Peremptory Strike (Plaintiff/Petitioner),"Multi Race Other, White",1,Hispanic/Latinx/Spanish Origins
861 Tama,Peremptory Strike (Plaintiff/Petitioner),Other ,1,Hispanic/Latinx/Spanish Origins
861 Tama,Peremptory Strike (Plaintiff/Petitioner),White ,17,
871 Taylor,Juror,White ,13,
871 Taylor,Not Used,"Multi Race Black/African American, White",1,
871 Taylor,Not Used,"Multi Race Other, White",1,Hispanic/Latinx/Spanish Origins
871 Taylor,Not Used,Native Hawaiian/Other Pacific Islander ,1,
871 Taylor,Not Used,Unknown ,1,
871 Taylor,Not Used,White ,30,
871 Taylor,Peremptory Strike (Defendant/Respondent),White ,11,
871 Taylor,Peremptory Strike (Plaintiff/Petitioner),White ,11,
881 Union,Challenged For Cause (Defendant/Respondent),Asian ,1,
881 Union,Challenged For Cause (Defendant/Respondent),White ,4,
881 Union,Challenged For Cause (Plaintiff/Petitioner),White ,6,
881 Union,Juror,"Multi Race Other, White",1,Hispanic/Latinx/Spanish Origins
881 Union,Juror,NOT PROVIDED ,1,
881 Union,Juror,White ,1,Hispanic/Latinx/Spanish Origins
881 Union,Juror,White ,49,
881 Union,No Result,American Indian/Alaskan Native ,1,
881 Union,No Result,American Indian/Alaskan Native ,1,Hispanic/Latinx/Spanish Origins
881 Union,No Result,Asian ,1,
881 Union,No Result,"Multi Race Other, Unknown, White",1,Hispanic/Latinx/Spanish Origins
881 Union,No Result,"Multi Race Other, White",1,
881 Union,No Result,NOT PROVIDED ,2,
881 Union,No Result,White ,110,
881 Union,Not Used,White ,30,
881 Union,Peremptory Strike (Defendant/Respondent),White ,22,
881 Union,Peremptory Strike (Plaintiff/Petitioner),Asian ,1,
881 Union,Peremptory Strike (Plaintiff/Petitioner),Black/African American ,1,
881 Union,Peremptory Strike (Plaintiff/Petitioner),White ,1,Hispanic/Latinx/Spanish Origins
881 Union,Peremptory Strike (Plaintiff/Petitioner),White ,19,
891 Van Buren,Alternate,White ,1,
891 Van Buren,Court,White ,4,
891 Van Buren,Juror,White ,12,
891 Van Buren,Not Used,White ,2,
891 Van Buren,Peremptory Strike (Defendant/Respondent),White ,5,
891 Van Buren,Peremptory Strike (Plaintiff/Petitioner),White ,5,
901 Wapello,Alternate,American Indian/Alaskan Native ,1,
901 Wapello,Alternate,Native Hawaiian/Other Pacific Islander ,1,
901 Wapello,Alternate,Other ,1,Hispanic/Latinx/Spanish Origins
901 Wapello,Alternate,White ,15,
901 Wapello,Challenged For Cause (Defendant/Respondent),Other ,1,Hispanic/Latinx/Spanish Origins
901 Wapello,Challenged For Cause (Defendant/Respondent),White ,7,
901 Wapello,Challenged For Cause (Plaintiff/Petitioner),American Indian/Alaskan Native ,1,
901 Wapello,Challenged For Cause (Plaintiff/Petitioner),Black/African American ,1,
901 Wapello,Challenged For Cause (Plaintiff/Petitioner),Multi Race ,1,Hispanic/Latinx/Spanish Origins
901 Wapello,Challenged For Cause (Plaintiff/Petitioner),White ,3,Hispanic/Latinx/Spanish Origins
901 Wapello,Challenged For Cause (Plaintiff/Petitioner),White ,31,
901 Wapello,Court,American Indian/Alaskan Native ,1,
901 Wapello,Court,White ,12,
901 Wapello,Juror,American Indian/Alaskan Native ,1,
901 Wapello,Juror,"Multi Race Asian, Black/African American",1,
901 Wapello,Juror,Native Hawaiian/Other Pacific Islander ,1,
901 Wapello,Juror,Other ,1,Hispanic/Latinx/Spanish Origins
901 Wapello,Juror,Other ,1,
901 Wapello,Juror,White ,108,
901 Wapello,Juror,White ,1,Hispanic/Latinx/Spanish Origins
901 Wapello,No Result,Asian ,1,
901 Wapello,No Result,Black/African American ,1,
901 Wapello,No Result,"Multi Race Asian, White",1,
901 Wapello,No Result,"Multi Race Other, White",1,Hispanic/Latinx/Spanish Origins
901 Wapello,No Result,Other ,2,Hispanic/Latinx/Spanish Origins
901 Wapello,No Result,Unknown ,1,
901 Wapello,No Result,White ,62,
901 Wapello,Not Used,American Indian/Alaskan Native ,1,
901 Wapello,Not Used,American Indian/Alaskan Native ,1,Hispanic/Latinx/Spanish Origins
901 Wapello,Not Used,Black/African American ,2,
901 Wapello,Not Used,"Multi Race Other, White",1,
901 Wapello,Not Used,Multi Race White,2,Hispanic/Latinx/Spanish Origins
901 Wapello,Not Used,Native Hawaiian/Other Pacific Islander ,2,
901 Wapello,Not Used,Other ,1,
901 Wapello,Not Used,Other ,8,Hispanic/Latinx/Spanish Origins
901 Wapello,Not Used,Unknown ,1,Hispanic/Latinx/Spanish Origins
901 Wapello,Not Used,White ,276,
901 Wapello,Not Used,White ,4,Hispanic/Latinx/Spanish Origins
901 Wapello,Peremptory Strike (Defendant/Respondent),Asian ,1,
901 Wapello,Peremptory Strike (Defendant/Respondent),Native Hawaiian/Other Pacific Islander ,1,
901 Wapello,Peremptory Strike (Defendant/Respondent),Other ,1,Hispanic/Latinx/Spanish Origins
901 Wapello,Peremptory Strike (Defendant/Respondent),Unknown ,1,
901 Wapello,Peremptory Strike (Defendant/Respondent),White ,53,
901 Wapello,Peremptory Strike (Defendant/Respondent),White ,1,Hispanic/Latinx/Spanish Origins
901 Wapello,Peremptory Strike (Plaintiff/Petitioner),"Multi Race Asian, Black/African American, White",1,
901 Wapello,Peremptory Strike (Plaintiff/Petitioner),Multi Race Other,1,Hispanic/Latinx/Spanish Origins
901 Wapello,Peremptory Strike (Plaintiff/Petitioner),Other ,1,Hispanic/Latinx/Spanish Origins
901 Wapello,Peremptory Strike (Plaintiff/Petitioner),White ,55,
911 Warren,Juror,Asian ,2,
911 Warren,Juror,"Multi Race American Indian/Alaskan Native, White",1,
911 Warren,Juror,Native Hawaiian/Other Pacific Islander ,1,
911 Warren,Juror,Other ,2,Hispanic/Latinx/Spanish Origins
911 Warren,Juror,White ,154,
911 Warren,Juror,White ,1,Hispanic/Latinx/Spanish Origins
911 Warren,No Result,Asian ,1,
911 Warren,No Result,"Multi Race American Indian/Alaskan Native, White",1,
911 Warren,No Result,NOT PROVIDED ,1,
911 Warren,No Result,Other ,1,
911 Warren,No Result,White ,76,
911 Warren,No Result,White ,3,Hispanic/Latinx/Spanish Origins
911 Warren,Not Used,Asian ,2,
911 Warren,Not Used,Black/African American ,1,
911 Warren,Not Used,"Multi Race American Indian/Alaskan Native, White",1,
911 Warren,Not Used,Multi Race Black/African American,1,Hispanic/Latinx/Spanish Origins
911 Warren,Not Used,"Multi Race Black/African American, White",1,
911 Warren,Not Used,Multi Race Other,1,
911 Warren,Not Used,Multi Race Other,1,Hispanic/Latinx/Spanish Origins
911 Warren,Not Used,Multi Race White,2,Hispanic/Latinx/Spanish Origins
911 Warren,Not Used,Other ,4,Hispanic/Latinx/Spanish Origins
911 Warren,Not Used,Other ,1,
911 Warren,Not Used,Unknown ,1,
911 Warren,Not Used,White ,306,
911 Warren,Not Used,White ,9,Hispanic/Latinx/Spanish Origins
921 Washington,Alternate,White ,4,
921 Washington,Challenged For Cause (Defendant/Respondent),American Indian/Alaskan Native ,1,
921 Washington,Challenged For Cause (Defendant/Respondent),White ,1,
921 Washington,Challenged For Cause (Plaintiff/Petitioner),White ,13,
921 Washington,Juror,Black/African American ,1,
921 Washington,Juror,White ,41,
921 Washington,No Result,NOT PROVIDED ,1,
921 Washington,No Result,Other ,1,Hispanic/Latinx/Spanish Origins
921 Washington,No Result,White ,66,
921 Washington,Not Used,NOT PROVIDED ,1,
921 Washington,Not Used,Unknown ,1,Hispanic/Latinx/Spanish Origins
921 Washington,Not Used,White ,1,Hispanic/Latinx/Spanish Origins
921 Washington,Not Used,White ,68,
921 Washington,Peremptory Strike (Defendant/Respondent),White ,23,
921 Washington,Peremptory Strike (Plaintiff/Petitioner),"Multi Race American Indian/Alaskan Native, White",1,Hispanic/Latinx/Spanish Origins
921 Washington,Peremptory Strike (Plaintiff/Petitioner),White ,22,
931 Wayne,Court,White ,18,
931 Wayne,Juror,White ,13,
931 Wayne,No Result,Black/African American ,1,
931 Wayne,No Result,White ,60,
931 Wayne,Not Used,White ,5,
931 Wayne,Peremptory Strike (Defendant/Respondent),White ,7,
931 Wayne,Peremptory Strike (Plaintiff/Petitioner),American Indian/Alaskan Native ,1,
931 Wayne,Peremptory Strike (Plaintiff/Petitioner),White ,6,
941 Webster,Alternate,White ,5,
941 Webster,Challenged For Cause (Defendant/Respondent),White ,1,
941 Webster,Challenged For Cause (Plaintiff/Petitioner),Black/African American ,6,
941 Webster,Challenged For Cause (Plaintiff/Petitioner),"Multi Race Black/African American, White",1,
941 Webster,Challenged For Cause (Plaintiff/Petitioner),"Multi Race Other, White",1,Hispanic/Latinx/Spanish Origins
941 Webster,Challenged For Cause (Plaintiff/Petitioner),Other ,1,
941 Webster,Challenged For Cause (Plaintiff/Petitioner),White ,57,
941 Webster,Juror,Asian ,1,
941 Webster,Juror,"Multi Race Black/African American, White",1,
941 Webster,Juror,Other ,1,
941 Webster,Juror,White ,70,
941 Webster,Not Used,American Indian/Alaskan Native ,1,Hispanic/Latinx/Spanish Origins
941 Webster,Not Used,American Indian/Alaskan Native ,1,
941 Webster,Not Used,Asian ,1,
941 Webster,Not Used,Black/African American ,12,
941 Webster,Not Used,"Multi Race Black/African American, White",4,
941 Webster,Not Used,Multi Race Other,1,Hispanic/Latinx/Spanish Origins
941 Webster,Not Used,Multi Race White,1,Hispanic/Latinx/Spanish Origins
941 Webster,Not Used,Native Hawaiian/Other Pacific Islander ,1,
941 Webster,Not Used,Other ,2,
941 Webster,Not Used,Other ,6,Hispanic/Latinx/Spanish Origins
941 Webster,Not Used,Unknown ,1,Hispanic/Latinx/Spanish Origins
941 Webster,Not Used,White ,11,Hispanic/Latinx/Spanish Origins
941 Webster,Not Used,White ,451,
941 Webster,Peremptory Strike (Defendant/Respondent),Other ,1,Hispanic/Latinx/Spanish Origins
941 Webster,Peremptory Strike (Defendant/Respondent),White ,1,Hispanic/Latinx/Spanish Origins
941 Webster,Peremptory Strike (Defendant/Respondent),White ,43,
941 Webster,Peremptory Strike (Plaintiff/Petitioner),American Indian/Alaskan Native ,1,Hispanic/Latinx/Spanish Origins
941 Webster,Peremptory Strike (Plaintiff/Petitioner),Black/African American ,1,
941 Webster,Peremptory Strike (Plaintiff/Petitioner),White ,2,Hispanic/Latinx/Spanish Origins
941 Webster,Peremptory Strike (Plaintiff/Petitioner),White ,41,
951 Winnebago,Alternate,White ,4,
951 Winnebago,Court,White ,21,
951 Winnebago,Juror,Black/African American ,1,
951 Winnebago,Juror,White ,1,Hispanic/Latinx/Spanish Origins
951 Winnebago,Juror,White ,58,
951 Winnebago,Not Used,Asian ,1,
951 Winnebago,Not Used,"Multi Race Asian, White",2,
951 Winnebago,Not Used,"Multi Race Black/African American, White",1,
951 Winnebago,Not Used,"Multi Race Other, White",1,Hispanic/Latinx/Spanish Origins
951 Winnebago,Not Used,Multi Race White,1,Hispanic/Latinx/Spanish Origins
951 Winnebago,Not Used,Other ,3,Hispanic/Latinx/Spanish Origins
951 Winnebago,Not Used,White ,5,Hispanic/Latinx/Spanish Origins
951 Winnebago,Not Used,White ,149,
951 Winnebago,Peremptory Strike (Defendant/Respondent),Other ,1,Hispanic/Latinx/Spanish Origins
951 Winnebago,Peremptory Strike (Defendant/Respondent),White ,30,
951 Winnebago,Peremptory Strike (Plaintiff/Petitioner),Asian ,2,
951 Winnebago,Peremptory Strike (Plaintiff/Petitioner),Multi Race Other,1,Hispanic/Latinx/Spanish Origins
951 Winnebago,Peremptory Strike (Plaintiff/Petitioner),White ,1,Hispanic/Latinx/Spanish Origins
951 Winnebago,Peremptory Strike (Plaintiff/Petitioner),White ,27,
961 Winneshiek,Court,NOT PROVIDED ,1,
961 Winneshiek,Court,White ,8,
961 Winneshiek,Juror,White ,14,
961 Winneshiek,No Result,White ,33,
961 Winneshiek,Not Used,Asian ,3,
961 Winneshiek,Not Used,White ,58,
961 Winneshiek,Peremptory Strike (Defendant/Respondent),Other ,1,Hispanic/Latinx/Spanish Origins
961 Winneshiek,Peremptory Strike (Defendant/Respondent),White ,12,
961 Winneshiek,Peremptory Strike (Plaintiff/Petitioner),White ,13,
971 Woodbury,Court,American Indian/Alaskan Native ,4,
971 Woodbury,Court,Asian ,11,
971 Woodbury,Court,Black/African American ,5,
971 Woodbury,Court,"Multi Race American Indian/Alaskan Native, Black/African American",1,
971 Woodbury,Court,"Multi Race American Indian/Alaskan Native, Other, White",1,Hispanic/Latinx/Spanish Origins
971 Woodbury,Court,Multi Race Asian,1,
971 Woodbury,Court,"Multi Race Asian, White",3,
971 Woodbury,Court,"Multi Race Black/African American, White",1,
971 Woodbury,Court,Multi Race Other,1,Hispanic/Latinx/Spanish Origins
971 Woodbury,Court,Multi Race White,1,Hispanic/Latinx/Spanish Origins
971 Woodbury,Court,NOT PROVIDED ,1,
971 Woodbury,Court,Native Hawaiian/Other Pacific Islander ,1,
971 Woodbury,Court,Other ,13,Hispanic/Latinx/Spanish Origins
971 Woodbury,Court,Unknown ,1,
971 Woodbury,Court,White ,16,Hispanic/Latinx/Spanish Origins
971 Woodbury,Court,White ,122,
971 Woodbury,Juror,American Indian/Alaskan Native ,2,
971 Woodbury,Juror,American Indian/Alaskan Native ,1,Hispanic/Latinx/Spanish Origins
971 Woodbury,Juror,Asian ,3,
971 Woodbury,Juror,Black/African American ,5,
971 Woodbury,Juror,Hispanic/Latino/Spanish Origins ,1,
971 Woodbury,Juror,Multi Race ,1,
971 Woodbury,Juror,"Multi Race Asian, White",3,
971 Woodbury,Juror,"Multi Race Black/African American, White",2,
971 Woodbury,Juror,Multi Race Other,1,Hispanic/Latinx/Spanish Origins
971 Woodbury,Juror,"Multi Race Other, White",1,
971 Woodbury,Juror,Multi Race White,1,Hispanic/Latinx/Spanish Origins
971 Woodbury,Juror,Native Hawaiian/Other Pacific Islander ,1,
971 Woodbury,Juror,Other ,6,Hispanic/Latinx/Spanish Origins
971 Woodbury,Juror,Other ,5,
971 Woodbury,Juror,Unknown ,1,Hispanic/Latinx/Spanish Origins
971 Woodbury,Juror,White ,238,
971 Woodbury,Juror,White ,24,Hispanic/Latinx/Spanish Origins
971 Woodbury,No Result,American Indian/Alaskan Native ,4,
971 Woodbury,No Result,Asian ,7,
971 Woodbury,No Result,Black/African American ,1,Hispanic/Latinx/Spanish Origins
971 Woodbury,No Result,Black/African American ,8,
971 Woodbury,No Result,Multi Race ,1,
971 Woodbury,No Result,"Multi Race American Indian/Alaskan Native, White",1,Hispanic/Latinx/Spanish Origins
971 Woodbury,No Result,"Multi Race American Indian/Alaskan Native, White",1,
971 Woodbury,No Result,"Multi Race Asian, White",2,
971 Woodbury,No Result,Multi Race Unknown,1,Hispanic/Latinx/Spanish Origins
971 Woodbury,No Result,Multi Race White,1,
971 Woodbury,No Result,Other ,10,Hispanic/Latinx/Spanish Origins
971 Woodbury,No Result,Unknown ,2,Hispanic/Latinx/Spanish Origins
971 Woodbury,No Result,White ,7,Hispanic/Latinx/Spanish Origins
971 Woodbury,No Result,White ,152,
971 Woodbury,Not Used,American Indian/Alaskan Native ,1,Hispanic/Latinx/Spanish Origins
971 Woodbury,Not Used,American Indian/Alaskan Native ,7,
971 Woodbury,Not Used,Asian ,5,
971 Woodbury,Not Used,Black/African American ,8,
971 Woodbury,Not Used,Hispanic/Latino/Spanish Origins ,1,
971 Woodbury,Not Used,Multi Race American Indian/Alaskan Native,1,Hispanic/Latinx/Spanish Origins
971 Woodbury,Not Used,"Multi Race American Indian/Alaskan Native, Asian, White",1,
971 Woodbury,Not Used,"Multi Race American Indian/Alaskan Native, Other, White",1,Hispanic/Latinx/Spanish Origins
971 Woodbury,Not Used,"Multi Race American Indian/Alaskan Native, White",1,
971 Woodbury,Not Used,"Multi Race Asian, White",3,
971 Woodbury,Not Used,"Multi Race Black/African American, White",2,
971 Woodbury,Not Used,"Multi Race Other, White",1,Hispanic/Latinx/Spanish Origins
971 Woodbury,Not Used,"Multi Race Other, White",1,
971 Woodbury,Not Used,Multi Race White,1,Hispanic/Latinx/Spanish Origins
971 Woodbury,Not Used,Native Hawaiian/Other Pacific Islander ,2,
971 Woodbury,Not Used,Other ,3,
971 Woodbury,Not Used,Other ,11,Hispanic/Latinx/Spanish Origins
971 Woodbury,Not Used,Unknown ,1,
971 Woodbury,Not Used,White ,22,Hispanic/Latinx/Spanish Origins
971 Woodbury,Not Used,White ,404,
971 Woodbury,Peremptory Strike (Defendant/Respondent),American Indian/Alaskan Native ,1,
971 Woodbury,Peremptory Strike (Defendant/Respondent),Asian ,1,Hispanic/Latinx/Spanish Origins
971 Woodbury,Peremptory Strike (Defendant/Respondent),Asian ,2,
971 Woodbury,Peremptory Strike (Defendant/Respondent),Black/African American ,1,
971 Woodbury,Peremptory Strike (Defendant/Respondent),"Multi Race American Indian/Alaskan Native, Asian, White",1,
971 Woodbury,Peremptory Strike (Defendant/Respondent),"Multi Race Asian, White",1,
971 Woodbury,Peremptory Strike (Defendant/Respondent),Other ,1,Hispanic/Latinx/Spanish Origins
971 Woodbury,Peremptory Strike (Defendant/Respondent),Unknown ,1,
971 Woodbury,Peremptory Strike (Defendant/Respondent),White ,6,Hispanic/Latinx/Spanish Origins
971 Woodbury,Peremptory Strike (Defendant/Respondent),White ,140,
971 Woodbury,Peremptory Strike (Plaintiff/Petitioner),American Indian/Alaskan Native ,2,
971 Woodbury,Peremptory Strike (Plaintiff/Petitioner),Black/African American ,6,
971 Woodbury,Peremptory Strike (Plaintiff/Petitioner),Multi Race Other,2,Hispanic/Latinx/Spanish Origins
971 Woodbury,Peremptory Strike (Plaintiff/Petitioner),"Multi Race Other, White",1,Hispanic/Latinx/Spanish Origins
971 Woodbury,Peremptory Strike (Plaintiff/Petitioner),Multi Race White,2,Hispanic/Latinx/Spanish Origins
971 Woodbury,Peremptory Strike (Plaintiff/Petitioner),NOT PROVIDED ,1,Hispanic/Latinx/Spanish Origins
971 Woodbury,Peremptory Strike (Plaintiff/Petitioner),Other ,9,Hispanic/Latinx/Spanish Origins
971 Woodbury,Peremptory Strike (Plaintiff/Petitioner),Other ,1,
971 Woodbury,Peremptory Strike (Plaintiff/Petitioner),White ,126,
971 Woodbury,Peremptory Strike (Plaintiff/Petitioner),White ,6,Hispanic/Latinx/Spanish Origins
981 Worth,Alternate,White ,2,
981 Worth,Challenged For Cause (Defendant/Respondent),White ,3,
981 Worth,Challenged For Cause (Plaintiff/Petitioner),White ,1,
981 Worth,Court,White ,16,
981 Worth,Juror,White ,11,
981 Worth,Juror,White ,1,Hispanic/Latinx/Spanish Origins
981 Worth,Not Used,White ,23,
981 Worth,Not Used,White ,1,Hispanic/Latinx/Spanish Origins
981 Worth,Peremptory Strike (Defendant/Respondent),Unknown ,1,
981 Worth,Peremptory Strike (Defendant/Respondent),White ,6,
981 Worth,Peremptory Strike (Plaintiff/Petitioner),White ,7,
991 Wright,Challenged For Cause (Plaintiff/Petitioner),White ,1,
991 Wright,Court,White ,2,
991 Wright,Juror,White ,13,
991 Wright,Not Used,White ,5,Hispanic/Latinx/Spanish Origins
991 Wright,Not Used,White ,23,
991 Wright,Peremptory Strike (Defendant/Respondent),Asian ,1,
991 Wright,Peremptory Strike (Defendant/Respondent),"Multi Race American Indian/Alaskan Native, White",1,
991 Wright,Peremptory Strike (Defendant/Respondent),White ,3,
991 Wright,Peremptory Strike (Plaintiff/Petitioner),White ,5,